2026-08-09 22:40:21.298 | E-ZZIO CODE RELOCATION ENGINE START
2026-08-09 22:40:30.005 | DRY-RUN terminé — aucune modification
2026-08-09 22:40:45.429 | Execution cancelled by user
2026-08-09 22:40:45.761 | MOVE CANDIDATE | C:\Users\enrik\.cache\codex-runtimes\codex-primary-runtime\dependencies\python\Lib\venv -> G:\AI\E-zzio\.venv
2026-08-09 22:40:45.766 | MOVE CANDIDATE | C:\Users\enrik\.ssh\oracle_ezzio.pub -> G:\AI\E-zzio\runtime\external\oracle_ezzio.pub
2026-08-09 22:40:45.774 | MOVE SUCCESS | C:\Users\enrik\.ssh\oracle_ezzio.pub -> G:\AI\E-zzio\runtime\external\oracle_ezzio.pub
2026-08-09 22:40:45.782 | MOVE CANDIDATE | C:\Users\enrik\Desktop\ezzio_tree.txt -> G:\AI\E-zzio\runtime\external\ezzio_tree.txt
2026-08-09 22:40:45.791 | MOVE SUCCESS | C:\Users\enrik\Desktop\ezzio_tree.txt -> G:\AI\E-zzio\runtime\external\ezzio_tree.txt
2026-08-09 22:40:45.792 | MOVE CANDIDATE | C:\Users\enrik\ezzio_app.py -> G:\AI\E-zzio\runtime\external\ezzio_app.py
2026-08-09 22:40:45.795 | MOVE SUCCESS | C:\Users\enrik\ezzio_app.py -> G:\AI\E-zzio\runtime\external\ezzio_app.py
2026-08-09 22:40:45.795 | MOVE CANDIDATE | C:\Users\enrik\lib\oracle-cli\Lib\site-packages__pycache__ -> G:\AI\E-zzio\runtime\cache__pycache__
2026-08-09 22:40:45.805 | MOVE SUCCESS | C:\Users\enrik\lib\oracle-cli\Lib\site-packages__pycache__ -> G:\AI\E-zzio\runtime\cache__pycache__
2026-08-09 22:40:45.805 | MOVE CANDIDATE | C:\Users\enrik\lib\oracle-cli\Lib\site-packages_distutils_hack__pycache__ -> G:\AI\E-zzio\runtime\cache__pycache__
2026-08-09 22:40:45.807 | MOVE CANDIDATE | C:\Users\enrik\lib\oracle-cli\Lib\site-packages_yaml__pycache__ -> G:\AI\E-zzio\runtime\cache__pycache__
2026-08-09 22:40:45.808 | MOVE CANDIDATE | C:\Users\enrik\lib\oracle-cli\Lib\site-packages\alloy__pycache__ -> G:\AI\E-zzio\runtime\cache__pycache__
2026-08-09 22:40:45.810 | MOVE CANDIDATE | C:\Users\enrik\lib\oracle-cli\Lib\site-packages\arrow__pycache__ -> G:\AI\E-zzio\runtime\cache__pycache__
2026-08-09 22:40:45.811 | MOVE CANDIDATE | C:\Users\enrik\lib\oracle-cli\Lib\site-packages\certifi__pycache__ -> G:\AI\E-zzio\runtime\cache__pycache__
2026-08-09 22:40:45.812 | MOVE CANDIDATE | C:\Users\enrik\lib\oracle-cli\Lib\site-packages\cffi__pycache__ -> G:\AI\E-zzio\runtime\cache__pycache__
2026-08-09 22:40:45.814 | MOVE CANDIDATE | C:\Users\enrik\lib\oracle-cli\Lib\site-packages\click__pycache__ -> G:\AI\E-zzio\runtime\cache__pycache__
2026-08-09 22:40:45.815 | MOVE CANDIDATE | C:\Users\enrik\lib\oracle-cli\Lib\site-packages\colorama__pycache__ -> G:\AI\E-zzio\runtime\cache__pycache__
2026-08-09 22:40:45.817 | MOVE CANDIDATE | C:\Users\enrik\lib\oracle-cli\Lib\site-packages\colorama\tests__pycache__ -> G:\AI\E-zzio\runtime\cache__pycache__
2026-08-09 22:40:45.818 | MOVE CANDIDATE | C:\Users\enrik\lib\oracle-cli\Lib\site-packages\common_util__pycache__ -> G:\AI\E-zzio\runtime\cache__pycache__
2026-08-09 22:40:45.819 | MOVE CANDIDATE | C:\Users\enrik\lib\oracle-cli\Lib\site-packages\crc32c__pycache__ -> G:\AI\E-zzio\runtime\cache__pycache__
2026-08-09 22:40:45.821 | MOVE CANDIDATE | C:\Users\enrik\lib\oracle-cli\Lib\site-packages\cryptography__pycache__ -> G:\AI\E-zzio\runtime\cache__pycache__
2026-08-09 22:40:45.823 | MOVE CANDIDATE | C:\Users\enrik\lib\oracle-cli\Lib\site-packages\cryptography\hazmat__pycache__ -> G:\AI\E-zzio\runtime\cache__pycache__
2026-08-09 22:40:45.824 | MOVE CANDIDATE | C:\Users\enrik\lib\oracle-cli\Lib\site-packages\cryptography\hazmat\asn1__pycache__ -> G:\AI\E-zzio\runtime\cache__pycache__
2026-08-09 22:40:45.827 | MOVE CANDIDATE | C:\Users\enrik\lib\oracle-cli\Lib\site-packages\cryptography\hazmat\backends__pycache__ -> G:\AI\E-zzio\runtime\cache__pycache__
2026-08-09 22:40:45.828 | MOVE CANDIDATE | C:\Users\enrik\lib\oracle-cli\Lib\site-packages\cryptography\hazmat\backends\openssl__pycache__ -> G:\AI\E-zzio\runtime\cache__pycache__
2026-08-09 22:40:45.830 | MOVE CANDIDATE | C:\Users\enrik\lib\oracle-cli\Lib\site-packages\cryptography\hazmat\bindings__pycache__ -> G:\AI\E-zzio\runtime\cache__pycache__
2026-08-09 22:40:45.831 | MOVE CANDIDATE | C:\Users\enrik\lib\oracle-cli\Lib\site-packages\cryptography\hazmat\bindings\openssl__pycache__ -> G:\AI\E-zzio\runtime\cache__pycache__
2026-08-09 22:40:45.833 | MOVE CANDIDATE | C:\Users\enrik\lib\oracle-cli\Lib\site-packages\cryptography\hazmat\decrepit__pycache__ -> G:\AI\E-zzio\runtime\cache__pycache__
2026-08-09 22:40:45.834 | MOVE CANDIDATE | C:\Users\enrik\lib\oracle-cli\Lib\site-packages\cryptography\hazmat\decrepit\ciphers__pycache__ -> G:\AI\E-zzio\runtime\cache__pycache__
2026-08-09 22:40:45.836 | MOVE CANDIDATE | C:\Users\enrik\lib\oracle-cli\Lib\site-packages\cryptography\hazmat\primitives__pycache__ -> G:\AI\E-zzio\runtime\cache__pycache__
2026-08-09 22:40:45.837 | MOVE CANDIDATE | C:\Users\enrik\lib\oracle-cli\Lib\site-packages\cryptography\hazmat\primitives\asymmetric__pycache__ -> G:\AI\E-zzio\runtime\cache__pycache__
2026-08-09 22:40:45.839 | MOVE CANDIDATE | C:\Users\enrik\lib\oracle-cli\Lib\site-packages\cryptography\hazmat\primitives\ciphers__pycache__ -> G:\AI\E-zzio\runtime\cache__pycache__
2026-08-09 22:40:45.840 | MOVE CANDIDATE | C:\Users\enrik\lib\oracle-cli\Lib\site-packages\cryptography\hazmat\primitives\kdf__pycache__ -> G:\AI\E-zzio\runtime\cache__pycache__
2026-08-09 22:40:45.842 | MOVE CANDIDATE | C:\Users\enrik\lib\oracle-cli\Lib\site-packages\cryptography\hazmat\primitives\serialization__pycache__ -> G:\AI\E-zzio\runtime\cache__pycache__
2026-08-09 22:40:45.843 | MOVE CANDIDATE | C:\Users\enrik\lib\oracle-cli\Lib\site-packages\cryptography\hazmat\primitives\twofactor__pycache__ -> G:\AI\E-zzio\runtime\cache__pycache__
2026-08-09 22:40:45.844 | MOVE CANDIDATE | C:\Users\enrik\lib\oracle-cli\Lib\site-packages\cryptography\x509__pycache__ -> G:\AI\E-zzio\runtime\cache__pycache__
2026-08-09 22:40:45.846 | MOVE CANDIDATE | C:\Users\enrik\lib\oracle-cli\Lib\site-packages\dateutil__pycache__ -> G:\AI\E-zzio\runtime\cache__pycache__
2026-08-09 22:40:45.848 | MOVE CANDIDATE | C:\Users\enrik\lib\oracle-cli\Lib\site-packages\dateutil\parser__pycache__ -> G:\AI\E-zzio\runtime\cache__pycache__
2026-08-09 22:40:45.850 | MOVE CANDIDATE | C:\Users\enrik\lib\oracle-cli\Lib\site-packages\dateutil\tz__pycache__ -> G:\AI\E-zzio\runtime\cache__pycache__
2026-08-09 22:40:45.851 | MOVE CANDIDATE | C:\Users\enrik\lib\oracle-cli\Lib\site-packages\dateutil\zoneinfo__pycache__ -> G:\AI\E-zzio\runtime\cache__pycache__
2026-08-09 22:40:45.852 | MOVE CANDIDATE | C:\Users\enrik\lib\oracle-cli\Lib\site-packages\interactive__pycache__ -> G:\AI\E-zzio\runtime\cache__pycache__
2026-08-09 22:40:45.854 | MOVE CANDIDATE | C:\Users\enrik\lib\oracle-cli\Lib\site-packages\jmespath__pycache__ -> G:\AI\E-zzio\runtime\cache__pycache__
2026-08-09 22:40:45.855 | MOVE CANDIDATE | C:\Users\enrik\lib\oracle-cli\Lib\site-packages\jwt__pycache__ -> G:\AI\E-zzio\runtime\cache__pycache__
2026-08-09 22:40:45.857 | MOVE CANDIDATE | C:\Users\enrik\lib\oracle-cli\Lib\site-packages\oci_cli__pycache__ -> G:\AI\E-zzio\runtime\cache__pycache__
2026-08-09 22:40:45.859 | MOVE CANDIDATE | C:\Users\enrik\lib\oracle-cli\Lib\site-packages\oci_cli\aliasing__pycache__ -> G:\AI\E-zzio\runtime\cache__pycache__
2026-08-09 22:40:45.860 | MOVE CANDIDATE | C:\Users\enrik\lib\oracle-cli\Lib\site-packages\oci_cli\custom_types__pycache__ -> G:\AI\E-zzio\runtime\cache__pycache__
2026-08-09 22:40:45.862 | MOVE CANDIDATE | C:\Users\enrik\lib\oracle-cli\Lib\site-packages\oci_cli\file_filters__pycache__ -> G:\AI\E-zzio\runtime\cache__pycache__
2026-08-09 22:40:45.863 | MOVE CANDIDATE | C:\Users\enrik\lib\oracle-cli\Lib\site-packages\oci_cli\help_text_producer__pycache__ -> G:\AI\E-zzio\runtime\cache__pycache__
2026-08-09 22:40:45.865 | MOVE CANDIDATE | C:\Users\enrik\lib\oracle-cli\Lib\site-packages\oci_cli\scripts__pycache__ -> G:\AI\E-zzio\runtime\cache__pycache__
2026-08-09 22:40:45.866 | MOVE CANDIDATE | C:\Users\enrik\lib\oracle-cli\Lib\site-packages\oci_cli\scripts\database__pycache__ -> G:\AI\E-zzio\runtime\cache__pycache__
2026-08-09 22:40:45.868 | MOVE CANDIDATE | C:\Users\enrik\lib\oracle-cli\Lib\site-packages\oci_cli\util__pycache__ -> G:\AI\E-zzio\runtime\cache__pycache__
2026-08-09 22:40:45.869 | MOVE CANDIDATE | C:\Users\enrik\lib\oracle-cli\Lib\site-packages\oci__pycache__ -> G:\AI\E-zzio\runtime\cache__pycache__
2026-08-09 22:40:45.870 | MOVE CANDIDATE | C:\Users\enrik\lib\oracle-cli\Lib\site-packages\oci_vendor__pycache__ -> G:\AI\E-zzio\runtime\cache__pycache__
2026-08-09 22:40:45.872 | MOVE CANDIDATE | C:\Users\enrik\lib\oracle-cli\Lib\site-packages\oci_vendor\chardet__pycache__ -> G:\AI\E-zzio\runtime\cache__pycache__
2026-08-09 22:40:45.873 | MOVE CANDIDATE | C:\Users\enrik\lib\oracle-cli\Lib\site-packages\oci_vendor\chardet\cli__pycache__ -> G:\AI\E-zzio\runtime\cache__pycache__
2026-08-09 22:40:45.875 | MOVE CANDIDATE | C:\Users\enrik\lib\oracle-cli\Lib\site-packages\oci_vendor\chardet\metadata__pycache__ -> G:\AI\E-zzio\runtime\cache__pycache__
2026-08-09 22:40:45.876 | MOVE CANDIDATE | C:\Users\enrik\lib\oracle-cli\Lib\site-packages\oci_vendor\httpsig_cffi__pycache__ -> G:\AI\E-zzio\runtime\cache__pycache__
2026-08-09 22:40:45.878 | MOVE CANDIDATE | C:\Users\enrik\lib\oracle-cli\Lib\site-packages\oci_vendor\idna__pycache__ -> G:\AI\E-zzio\runtime\cache__pycache__
2026-08-09 22:40:45.879 | MOVE CANDIDATE | C:\Users\enrik\lib\oracle-cli\Lib\site-packages\oci_vendor\requests__pycache__ -> G:\AI\E-zzio\runtime\cache__pycache__
2026-08-09 22:40:45.881 | MOVE CANDIDATE | C:\Users\enrik\lib\oracle-cli\Lib\site-packages\oci_vendor\sseclient__pycache__ -> G:\AI\E-zzio\runtime\cache__pycache__
2026-08-09 22:40:45.883 | MOVE CANDIDATE | C:\Users\enrik\lib\oracle-cli\Lib\site-packages\oci\access_governance_cp__pycache__ -> G:\AI\E-zzio\runtime\cache__pycache__
2026-08-09 22:40:45.885 | MOVE CANDIDATE | C:\Users\enrik\lib\oracle-cli\Lib\site-packages\oci\access_governance_cp\models__pycache__ -> G:\AI\E-zzio\runtime\cache__pycache__
2026-08-09 22:40:45.886 | MOVE CANDIDATE | C:\Users\enrik\lib\oracle-cli\Lib\site-packages\oci\addons__pycache__ -> G:\AI\E-zzio\runtime\cache__pycache__
2026-08-09 22:40:45.888 | MOVE CANDIDATE | C:\Users\enrik\lib\oracle-cli\Lib\site-packages\oci\addons\adk__pycache__ -> G:\AI\E-zzio\runtime\cache__pycache__
2026-08-09 22:40:45.890 | MOVE CANDIDATE | C:\Users\enrik\lib\oracle-cli\Lib\site-packages\oci\addons\adk\auth__pycache__ -> G:\AI\E-zzio\runtime\cache__pycache__
2026-08-09 22:40:45.891 | MOVE CANDIDATE | C:\Users\enrik\lib\oracle-cli\Lib\site-packages\oci\addons\adk\auth\oci__pycache__ -> G:\AI\E-zzio\runtime\cache__pycache__
2026-08-09 22:40:45.892 | MOVE CANDIDATE | C:\Users\enrik\lib\oracle-cli\Lib\site-packages\oci\addons\adk\mcp__pycache__ -> G:\AI\E-zzio\runtime\cache__pycache__
2026-08-09 22:40:45.893 | MOVE CANDIDATE | C:\Users\enrik\lib\oracle-cli\Lib\site-packages\oci\addons\adk\run__pycache__ -> G:\AI\E-zzio\runtime\cache__pycache__
2026-08-09 22:40:45.901 | MOVE CANDIDATE | C:\Users\enrik\lib\oracle-cli\Lib\site-packages\oci\addons\adk\tool__pycache__ -> G:\AI\E-zzio\runtime\cache__pycache__
2026-08-09 22:40:45.903 | MOVE CANDIDATE | C:\Users\enrik\lib\oracle-cli\Lib\site-packages\oci\addons\adk\tool\prebuilt__pycache__ -> G:\AI\E-zzio\runtime\cache__pycache__
2026-08-09 22:40:45.904 | MOVE CANDIDATE | C:\Users\enrik\lib\oracle-cli\Lib\site-packages\oci\adm__pycache__ -> G:\AI\E-zzio\runtime\cache__pycache__
2026-08-09 22:40:45.906 | MOVE CANDIDATE | C:\Users\enrik\lib\oracle-cli\Lib\site-packages\oci\adm\models__pycache__ -> G:\AI\E-zzio\runtime\cache__pycache__
2026-08-09 22:40:45.907 | MOVE CANDIDATE | C:\Users\enrik\lib\oracle-cli\Lib\site-packages\oci\ai_data_platform__pycache__ -> G:\AI\E-zzio\runtime\cache__pycache__
2026-08-09 22:40:45.909 | MOVE CANDIDATE | C:\Users\enrik\lib\oracle-cli\Lib\site-packages\oci\ai_data_platform\models__pycache__ -> G:\AI\E-zzio\runtime\cache__pycache__
2026-08-09 22:40:45.910 | MOVE CANDIDATE | C:\Users\enrik\lib\oracle-cli\Lib\site-packages\oci\ai_document__pycache__ -> G:\AI\E-zzio\runtime\cache__pycache__
2026-08-09 22:40:45.911 | MOVE CANDIDATE | C:\Users\enrik\lib\oracle-cli\Lib\site-packages\oci\ai_document\models__pycache__ -> G:\AI\E-zzio\runtime\cache__pycache__
2026-08-09 22:40:45.913 | MOVE CANDIDATE | C:\Users\enrik\lib\oracle-cli\Lib\site-packages\oci\ai_language__pycache__ -> G:\AI\E-zzio\runtime\cache__pycache__
2026-08-09 22:40:45.914 | MOVE CANDIDATE | C:\Users\enrik\lib\oracle-cli\Lib\site-packages\oci\ai_language\models__pycache__ -> G:\AI\E-zzio\runtime\cache__pycache__
2026-08-09 22:40:45.916 | MOVE CANDIDATE | C:\Users\enrik\lib\oracle-cli\Lib\site-packages\oci\ai_speech__pycache__ -> G:\AI\E-zzio\runtime\cache__pycache__
2026-08-09 22:40:45.918 | MOVE CANDIDATE | C:\Users\enrik\lib\oracle-cli\Lib\site-packages\oci\ai_speech\models__pycache__ -> G:\AI\E-zzio\runtime\cache__pycache__
2026-08-09 22:40:45.920 | MOVE CANDIDATE | C:\Users\enrik\lib\oracle-cli\Lib\site-packages\oci\ai_vision__pycache__ -> G:\AI\E-zzio\runtime\cache__pycache__
2026-08-09 22:40:45.921 | MOVE CANDIDATE | C:\Users\enrik\lib\oracle-cli\Lib\site-packages\oci\ai_vision\models__pycache__ -> G:\AI\E-zzio\runtime\cache__pycache__
2026-08-09 22:40:45.923 | MOVE CANDIDATE | C:\Users\enrik\lib\oracle-cli\Lib\site-packages\oci\analytics__pycache__ -> G:\AI\E-zzio\runtime\cache__pycache__
2026-08-09 22:40:45.924 | MOVE CANDIDATE | C:\Users\enrik\lib\oracle-cli\Lib\site-packages\oci\analytics\models__pycache__ -> G:\AI\E-zzio\runtime\cache__pycache__
2026-08-09 22:40:45.926 | MOVE CANDIDATE | C:\Users\enrik\lib\oracle-cli\Lib\site-packages\oci\announcements_service__pycache__ -> G:\AI\E-zzio\runtime\cache__pycache__
2026-08-09 22:40:45.927 | MOVE CANDIDATE | C:\Users\enrik\lib\oracle-cli\Lib\site-packages\oci\announcements_service\models__pycache__ -> G:\AI\E-zzio\runtime\cache__pycache__
2026-08-09 22:40:45.929 | MOVE CANDIDATE | C:\Users\enrik\lib\oracle-cli\Lib\site-packages\oci\api_platform__pycache__ -> G:\AI\E-zzio\runtime\cache__pycache__
2026-08-09 22:40:45.930 | MOVE CANDIDATE | C:\Users\enrik\lib\oracle-cli\Lib\site-packages\oci\api_platform\models__pycache__ -> G:\AI\E-zzio\runtime\cache__pycache__
2026-08-09 22:40:45.932 | MOVE CANDIDATE | C:\Users\enrik\lib\oracle-cli\Lib\site-packages\oci\apiaccesscontrol__pycache__ -> G:\AI\E-zzio\runtime\cache__pycache__
2026-08-09 22:40:45.933 | MOVE CANDIDATE | C:\Users\enrik\lib\oracle-cli\Lib\site-packages\oci\apiaccesscontrol\models__pycache__ -> G:\AI\E-zzio\runtime\cache__pycache__
2026-08-09 22:40:45.935 | MOVE CANDIDATE | C:\Users\enrik\lib\oracle-cli\Lib\site-packages\oci\apigateway__pycache__ -> G:\AI\E-zzio\runtime\cache__pycache__
2026-08-09 22:40:45.936 | MOVE CANDIDATE | C:\Users\enrik\lib\oracle-cli\Lib\site-packages\oci\apigateway\models__pycache__ -> G:\AI\E-zzio\runtime\cache__pycache__
2026-08-09 22:40:45.938 | MOVE CANDIDATE | C:\Users\enrik\lib\oracle-cli\Lib\site-packages\oci\apm_config__pycache__ -> G:\AI\E-zzio\runtime\cache__pycache__
2026-08-09 22:40:45.939 | MOVE CANDIDATE | C:\Users\enrik\lib\oracle-cli\Lib\site-packages\oci\apm_config\models__pycache__ -> G:\AI\E-zzio\runtime\cache__pycache__
2026-08-09 22:40:45.941 | MOVE CANDIDATE | C:\Users\enrik\lib\oracle-cli\Lib\site-packages\oci\apm_control_plane__pycache__ -> G:\AI\E-zzio\runtime\cache__pycache__
2026-08-09 22:40:45.942 | MOVE CANDIDATE | C:\Users\enrik\lib\oracle-cli\Lib\site-packages\oci\apm_control_plane\models__pycache__ -> G:\AI\E-zzio\runtime\cache__pycache__
2026-08-09 22:40:45.944 | MOVE CANDIDATE | C:\Users\enrik\lib\oracle-cli\Lib\site-packages\oci\apm_synthetics__pycache__ -> G:\AI\E-zzio\runtime\cache__pycache__
2026-08-09 22:40:45.946 | MOVE CANDIDATE | C:\Users\enrik\lib\oracle-cli\Lib\site-packages\oci\apm_synthetics\models__pycache__ -> G:\AI\E-zzio\runtime\cache__pycache__
2026-08-09 22:40:45.947 | MOVE CANDIDATE | C:\Users\enrik\lib\oracle-cli\Lib\site-packages\oci\apm_traces__pycache__ -> G:\AI\E-zzio\runtime\cache__pycache__
2026-08-09 22:40:45.948 | MOVE CANDIDATE | C:\Users\enrik\lib\oracle-cli\Lib\site-packages\oci\apm_traces\models__pycache__ -> G:\AI\E-zzio\runtime\cache__pycache__
2026-08-09 22:40:45.950 | MOVE CANDIDATE | C:\Users\enrik\lib\oracle-cli\Lib\site-packages\oci\appmgmt_control__pycache__ -> G:\AI\E-zzio\runtime\cache__pycache__
2026-08-09 22:40:45.951 | MOVE CANDIDATE | C:\Users\enrik\lib\oracle-cli\Lib\site-packages\oci\appmgmt_control\models__pycache__ -> G:\AI\E-zzio\runtime\cache__pycache__
2026-08-09 22:40:45.953 | MOVE CANDIDATE | C:\Users\enrik\lib\oracle-cli\Lib\site-packages\oci\artifacts__pycache__ -> G:\AI\E-zzio\runtime\cache__pycache__
2026-08-09 22:40:45.954 | MOVE CANDIDATE | C:\Users\enrik\lib\oracle-cli\Lib\site-packages\oci\artifacts\models__pycache__ -> G:\AI\E-zzio\runtime\cache__pycache__
2026-08-09 22:40:45.956 | MOVE CANDIDATE | C:\Users\enrik\lib\oracle-cli\Lib\site-packages\oci\audit__pycache__ -> G:\AI\E-zzio\runtime\cache__pycache__
2026-08-09 22:40:45.957 | MOVE CANDIDATE | C:\Users\enrik\lib\oracle-cli\Lib\site-packages\oci\audit\models__pycache__ -> G:\AI\E-zzio\runtime\cache__pycache__
2026-08-09 22:40:45.958 | MOVE CANDIDATE | C:\Users\enrik\lib\oracle-cli\Lib\site-packages\oci\auth__pycache__ -> G:\AI\E-zzio\runtime\cache__pycache__
2026-08-09 22:40:45.960 | MOVE CANDIDATE | C:\Users\enrik\lib\oracle-cli\Lib\site-packages\oci\auth\signers__pycache__ -> G:\AI\E-zzio\runtime\cache__pycache__
2026-08-09 22:40:45.961 | MOVE CANDIDATE | C:\Users\enrik\lib\oracle-cli\Lib\site-packages\oci\autoscaling__pycache__ -> G:\AI\E-zzio\runtime\cache__pycache__
2026-08-09 22:40:45.962 | MOVE CANDIDATE | C:\Users\enrik\lib\oracle-cli\Lib\site-packages\oci\autoscaling\models__pycache__ -> G:\AI\E-zzio\runtime\cache__pycache__
2026-08-09 22:40:45.963 | MOVE CANDIDATE | C:\Users\enrik\lib\oracle-cli\Lib\site-packages\oci\bastion__pycache__ -> G:\AI\E-zzio\runtime\cache__pycache__
2026-08-09 22:40:45.965 | MOVE CANDIDATE | C:\Users\enrik\lib\oracle-cli\Lib\site-packages\oci\bastion\models__pycache__ -> G:\AI\E-zzio\runtime\cache__pycache__
2026-08-09 22:40:45.966 | MOVE CANDIDATE | C:\Users\enrik\lib\oracle-cli\Lib\site-packages\oci\batch__pycache__ -> G:\AI\E-zzio\runtime\cache__pycache__
2026-08-09 22:40:45.967 | MOVE CANDIDATE | C:\Users\enrik\lib\oracle-cli\Lib\site-packages\oci\batch\models__pycache__ -> G:\AI\E-zzio\runtime\cache__pycache__
2026-08-09 22:40:45.969 | MOVE CANDIDATE | C:\Users\enrik\lib\oracle-cli\Lib\site-packages\oci\bds__pycache__ -> G:\AI\E-zzio\runtime\cache__pycache__
2026-08-09 22:40:45.970 | MOVE CANDIDATE | C:\Users\enrik\lib\oracle-cli\Lib\site-packages\oci\bds\models__pycache__ -> G:\AI\E-zzio\runtime\cache__pycache__
2026-08-09 22:40:45.971 | MOVE CANDIDATE | C:\Users\enrik\lib\oracle-cli\Lib\site-packages\oci\blockchain__pycache__ -> G:\AI\E-zzio\runtime\cache__pycache__
2026-08-09 22:40:45.972 | MOVE CANDIDATE | C:\Users\enrik\lib\oracle-cli\Lib\site-packages\oci\blockchain\models__pycache__ -> G:\AI\E-zzio\runtime\cache__pycache__
2026-08-09 22:40:45.974 | MOVE CANDIDATE | C:\Users\enrik\lib\oracle-cli\Lib\site-packages\oci\budget__pycache__ -> G:\AI\E-zzio\runtime\cache__pycache__
2026-08-09 22:40:45.975 | MOVE CANDIDATE | C:\Users\enrik\lib\oracle-cli\Lib\site-packages\oci\budget\models__pycache__ -> G:\AI\E-zzio\runtime\cache__pycache__
2026-08-09 22:40:45.976 | MOVE CANDIDATE | C:\Users\enrik\lib\oracle-cli\Lib\site-packages\oci\capacity_management__pycache__ -> G:\AI\E-zzio\runtime\cache__pycache__
2026-08-09 22:40:45.977 | MOVE CANDIDATE | C:\Users\enrik\lib\oracle-cli\Lib\site-packages\oci\capacity_management\models__pycache__ -> G:\AI\E-zzio\runtime\cache__pycache__
2026-08-09 22:40:45.978 | MOVE CANDIDATE | C:\Users\enrik\lib\oracle-cli\Lib\site-packages\oci\certificates_management__pycache__ -> G:\AI\E-zzio\runtime\cache__pycache__
2026-08-09 22:40:45.980 | MOVE CANDIDATE | C:\Users\enrik\lib\oracle-cli\Lib\site-packages\oci\certificates_management\models__pycache__ -> G:\AI\E-zzio\runtime\cache__pycache__
2026-08-09 22:40:45.981 | MOVE CANDIDATE | C:\Users\enrik\lib\oracle-cli\Lib\site-packages\oci\certificates__pycache__ -> G:\AI\E-zzio\runtime\cache__pycache__
2026-08-09 22:40:45.982 | MOVE CANDIDATE | C:\Users\enrik\lib\oracle-cli\Lib\site-packages\oci\certificates\models__pycache__ -> G:\AI\E-zzio\runtime\cache__pycache__
2026-08-09 22:40:45.984 | MOVE CANDIDATE | C:\Users\enrik\lib\oracle-cli\Lib\site-packages\oci\cims__pycache__ -> G:\AI\E-zzio\runtime\cache__pycache__
2026-08-09 22:40:45.985 | MOVE CANDIDATE | C:\Users\enrik\lib\oracle-cli\Lib\site-packages\oci\cims\models__pycache__ -> G:\AI\E-zzio\runtime\cache__pycache__
2026-08-09 22:40:45.986 | MOVE CANDIDATE | C:\Users\enrik\lib\oracle-cli\Lib\site-packages\oci\circuit_breaker__pycache__ -> G:\AI\E-zzio\runtime\cache__pycache__
2026-08-09 22:40:45.988 | MOVE CANDIDATE | C:\Users\enrik\lib\oracle-cli\Lib\site-packages\oci\cloud_bridge__pycache__ -> G:\AI\E-zzio\runtime\cache__pycache__
2026-08-09 22:40:45.989 | MOVE CANDIDATE | C:\Users\enrik\lib\oracle-cli\Lib\site-packages\oci\cloud_bridge\models__pycache__ -> G:\AI\E-zzio\runtime\cache__pycache__
2026-08-09 22:40:45.990 | MOVE CANDIDATE | C:\Users\enrik\lib\oracle-cli\Lib\site-packages\oci\cloud_guard__pycache__ -> G:\AI\E-zzio\runtime\cache__pycache__
2026-08-09 22:40:45.991 | MOVE CANDIDATE | C:\Users\enrik\lib\oracle-cli\Lib\site-packages\oci\cloud_guard\models__pycache__ -> G:\AI\E-zzio\runtime\cache__pycache__
2026-08-09 22:40:45.992 | MOVE CANDIDATE | C:\Users\enrik\lib\oracle-cli\Lib\site-packages\oci\cloud_migrations__pycache__ -> G:\AI\E-zzio\runtime\cache__pycache__
2026-08-09 22:40:45.993 | MOVE CANDIDATE | C:\Users\enrik\lib\oracle-cli\Lib\site-packages\oci\cloud_migrations\models__pycache__ -> G:\AI\E-zzio\runtime\cache__pycache__
2026-08-09 22:40:45.995 | MOVE CANDIDATE | C:\Users\enrik\lib\oracle-cli\Lib\site-packages\oci\cluster_placement_groups__pycache__ -> G:\AI\E-zzio\runtime\cache__pycache__
2026-08-09 22:40:45.996 | MOVE CANDIDATE | C:\Users\enrik\lib\oracle-cli\Lib\site-packages\oci\cluster_placement_groups\models__pycache__ -> G:\AI\E-zzio\runtime\cache__pycache__
2026-08-09 22:40:45.998 | MOVE CANDIDATE | C:\Users\enrik\lib\oracle-cli\Lib\site-packages\oci\compute_cloud_at_customer__pycache__ -> G:\AI\E-zzio\runtime\cache__pycache__
2026-08-09 22:40:46.006 | MOVE CANDIDATE | C:\Users\enrik\lib\oracle-cli\Lib\site-packages\oci\compute_cloud_at_customer\models__pycache__ -> G:\AI\E-zzio\runtime\cache__pycache__
2026-08-09 22:40:46.007 | MOVE CANDIDATE | C:\Users\enrik\lib\oracle-cli\Lib\site-packages\oci\compute_instance_agent__pycache__ -> G:\AI\E-zzio\runtime\cache__pycache__
2026-08-09 22:40:46.008 | MOVE CANDIDATE | C:\Users\enrik\lib\oracle-cli\Lib\site-packages\oci\compute_instance_agent\models__pycache__ -> G:\AI\E-zzio\runtime\cache__pycache__
2026-08-09 22:40:46.009 | MOVE CANDIDATE | C:\Users\enrik\lib\oracle-cli\Lib\site-packages\oci\container_engine__pycache__ -> G:\AI\E-zzio\runtime\cache__pycache__
2026-08-09 22:40:46.010 | MOVE CANDIDATE | C:\Users\enrik\lib\oracle-cli\Lib\site-packages\oci\container_engine\models__pycache__ -> G:\AI\E-zzio\runtime\cache__pycache__
2026-08-09 22:40:46.012 | MOVE CANDIDATE | C:\Users\enrik\lib\oracle-cli\Lib\site-packages\oci\container_instances__pycache__ -> G:\AI\E-zzio\runtime\cache__pycache__
2026-08-09 22:40:46.013 | MOVE CANDIDATE | C:\Users\enrik\lib\oracle-cli\Lib\site-packages\oci\container_instances\models__pycache__ -> G:\AI\E-zzio\runtime\cache__pycache__
2026-08-09 22:40:46.014 | MOVE CANDIDATE | C:\Users\enrik\lib\oracle-cli\Lib\site-packages\oci\container_registry__pycache__ -> G:\AI\E-zzio\runtime\cache__pycache__
2026-08-09 22:40:46.016 | MOVE CANDIDATE | C:\Users\enrik\lib\oracle-cli\Lib\site-packages\oci\container_registry\models__pycache__ -> G:\AI\E-zzio\runtime\cache__pycache__
2026-08-09 22:40:46.017 | MOVE CANDIDATE | C:\Users\enrik\lib\oracle-cli\Lib\site-packages\oci\core__pycache__ -> G:\AI\E-zzio\runtime\cache__pycache__
2026-08-09 22:40:46.018 | MOVE CANDIDATE | C:\Users\enrik\lib\oracle-cli\Lib\site-packages\oci\core\models__pycache__ -> G:\AI\E-zzio\runtime\cache__pycache__
2026-08-09 22:40:46.020 | MOVE CANDIDATE | C:\Users\enrik\lib\oracle-cli\Lib\site-packages\oci\costad__pycache__ -> G:\AI\E-zzio\runtime\cache__pycache__
2026-08-09 22:40:46.021 | MOVE CANDIDATE | C:\Users\enrik\lib\oracle-cli\Lib\site-packages\oci\costad\models__pycache__ -> G:\AI\E-zzio\runtime\cache__pycache__
2026-08-09 22:40:46.022 | MOVE CANDIDATE | C:\Users\enrik\lib\oracle-cli\Lib\site-packages\oci\dashboard_service__pycache__ -> G:\AI\E-zzio\runtime\cache__pycache__
2026-08-09 22:40:46.024 | MOVE CANDIDATE | C:\Users\enrik\lib\oracle-cli\Lib\site-packages\oci\dashboard_service\models__pycache__ -> G:\AI\E-zzio\runtime\cache__pycache__
2026-08-09 22:40:46.025 | MOVE CANDIDATE | C:\Users\enrik\lib\oracle-cli\Lib\site-packages\oci\data_catalog__pycache__ -> G:\AI\E-zzio\runtime\cache__pycache__
2026-08-09 22:40:46.027 | MOVE CANDIDATE | C:\Users\enrik\lib\oracle-cli\Lib\site-packages\oci\data_catalog\models__pycache__ -> G:\AI\E-zzio\runtime\cache__pycache__
2026-08-09 22:40:46.028 | MOVE CANDIDATE | C:\Users\enrik\lib\oracle-cli\Lib\site-packages\oci\data_flow__pycache__ -> G:\AI\E-zzio\runtime\cache__pycache__
2026-08-09 22:40:46.029 | MOVE CANDIDATE | C:\Users\enrik\lib\oracle-cli\Lib\site-packages\oci\data_flow\models__pycache__ -> G:\AI\E-zzio\runtime\cache__pycache__
2026-08-09 22:40:46.031 | MOVE CANDIDATE | C:\Users\enrik\lib\oracle-cli\Lib\site-packages\oci\data_integration__pycache__ -> G:\AI\E-zzio\runtime\cache__pycache__
2026-08-09 22:40:46.032 | MOVE CANDIDATE | C:\Users\enrik\lib\oracle-cli\Lib\site-packages\oci\data_integration\models__pycache__ -> G:\AI\E-zzio\runtime\cache__pycache__
2026-08-09 22:40:46.033 | MOVE CANDIDATE | C:\Users\enrik\lib\oracle-cli\Lib\site-packages\oci\data_labeling_service_dataplane__pycache__ -> G:\AI\E-zzio\runtime\cache__pycache__
2026-08-09 22:40:46.034 | MOVE CANDIDATE | C:\Users\enrik\lib\oracle-cli\Lib\site-packages\oci\data_labeling_service_dataplane\models__pycache__ -> G:\AI\E-zzio\runtime\cache__pycache__
2026-08-09 22:40:46.036 | MOVE CANDIDATE | C:\Users\enrik\lib\oracle-cli\Lib\site-packages\oci\data_labeling_service__pycache__ -> G:\AI\E-zzio\runtime\cache__pycache__
2026-08-09 22:40:46.037 | MOVE CANDIDATE | C:\Users\enrik\lib\oracle-cli\Lib\site-packages\oci\data_labeling_service\models__pycache__ -> G:\AI\E-zzio\runtime\cache__pycache__
2026-08-09 22:40:46.038 | MOVE CANDIDATE | C:\Users\enrik\lib\oracle-cli\Lib\site-packages\oci\data_safe__pycache__ -> G:\AI\E-zzio\runtime\cache__pycache__
2026-08-09 22:40:46.039 | MOVE CANDIDATE | C:\Users\enrik\lib\oracle-cli\Lib\site-packages\oci\data_safe\models__pycache__ -> G:\AI\E-zzio\runtime\cache__pycache__
2026-08-09 22:40:46.040 | MOVE CANDIDATE | C:\Users\enrik\lib\oracle-cli\Lib\site-packages\oci\data_science__pycache__ -> G:\AI\E-zzio\runtime\cache__pycache__
2026-08-09 22:40:46.042 | MOVE CANDIDATE | C:\Users\enrik\lib\oracle-cli\Lib\site-packages\oci\data_science\models__pycache__ -> G:\AI\E-zzio\runtime\cache__pycache__
2026-08-09 22:40:46.043 | MOVE CANDIDATE | C:\Users\enrik\lib\oracle-cli\Lib\site-packages\oci\database_management__pycache__ -> G:\AI\E-zzio\runtime\cache__pycache__
2026-08-09 22:40:46.045 | MOVE CANDIDATE | C:\Users\enrik\lib\oracle-cli\Lib\site-packages\oci\database_management\models__pycache__ -> G:\AI\E-zzio\runtime\cache__pycache__
2026-08-09 22:40:46.046 | MOVE CANDIDATE | C:\Users\enrik\lib\oracle-cli\Lib\site-packages\oci\database_migration__pycache__ -> G:\AI\E-zzio\runtime\cache__pycache__
2026-08-09 22:40:46.047 | MOVE CANDIDATE | C:\Users\enrik\lib\oracle-cli\Lib\site-packages\oci\database_migration\models__pycache__ -> G:\AI\E-zzio\runtime\cache__pycache__
2026-08-09 22:40:46.048 | MOVE CANDIDATE | C:\Users\enrik\lib\oracle-cli\Lib\site-packages\oci\database_tools_runtime__pycache__ -> G:\AI\E-zzio\runtime\cache__pycache__
2026-08-09 22:40:46.050 | MOVE CANDIDATE | C:\Users\enrik\lib\oracle-cli\Lib\site-packages\oci\database_tools_runtime\models__pycache__ -> G:\AI\E-zzio\runtime\cache__pycache__
2026-08-09 22:40:46.051 | MOVE CANDIDATE | C:\Users\enrik\lib\oracle-cli\Lib\site-packages\oci\database_tools__pycache__ -> G:\AI\E-zzio\runtime\cache__pycache__
2026-08-09 22:40:46.052 | MOVE CANDIDATE | C:\Users\enrik\lib\oracle-cli\Lib\site-packages\oci\database_tools\models__pycache__ -> G:\AI\E-zzio\runtime\cache__pycache__
2026-08-09 22:40:46.053 | MOVE CANDIDATE | C:\Users\enrik\lib\oracle-cli\Lib\site-packages\oci\database__pycache__ -> G:\AI\E-zzio\runtime\cache__pycache__
2026-08-09 22:40:46.055 | MOVE CANDIDATE | C:\Users\enrik\lib\oracle-cli\Lib\site-packages\oci\database\models__pycache__ -> G:\AI\E-zzio\runtime\cache__pycache__
2026-08-09 22:40:46.056 | MOVE CANDIDATE | C:\Users\enrik\lib\oracle-cli\Lib\site-packages\oci\datacc__pycache__ -> G:\AI\E-zzio\runtime\cache__pycache__
2026-08-09 22:40:46.057 | MOVE CANDIDATE | C:\Users\enrik\lib\oracle-cli\Lib\site-packages\oci\datacc\models__pycache__ -> G:\AI\E-zzio\runtime\cache__pycache__
2026-08-09 22:40:46.058 | MOVE CANDIDATE | C:\Users\enrik\lib\oracle-cli\Lib\site-packages\oci\dblm__pycache__ -> G:\AI\E-zzio\runtime\cache__pycache__
2026-08-09 22:40:46.060 | MOVE CANDIDATE | C:\Users\enrik\lib\oracle-cli\Lib\site-packages\oci\dblm\models__pycache__ -> G:\AI\E-zzio\runtime\cache__pycache__
2026-08-09 22:40:46.061 | MOVE CANDIDATE | C:\Users\enrik\lib\oracle-cli\Lib\site-packages\oci\dbmulticloud__pycache__ -> G:\AI\E-zzio\runtime\cache__pycache__
2026-08-09 22:40:46.062 | MOVE CANDIDATE | C:\Users\enrik\lib\oracle-cli\Lib\site-packages\oci\dbmulticloud\models__pycache__ -> G:\AI\E-zzio\runtime\cache__pycache__
2026-08-09 22:40:46.063 | MOVE CANDIDATE | C:\Users\enrik\lib\oracle-cli\Lib\site-packages\oci\delegate_access_control__pycache__ -> G:\AI\E-zzio\runtime\cache__pycache__
2026-08-09 22:40:46.065 | MOVE CANDIDATE | C:\Users\enrik\lib\oracle-cli\Lib\site-packages\oci\delegate_access_control\models__pycache__ -> G:\AI\E-zzio\runtime\cache__pycache__
2026-08-09 22:40:46.066 | MOVE CANDIDATE | C:\Users\enrik\lib\oracle-cli\Lib\site-packages\oci\demand_signal__pycache__ -> G:\AI\E-zzio\runtime\cache__pycache__
2026-08-09 22:40:46.067 | MOVE CANDIDATE | C:\Users\enrik\lib\oracle-cli\Lib\site-packages\oci\demand_signal\models__pycache__ -> G:\AI\E-zzio\runtime\cache__pycache__
2026-08-09 22:40:46.069 | MOVE CANDIDATE | C:\Users\enrik\lib\oracle-cli\Lib\site-packages\oci\desktops__pycache__ -> G:\AI\E-zzio\runtime\cache__pycache__
2026-08-09 22:40:46.070 | MOVE CANDIDATE | C:\Users\enrik\lib\oracle-cli\Lib\site-packages\oci\desktops\models__pycache__ -> G:\AI\E-zzio\runtime\cache__pycache__
2026-08-09 22:40:46.071 | MOVE CANDIDATE | C:\Users\enrik\lib\oracle-cli\Lib\site-packages\oci\devops__pycache__ -> G:\AI\E-zzio\runtime\cache__pycache__
2026-08-09 22:40:46.073 | MOVE CANDIDATE | C:\Users\enrik\lib\oracle-cli\Lib\site-packages\oci\devops\models__pycache__ -> G:\AI\E-zzio\runtime\cache__pycache__
2026-08-09 22:40:46.074 | MOVE CANDIDATE | C:\Users\enrik\lib\oracle-cli\Lib\site-packages\oci\dif__pycache__ -> G:\AI\E-zzio\runtime\cache__pycache__
2026-08-09 22:40:46.075 | MOVE CANDIDATE | C:\Users\enrik\lib\oracle-cli\Lib\site-packages\oci\dif\models__pycache__ -> G:\AI\E-zzio\runtime\cache__pycache__
2026-08-09 22:40:46.077 | MOVE CANDIDATE | C:\Users\enrik\lib\oracle-cli\Lib\site-packages\oci\disaster_recovery__pycache__ -> G:\AI\E-zzio\runtime\cache__pycache__
2026-08-09 22:40:46.078 | MOVE CANDIDATE | C:\Users\enrik\lib\oracle-cli\Lib\site-packages\oci\disaster_recovery\models__pycache__ -> G:\AI\E-zzio\runtime\cache__pycache__
2026-08-09 22:40:46.079 | MOVE CANDIDATE | C:\Users\enrik\lib\oracle-cli\Lib\site-packages\oci\distributed_database__pycache__ -> G:\AI\E-zzio\runtime\cache__pycache__
2026-08-09 22:40:46.080 | MOVE CANDIDATE | C:\Users\enrik\lib\oracle-cli\Lib\site-packages\oci\distributed_database\models__pycache__ -> G:\AI\E-zzio\runtime\cache__pycache__
2026-08-09 22:40:46.082 | MOVE CANDIDATE | C:\Users\enrik\lib\oracle-cli\Lib\site-packages\oci\dns__pycache__ -> G:\AI\E-zzio\runtime\cache__pycache__
2026-08-09 22:40:46.083 | MOVE CANDIDATE | C:\Users\enrik\lib\oracle-cli\Lib\site-packages\oci\dns\models__pycache__ -> G:\AI\E-zzio\runtime\cache__pycache__
2026-08-09 22:40:46.085 | MOVE CANDIDATE | C:\Users\enrik\lib\oracle-cli\Lib\site-packages\oci\em_warehouse__pycache__ -> G:\AI\E-zzio\runtime\cache__pycache__
2026-08-09 22:40:46.086 | MOVE CANDIDATE | C:\Users\enrik\lib\oracle-cli\Lib\site-packages\oci\em_warehouse\models__pycache__ -> G:\AI\E-zzio\runtime\cache__pycache__
2026-08-09 22:40:46.087 | MOVE CANDIDATE | C:\Users\enrik\lib\oracle-cli\Lib\site-packages\oci\email_data_plane__pycache__ -> G:\AI\E-zzio\runtime\cache__pycache__
2026-08-09 22:40:46.089 | MOVE CANDIDATE | C:\Users\enrik\lib\oracle-cli\Lib\site-packages\oci\email_data_plane\models__pycache__ -> G:\AI\E-zzio\runtime\cache__pycache__
2026-08-09 22:40:46.091 | MOVE CANDIDATE | C:\Users\enrik\lib\oracle-cli\Lib\site-packages\oci\email__pycache__ -> G:\AI\E-zzio\runtime\cache__pycache__
2026-08-09 22:40:46.092 | MOVE CANDIDATE | C:\Users\enrik\lib\oracle-cli\Lib\site-packages\oci\email\models__pycache__ -> G:\AI\E-zzio\runtime\cache__pycache__
2026-08-09 22:40:46.093 | MOVE CANDIDATE | C:\Users\enrik\lib\oracle-cli\Lib\site-packages\oci\encryption__pycache__ -> G:\AI\E-zzio\runtime\cache__pycache__
2026-08-09 22:40:46.094 | MOVE CANDIDATE | C:\Users\enrik\lib\oracle-cli\Lib\site-packages\oci\encryption\internal__pycache__ -> G:\AI\E-zzio\runtime\cache__pycache__
2026-08-09 22:40:46.096 | MOVE CANDIDATE | C:\Users\enrik\lib\oracle-cli\Lib\site-packages\oci\events__pycache__ -> G:\AI\E-zzio\runtime\cache__pycache__
2026-08-09 22:40:46.097 | MOVE CANDIDATE | C:\Users\enrik\lib\oracle-cli\Lib\site-packages\oci\events\models__pycache__ -> G:\AI\E-zzio\runtime\cache__pycache__
2026-08-09 22:40:46.102 | MOVE CANDIDATE | C:\Users\enrik\lib\oracle-cli\Lib\site-packages\oci\file_storage__pycache__ -> G:\AI\E-zzio\runtime\cache__pycache__
2026-08-09 22:40:46.103 | MOVE CANDIDATE | C:\Users\enrik\lib\oracle-cli\Lib\site-packages\oci\file_storage\models__pycache__ -> G:\AI\E-zzio\runtime\cache__pycache__
2026-08-09 22:40:46.105 | MOVE CANDIDATE | C:\Users\enrik\lib\oracle-cli\Lib\site-packages\oci\fleet_apps_management__pycache__ -> G:\AI\E-zzio\runtime\cache__pycache__
2026-08-09 22:40:46.107 | MOVE CANDIDATE | C:\Users\enrik\lib\oracle-cli\Lib\site-packages\oci\fleet_apps_management\models__pycache__ -> G:\AI\E-zzio\runtime\cache__pycache__
2026-08-09 22:40:46.108 | MOVE CANDIDATE | C:\Users\enrik\lib\oracle-cli\Lib\site-packages\oci\fleet_software_update__pycache__ -> G:\AI\E-zzio\runtime\cache__pycache__
2026-08-09 22:40:46.109 | MOVE CANDIDATE | C:\Users\enrik\lib\oracle-cli\Lib\site-packages\oci\fleet_software_update\models__pycache__ -> G:\AI\E-zzio\runtime\cache__pycache__
2026-08-09 22:40:46.110 | MOVE CANDIDATE | C:\Users\enrik\lib\oracle-cli\Lib\site-packages\oci\functions__pycache__ -> G:\AI\E-zzio\runtime\cache__pycache__
2026-08-09 22:40:46.112 | MOVE CANDIDATE | C:\Users\enrik\lib\oracle-cli\Lib\site-packages\oci\functions\models__pycache__ -> G:\AI\E-zzio\runtime\cache__pycache__
2026-08-09 22:40:46.113 | MOVE CANDIDATE | C:\Users\enrik\lib\oracle-cli\Lib\site-packages\oci\fusion_apps__pycache__ -> G:\AI\E-zzio\runtime\cache__pycache__
2026-08-09 22:40:46.114 | MOVE CANDIDATE | C:\Users\enrik\lib\oracle-cli\Lib\site-packages\oci\fusion_apps\models__pycache__ -> G:\AI\E-zzio\runtime\cache__pycache__
2026-08-09 22:40:46.116 | MOVE CANDIDATE | C:\Users\enrik\lib\oracle-cli\Lib\site-packages\oci\gdp__pycache__ -> G:\AI\E-zzio\runtime\cache__pycache__
2026-08-09 22:40:46.117 | MOVE CANDIDATE | C:\Users\enrik\lib\oracle-cli\Lib\site-packages\oci\gdp\models__pycache__ -> G:\AI\E-zzio\runtime\cache__pycache__
2026-08-09 22:40:46.119 | MOVE CANDIDATE | C:\Users\enrik\lib\oracle-cli\Lib\site-packages\oci\generative_ai_agent_runtime__pycache__ -> G:\AI\E-zzio\runtime\cache__pycache__
2026-08-09 22:40:46.121 | MOVE CANDIDATE | C:\Users\enrik\lib\oracle-cli\Lib\site-packages\oci\generative_ai_agent_runtime\models__pycache__ -> G:\AI\E-zzio\runtime\cache__pycache__
2026-08-09 22:40:46.122 | MOVE CANDIDATE | C:\Users\enrik\lib\oracle-cli\Lib\site-packages\oci\generative_ai_agent__pycache__ -> G:\AI\E-zzio\runtime\cache__pycache__
2026-08-09 22:40:46.123 | MOVE CANDIDATE | C:\Users\enrik\lib\oracle-cli\Lib\site-packages\oci\generative_ai_agent\models__pycache__ -> G:\AI\E-zzio\runtime\cache__pycache__
2026-08-09 22:40:46.124 | MOVE CANDIDATE | C:\Users\enrik\lib\oracle-cli\Lib\site-packages\oci\generative_ai_data__pycache__ -> G:\AI\E-zzio\runtime\cache__pycache__
2026-08-09 22:40:46.125 | MOVE CANDIDATE | C:\Users\enrik\lib\oracle-cli\Lib\site-packages\oci\generative_ai_data\models__pycache__ -> G:\AI\E-zzio\runtime\cache__pycache__
2026-08-09 22:40:46.127 | MOVE CANDIDATE | C:\Users\enrik\lib\oracle-cli\Lib\site-packages\oci\generative_ai_inference__pycache__ -> G:\AI\E-zzio\runtime\cache__pycache__
2026-08-09 22:40:46.128 | MOVE CANDIDATE | C:\Users\enrik\lib\oracle-cli\Lib\site-packages\oci\generative_ai_inference\models__pycache__ -> G:\AI\E-zzio\runtime\cache__pycache__
2026-08-09 22:40:46.129 | MOVE CANDIDATE | C:\Users\enrik\lib\oracle-cli\Lib\site-packages\oci\generative_ai__pycache__ -> G:\AI\E-zzio\runtime\cache__pycache__
2026-08-09 22:40:46.130 | MOVE CANDIDATE | C:\Users\enrik\lib\oracle-cli\Lib\site-packages\oci\generative_ai\models__pycache__ -> G:\AI\E-zzio\runtime\cache__pycache__
2026-08-09 22:40:46.131 | MOVE CANDIDATE | C:\Users\enrik\lib\oracle-cli\Lib\site-packages\oci\generic_artifacts_content__pycache__ -> G:\AI\E-zzio\runtime\cache__pycache__
2026-08-09 22:40:46.132 | MOVE CANDIDATE | C:\Users\enrik\lib\oracle-cli\Lib\site-packages\oci\generic_artifacts_content\models__pycache__ -> G:\AI\E-zzio\runtime\cache__pycache__
2026-08-09 22:40:46.133 | MOVE CANDIDATE | C:\Users\enrik\lib\oracle-cli\Lib\site-packages\oci\golden_gate__pycache__ -> G:\AI\E-zzio\runtime\cache__pycache__
2026-08-09 22:40:46.135 | MOVE CANDIDATE | C:\Users\enrik\lib\oracle-cli\Lib\site-packages\oci\golden_gate\models__pycache__ -> G:\AI\E-zzio\runtime\cache__pycache__
2026-08-09 22:40:46.137 | MOVE CANDIDATE | C:\Users\enrik\lib\oracle-cli\Lib\site-packages\oci\governance_rules_control_plane__pycache__ -> G:\AI\E-zzio\runtime\cache__pycache__
2026-08-09 22:40:46.138 | MOVE CANDIDATE | C:\Users\enrik\lib\oracle-cli\Lib\site-packages\oci\governance_rules_control_plane\models__pycache__ -> G:\AI\E-zzio\runtime\cache__pycache__
2026-08-09 22:40:46.139 | MOVE CANDIDATE | C:\Users\enrik\lib\oracle-cli\Lib\site-packages\oci\healthchecks__pycache__ -> G:\AI\E-zzio\runtime\cache__pycache__
2026-08-09 22:40:46.140 | MOVE CANDIDATE | C:\Users\enrik\lib\oracle-cli\Lib\site-packages\oci\healthchecks\models__pycache__ -> G:\AI\E-zzio\runtime\cache__pycache__
2026-08-09 22:40:46.142 | MOVE CANDIDATE | C:\Users\enrik\lib\oracle-cli\Lib\site-packages\oci\identity_data_plane__pycache__ -> G:\AI\E-zzio\runtime\cache__pycache__
2026-08-09 22:40:46.143 | MOVE CANDIDATE | C:\Users\enrik\lib\oracle-cli\Lib\site-packages\oci\identity_data_plane\models__pycache__ -> G:\AI\E-zzio\runtime\cache__pycache__
2026-08-09 22:40:46.144 | MOVE CANDIDATE | C:\Users\enrik\lib\oracle-cli\Lib\site-packages\oci\identity_domains__pycache__ -> G:\AI\E-zzio\runtime\cache__pycache__
2026-08-09 22:40:46.145 | MOVE CANDIDATE | C:\Users\enrik\lib\oracle-cli\Lib\site-packages\oci\identity_domains\models__pycache__ -> G:\AI\E-zzio\runtime\cache__pycache__
2026-08-09 22:40:46.146 | MOVE CANDIDATE | C:\Users\enrik\lib\oracle-cli\Lib\site-packages\oci\identity__pycache__ -> G:\AI\E-zzio\runtime\cache__pycache__
2026-08-09 22:40:46.148 | MOVE CANDIDATE | C:\Users\enrik\lib\oracle-cli\Lib\site-packages\oci\identity\models__pycache__ -> G:\AI\E-zzio\runtime\cache__pycache__
2026-08-09 22:40:46.149 | MOVE CANDIDATE | C:\Users\enrik\lib\oracle-cli\Lib\site-packages\oci\integration__pycache__ -> G:\AI\E-zzio\runtime\cache__pycache__
2026-08-09 22:40:46.150 | MOVE CANDIDATE | C:\Users\enrik\lib\oracle-cli\Lib\site-packages\oci\integration\models__pycache__ -> G:\AI\E-zzio\runtime\cache__pycache__
2026-08-09 22:40:46.151 | MOVE CANDIDATE | C:\Users\enrik\lib\oracle-cli\Lib\site-packages\oci\iot__pycache__ -> G:\AI\E-zzio\runtime\cache__pycache__
2026-08-09 22:40:46.152 | MOVE CANDIDATE | C:\Users\enrik\lib\oracle-cli\Lib\site-packages\oci\iot\models__pycache__ -> G:\AI\E-zzio\runtime\cache__pycache__
2026-08-09 22:40:46.154 | MOVE CANDIDATE | C:\Users\enrik\lib\oracle-cli\Lib\site-packages\oci\jms_java_downloads__pycache__ -> G:\AI\E-zzio\runtime\cache__pycache__
2026-08-09 22:40:46.155 | MOVE CANDIDATE | C:\Users\enrik\lib\oracle-cli\Lib\site-packages\oci\jms_java_downloads\models__pycache__ -> G:\AI\E-zzio\runtime\cache__pycache__
2026-08-09 22:40:46.156 | MOVE CANDIDATE | C:\Users\enrik\lib\oracle-cli\Lib\site-packages\oci\jms_utils__pycache__ -> G:\AI\E-zzio\runtime\cache__pycache__
2026-08-09 22:40:46.158 | MOVE CANDIDATE | C:\Users\enrik\lib\oracle-cli\Lib\site-packages\oci\jms_utils\models__pycache__ -> G:\AI\E-zzio\runtime\cache__pycache__
2026-08-09 22:40:46.159 | MOVE CANDIDATE | C:\Users\enrik\lib\oracle-cli\Lib\site-packages\oci\jms__pycache__ -> G:\AI\E-zzio\runtime\cache__pycache__
2026-08-09 22:40:46.160 | MOVE CANDIDATE | C:\Users\enrik\lib\oracle-cli\Lib\site-packages\oci\jms\models__pycache__ -> G:\AI\E-zzio\runtime\cache__pycache__
2026-08-09 22:40:46.161 | MOVE CANDIDATE | C:\Users\enrik\lib\oracle-cli\Lib\site-packages\oci\key_management__pycache__ -> G:\AI\E-zzio\runtime\cache__pycache__
2026-08-09 22:40:46.162 | MOVE CANDIDATE | C:\Users\enrik\lib\oracle-cli\Lib\site-packages\oci\key_management\models__pycache__ -> G:\AI\E-zzio\runtime\cache__pycache__
2026-08-09 22:40:46.164 | MOVE CANDIDATE | C:\Users\enrik\lib\oracle-cli\Lib\site-packages\oci\license_manager__pycache__ -> G:\AI\E-zzio\runtime\cache__pycache__
2026-08-09 22:40:46.165 | MOVE CANDIDATE | C:\Users\enrik\lib\oracle-cli\Lib\site-packages\oci\license_manager\models__pycache__ -> G:\AI\E-zzio\runtime\cache__pycache__
2026-08-09 22:40:46.166 | MOVE CANDIDATE | C:\Users\enrik\lib\oracle-cli\Lib\site-packages\oci\limits_increase__pycache__ -> G:\AI\E-zzio\runtime\cache__pycache__
2026-08-09 22:40:46.168 | MOVE CANDIDATE | C:\Users\enrik\lib\oracle-cli\Lib\site-packages\oci\limits_increase\models__pycache__ -> G:\AI\E-zzio\runtime\cache__pycache__
2026-08-09 22:40:46.170 | MOVE CANDIDATE | C:\Users\enrik\lib\oracle-cli\Lib\site-packages\oci\limits__pycache__ -> G:\AI\E-zzio\runtime\cache__pycache__
2026-08-09 22:40:46.171 | MOVE CANDIDATE | C:\Users\enrik\lib\oracle-cli\Lib\site-packages\oci\limits\models__pycache__ -> G:\AI\E-zzio\runtime\cache__pycache__
2026-08-09 22:40:46.172 | MOVE CANDIDATE | C:\Users\enrik\lib\oracle-cli\Lib\site-packages\oci\load_balancer__pycache__ -> G:\AI\E-zzio\runtime\cache__pycache__
2026-08-09 22:40:46.173 | MOVE CANDIDATE | C:\Users\enrik\lib\oracle-cli\Lib\site-packages\oci\load_balancer\models__pycache__ -> G:\AI\E-zzio\runtime\cache__pycache__
2026-08-09 22:40:46.174 | MOVE CANDIDATE | C:\Users\enrik\lib\oracle-cli\Lib\site-packages\oci\lockbox__pycache__ -> G:\AI\E-zzio\runtime\cache__pycache__
2026-08-09 22:40:46.176 | MOVE CANDIDATE | C:\Users\enrik\lib\oracle-cli\Lib\site-packages\oci\lockbox\models__pycache__ -> G:\AI\E-zzio\runtime\cache__pycache__
2026-08-09 22:40:46.177 | MOVE CANDIDATE | C:\Users\enrik\lib\oracle-cli\Lib\site-packages\oci\log_analytics__pycache__ -> G:\AI\E-zzio\runtime\cache__pycache__
2026-08-09 22:40:46.178 | MOVE CANDIDATE | C:\Users\enrik\lib\oracle-cli\Lib\site-packages\oci\log_analytics\models__pycache__ -> G:\AI\E-zzio\runtime\cache__pycache__
2026-08-09 22:40:46.179 | MOVE CANDIDATE | C:\Users\enrik\lib\oracle-cli\Lib\site-packages\oci\logging__pycache__ -> G:\AI\E-zzio\runtime\cache__pycache__
2026-08-09 22:40:46.181 | MOVE CANDIDATE | C:\Users\enrik\lib\oracle-cli\Lib\site-packages\oci\logging\models__pycache__ -> G:\AI\E-zzio\runtime\cache__pycache__
2026-08-09 22:40:46.182 | MOVE CANDIDATE | C:\Users\enrik\lib\oracle-cli\Lib\site-packages\oci\loggingingestion__pycache__ -> G:\AI\E-zzio\runtime\cache__pycache__
2026-08-09 22:40:46.184 | MOVE CANDIDATE | C:\Users\enrik\lib\oracle-cli\Lib\site-packages\oci\loggingingestion\models__pycache__ -> G:\AI\E-zzio\runtime\cache__pycache__
2026-08-09 22:40:46.185 | MOVE CANDIDATE | C:\Users\enrik\lib\oracle-cli\Lib\site-packages\oci\loggingsearch__pycache__ -> G:\AI\E-zzio\runtime\cache__pycache__
2026-08-09 22:40:46.187 | MOVE CANDIDATE | C:\Users\enrik\lib\oracle-cli\Lib\site-packages\oci\loggingsearch\models__pycache__ -> G:\AI\E-zzio\runtime\cache__pycache__
2026-08-09 22:40:46.188 | MOVE CANDIDATE | C:\Users\enrik\lib\oracle-cli\Lib\site-packages\oci\lustre_file_storage__pycache__ -> G:\AI\E-zzio\runtime\cache__pycache__
2026-08-09 22:40:46.189 | MOVE CANDIDATE | C:\Users\enrik\lib\oracle-cli\Lib\site-packages\oci\lustre_file_storage\models__pycache__ -> G:\AI\E-zzio\runtime\cache__pycache__
2026-08-09 22:40:46.191 | MOVE CANDIDATE | C:\Users\enrik\lib\oracle-cli\Lib\site-packages\oci\managed_kafka__pycache__ -> G:\AI\E-zzio\runtime\cache__pycache__
2026-08-09 22:40:46.192 | MOVE CANDIDATE | C:\Users\enrik\lib\oracle-cli\Lib\site-packages\oci\managed_kafka\models__pycache__ -> G:\AI\E-zzio\runtime\cache__pycache__
2026-08-09 22:40:46.197 | MOVE CANDIDATE | C:\Users\enrik\lib\oracle-cli\Lib\site-packages\oci\management_agent__pycache__ -> G:\AI\E-zzio\runtime\cache__pycache__
2026-08-09 22:40:46.199 | MOVE CANDIDATE | C:\Users\enrik\lib\oracle-cli\Lib\site-packages\oci\management_agent\models__pycache__ -> G:\AI\E-zzio\runtime\cache__pycache__
2026-08-09 22:40:46.200 | MOVE CANDIDATE | C:\Users\enrik\lib\oracle-cli\Lib\site-packages\oci\management_dashboard__pycache__ -> G:\AI\E-zzio\runtime\cache__pycache__
2026-08-09 22:40:46.201 | MOVE CANDIDATE | C:\Users\enrik\lib\oracle-cli\Lib\site-packages\oci\management_dashboard\models__pycache__ -> G:\AI\E-zzio\runtime\cache__pycache__
2026-08-09 22:40:46.203 | MOVE CANDIDATE | C:\Users\enrik\lib\oracle-cli\Lib\site-packages\oci\marketplace_private_offer__pycache__ -> G:\AI\E-zzio\runtime\cache__pycache__
2026-08-09 22:40:46.204 | MOVE CANDIDATE | C:\Users\enrik\lib\oracle-cli\Lib\site-packages\oci\marketplace_private_offer\models__pycache__ -> G:\AI\E-zzio\runtime\cache__pycache__
2026-08-09 22:40:46.205 | MOVE CANDIDATE | C:\Users\enrik\lib\oracle-cli\Lib\site-packages\oci\marketplace_publisher__pycache__ -> G:\AI\E-zzio\runtime\cache__pycache__
2026-08-09 22:40:46.207 | MOVE CANDIDATE | C:\Users\enrik\lib\oracle-cli\Lib\site-packages\oci\marketplace_publisher\models__pycache__ -> G:\AI\E-zzio\runtime\cache__pycache__
2026-08-09 22:40:46.208 | MOVE CANDIDATE | C:\Users\enrik\lib\oracle-cli\Lib\site-packages\oci\marketplace__pycache__ -> G:\AI\E-zzio\runtime\cache__pycache__
2026-08-09 22:40:46.210 | MOVE CANDIDATE | C:\Users\enrik\lib\oracle-cli\Lib\site-packages\oci\marketplace\models__pycache__ -> G:\AI\E-zzio\runtime\cache__pycache__
2026-08-09 22:40:46.211 | MOVE CANDIDATE | C:\Users\enrik\lib\oracle-cli\Lib\site-packages\oci\media_services__pycache__ -> G:\AI\E-zzio\runtime\cache__pycache__
2026-08-09 22:40:46.212 | MOVE CANDIDATE | C:\Users\enrik\lib\oracle-cli\Lib\site-packages\oci\media_services\models__pycache__ -> G:\AI\E-zzio\runtime\cache__pycache__
2026-08-09 22:40:46.213 | MOVE CANDIDATE | C:\Users\enrik\lib\oracle-cli\Lib\site-packages\oci\mngdmac__pycache__ -> G:\AI\E-zzio\runtime\cache__pycache__
2026-08-09 22:40:46.215 | MOVE CANDIDATE | C:\Users\enrik\lib\oracle-cli\Lib\site-packages\oci\mngdmac\models__pycache__ -> G:\AI\E-zzio\runtime\cache__pycache__
2026-08-09 22:40:46.216 | MOVE CANDIDATE | C:\Users\enrik\lib\oracle-cli\Lib\site-packages\oci\model_deployment__pycache__ -> G:\AI\E-zzio\runtime\cache__pycache__
2026-08-09 22:40:46.217 | MOVE CANDIDATE | C:\Users\enrik\lib\oracle-cli\Lib\site-packages\oci\model_deployment\models__pycache__ -> G:\AI\E-zzio\runtime\cache__pycache__
2026-08-09 22:40:46.218 | MOVE CANDIDATE | C:\Users\enrik\lib\oracle-cli\Lib\site-packages\oci\monitoring__pycache__ -> G:\AI\E-zzio\runtime\cache__pycache__
2026-08-09 22:40:46.219 | MOVE CANDIDATE | C:\Users\enrik\lib\oracle-cli\Lib\site-packages\oci\monitoring\models__pycache__ -> G:\AI\E-zzio\runtime\cache__pycache__
2026-08-09 22:40:46.221 | MOVE CANDIDATE | C:\Users\enrik\lib\oracle-cli\Lib\site-packages\oci\multicloud__pycache__ -> G:\AI\E-zzio\runtime\cache__pycache__
2026-08-09 22:40:46.222 | MOVE CANDIDATE | C:\Users\enrik\lib\oracle-cli\Lib\site-packages\oci\multicloud\models__pycache__ -> G:\AI\E-zzio\runtime\cache__pycache__
2026-08-09 22:40:46.224 | MOVE CANDIDATE | C:\Users\enrik\lib\oracle-cli\Lib\site-packages\oci\mysql__pycache__ -> G:\AI\E-zzio\runtime\cache__pycache__
2026-08-09 22:40:46.225 | MOVE CANDIDATE | C:\Users\enrik\lib\oracle-cli\Lib\site-packages\oci\mysql\models__pycache__ -> G:\AI\E-zzio\runtime\cache__pycache__
2026-08-09 22:40:46.227 | MOVE CANDIDATE | C:\Users\enrik\lib\oracle-cli\Lib\site-packages\oci\network_firewall__pycache__ -> G:\AI\E-zzio\runtime\cache__pycache__
2026-08-09 22:40:46.228 | MOVE CANDIDATE | C:\Users\enrik\lib\oracle-cli\Lib\site-packages\oci\network_firewall\models__pycache__ -> G:\AI\E-zzio\runtime\cache__pycache__
2026-08-09 22:40:46.230 | MOVE CANDIDATE | C:\Users\enrik\lib\oracle-cli\Lib\site-packages\oci\network_load_balancer__pycache__ -> G:\AI\E-zzio\runtime\cache__pycache__
2026-08-09 22:40:46.232 | MOVE CANDIDATE | C:\Users\enrik\lib\oracle-cli\Lib\site-packages\oci\network_load_balancer\models__pycache__ -> G:\AI\E-zzio\runtime\cache__pycache__
2026-08-09 22:40:46.233 | MOVE CANDIDATE | C:\Users\enrik\lib\oracle-cli\Lib\site-packages\oci\nosql__pycache__ -> G:\AI\E-zzio\runtime\cache__pycache__
2026-08-09 22:40:46.235 | MOVE CANDIDATE | C:\Users\enrik\lib\oracle-cli\Lib\site-packages\oci\nosql\models__pycache__ -> G:\AI\E-zzio\runtime\cache__pycache__
2026-08-09 22:40:46.236 | MOVE CANDIDATE | C:\Users\enrik\lib\oracle-cli\Lib\site-packages\oci\object_storage__pycache__ -> G:\AI\E-zzio\runtime\cache__pycache__
2026-08-09 22:40:46.237 | MOVE CANDIDATE | C:\Users\enrik\lib\oracle-cli\Lib\site-packages\oci\object_storage\models__pycache__ -> G:\AI\E-zzio\runtime\cache__pycache__
2026-08-09 22:40:46.239 | MOVE CANDIDATE | C:\Users\enrik\lib\oracle-cli\Lib\site-packages\oci\object_storage\transfer__pycache__ -> G:\AI\E-zzio\runtime\cache__pycache__
2026-08-09 22:40:46.240 | MOVE CANDIDATE | C:\Users\enrik\lib\oracle-cli\Lib\site-packages\oci\object_storage\transfer\internal__pycache__ -> G:\AI\E-zzio\runtime\cache__pycache__
2026-08-09 22:40:46.241 | MOVE CANDIDATE | C:\Users\enrik\lib\oracle-cli\Lib\site-packages\oci\object_storage\transfer\internal\download__pycache__ -> G:\AI\E-zzio\runtime\cache__pycache__
2026-08-09 22:40:46.243 | MOVE CANDIDATE | C:\Users\enrik\lib\oracle-cli\Lib\site-packages\oci\oce__pycache__ -> G:\AI\E-zzio\runtime\cache__pycache__
2026-08-09 22:40:46.244 | MOVE CANDIDATE | C:\Users\enrik\lib\oracle-cli\Lib\site-packages\oci\oce\models__pycache__ -> G:\AI\E-zzio\runtime\cache__pycache__
2026-08-09 22:40:46.246 | MOVE CANDIDATE | C:\Users\enrik\lib\oracle-cli\Lib\site-packages\oci\oci_control_center__pycache__ -> G:\AI\E-zzio\runtime\cache__pycache__
2026-08-09 22:40:46.247 | MOVE CANDIDATE | C:\Users\enrik\lib\oracle-cli\Lib\site-packages\oci\oci_control_center\models__pycache__ -> G:\AI\E-zzio\runtime\cache__pycache__
2026-08-09 22:40:46.248 | MOVE CANDIDATE | C:\Users\enrik\lib\oracle-cli\Lib\site-packages\oci\ocvp__pycache__ -> G:\AI\E-zzio\runtime\cache__pycache__
2026-08-09 22:40:46.250 | MOVE CANDIDATE | C:\Users\enrik\lib\oracle-cli\Lib\site-packages\oci\ocvp\models__pycache__ -> G:\AI\E-zzio\runtime\cache__pycache__
2026-08-09 22:40:46.251 | MOVE CANDIDATE | C:\Users\enrik\lib\oracle-cli\Lib\site-packages\oci\oda__pycache__ -> G:\AI\E-zzio\runtime\cache__pycache__
2026-08-09 22:40:46.252 | MOVE CANDIDATE | C:\Users\enrik\lib\oracle-cli\Lib\site-packages\oci\oda\models__pycache__ -> G:\AI\E-zzio\runtime\cache__pycache__
2026-08-09 22:40:46.254 | MOVE CANDIDATE | C:\Users\enrik\lib\oracle-cli\Lib\site-packages\oci\onesubscription__pycache__ -> G:\AI\E-zzio\runtime\cache__pycache__
2026-08-09 22:40:46.255 | MOVE CANDIDATE | C:\Users\enrik\lib\oracle-cli\Lib\site-packages\oci\onesubscription\models__pycache__ -> G:\AI\E-zzio\runtime\cache__pycache__
2026-08-09 22:40:46.256 | MOVE CANDIDATE | C:\Users\enrik\lib\oracle-cli\Lib\site-packages\oci\ons__pycache__ -> G:\AI\E-zzio\runtime\cache__pycache__
2026-08-09 22:40:46.257 | MOVE CANDIDATE | C:\Users\enrik\lib\oracle-cli\Lib\site-packages\oci\ons\models__pycache__ -> G:\AI\E-zzio\runtime\cache__pycache__
2026-08-09 22:40:46.258 | MOVE CANDIDATE | C:\Users\enrik\lib\oracle-cli\Lib\site-packages\oci\opa__pycache__ -> G:\AI\E-zzio\runtime\cache__pycache__
2026-08-09 22:40:46.259 | MOVE CANDIDATE | C:\Users\enrik\lib\oracle-cli\Lib\site-packages\oci\opa\models__pycache__ -> G:\AI\E-zzio\runtime\cache__pycache__
2026-08-09 22:40:46.261 | MOVE CANDIDATE | C:\Users\enrik\lib\oracle-cli\Lib\site-packages\oci\opensearch__pycache__ -> G:\AI\E-zzio\runtime\cache__pycache__
2026-08-09 22:40:46.262 | MOVE CANDIDATE | C:\Users\enrik\lib\oracle-cli\Lib\site-packages\oci\opensearch\models__pycache__ -> G:\AI\E-zzio\runtime\cache__pycache__
2026-08-09 22:40:46.264 | MOVE CANDIDATE | C:\Users\enrik\lib\oracle-cli\Lib\site-packages\oci\operator_access_control__pycache__ -> G:\AI\E-zzio\runtime\cache__pycache__
2026-08-09 22:40:46.265 | MOVE CANDIDATE | C:\Users\enrik\lib\oracle-cli\Lib\site-packages\oci\operator_access_control\models__pycache__ -> G:\AI\E-zzio\runtime\cache__pycache__
2026-08-09 22:40:46.266 | MOVE CANDIDATE | C:\Users\enrik\lib\oracle-cli\Lib\site-packages\oci\opsi__pycache__ -> G:\AI\E-zzio\runtime\cache__pycache__
2026-08-09 22:40:46.267 | MOVE CANDIDATE | C:\Users\enrik\lib\oracle-cli\Lib\site-packages\oci\opsi\models__pycache__ -> G:\AI\E-zzio\runtime\cache__pycache__
2026-08-09 22:40:46.268 | MOVE CANDIDATE | C:\Users\enrik\lib\oracle-cli\Lib\site-packages\oci\optimizer__pycache__ -> G:\AI\E-zzio\runtime\cache__pycache__
2026-08-09 22:40:46.270 | MOVE CANDIDATE | C:\Users\enrik\lib\oracle-cli\Lib\site-packages\oci\optimizer\models__pycache__ -> G:\AI\E-zzio\runtime\cache__pycache__
2026-08-09 22:40:46.271 | MOVE CANDIDATE | C:\Users\enrik\lib\oracle-cli\Lib\site-packages\oci\os_management_hub__pycache__ -> G:\AI\E-zzio\runtime\cache__pycache__
2026-08-09 22:40:46.272 | MOVE CANDIDATE | C:\Users\enrik\lib\oracle-cli\Lib\site-packages\oci\os_management_hub\models__pycache__ -> G:\AI\E-zzio\runtime\cache__pycache__
2026-08-09 22:40:46.274 | MOVE CANDIDATE | C:\Users\enrik\lib\oracle-cli\Lib\site-packages\oci\osp_gateway__pycache__ -> G:\AI\E-zzio\runtime\cache__pycache__
2026-08-09 22:40:46.275 | MOVE CANDIDATE | C:\Users\enrik\lib\oracle-cli\Lib\site-packages\oci\osp_gateway\models__pycache__ -> G:\AI\E-zzio\runtime\cache__pycache__
2026-08-09 22:40:46.277 | MOVE CANDIDATE | C:\Users\enrik\lib\oracle-cli\Lib\site-packages\oci\osub_billing_schedule__pycache__ -> G:\AI\E-zzio\runtime\cache__pycache__
2026-08-09 22:40:46.278 | MOVE CANDIDATE | C:\Users\enrik\lib\oracle-cli\Lib\site-packages\oci\osub_billing_schedule\models__pycache__ -> G:\AI\E-zzio\runtime\cache__pycache__
2026-08-09 22:40:46.279 | MOVE CANDIDATE | C:\Users\enrik\lib\oracle-cli\Lib\site-packages\oci\osub_organization_subscription__pycache__ -> G:\AI\E-zzio\runtime\cache__pycache__
2026-08-09 22:40:46.281 | MOVE CANDIDATE | C:\Users\enrik\lib\oracle-cli\Lib\site-packages\oci\osub_organization_subscription\models__pycache__ -> G:\AI\E-zzio\runtime\cache__pycache__
2026-08-09 22:40:46.282 | MOVE CANDIDATE | C:\Users\enrik\lib\oracle-cli\Lib\site-packages\oci\osub_subscription__pycache__ -> G:\AI\E-zzio\runtime\cache__pycache__
2026-08-09 22:40:46.283 | MOVE CANDIDATE | C:\Users\enrik\lib\oracle-cli\Lib\site-packages\oci\osub_subscription\models__pycache__ -> G:\AI\E-zzio\runtime\cache__pycache__
2026-08-09 22:40:46.285 | MOVE CANDIDATE | C:\Users\enrik\lib\oracle-cli\Lib\site-packages\oci\osub_usage__pycache__ -> G:\AI\E-zzio\runtime\cache__pycache__
2026-08-09 22:40:46.286 | MOVE CANDIDATE | C:\Users\enrik\lib\oracle-cli\Lib\site-packages\oci\osub_usage\models__pycache__ -> G:\AI\E-zzio\runtime\cache__pycache__
2026-08-09 22:40:46.288 | MOVE CANDIDATE | C:\Users\enrik\lib\oracle-cli\Lib\site-packages\oci\pagination__pycache__ -> G:\AI\E-zzio\runtime\cache__pycache__
2026-08-09 22:40:46.289 | MOVE CANDIDATE | C:\Users\enrik\lib\oracle-cli\Lib\site-packages\oci\psa__pycache__ -> G:\AI\E-zzio\runtime\cache__pycache__
2026-08-09 22:40:46.291 | MOVE CANDIDATE | C:\Users\enrik\lib\oracle-cli\Lib\site-packages\oci\psa\models__pycache__ -> G:\AI\E-zzio\runtime\cache__pycache__
2026-08-09 22:40:46.292 | MOVE CANDIDATE | C:\Users\enrik\lib\oracle-cli\Lib\site-packages\oci\psql__pycache__ -> G:\AI\E-zzio\runtime\cache__pycache__
2026-08-09 22:40:46.297 | MOVE CANDIDATE | C:\Users\enrik\lib\oracle-cli\Lib\site-packages\oci\psql\models__pycache__ -> G:\AI\E-zzio\runtime\cache__pycache__
2026-08-09 22:40:46.298 | MOVE CANDIDATE | C:\Users\enrik\lib\oracle-cli\Lib\site-packages\oci\queue__pycache__ -> G:\AI\E-zzio\runtime\cache__pycache__
2026-08-09 22:40:46.299 | MOVE CANDIDATE | C:\Users\enrik\lib\oracle-cli\Lib\site-packages\oci\queue\models__pycache__ -> G:\AI\E-zzio\runtime\cache__pycache__
2026-08-09 22:40:46.301 | MOVE CANDIDATE | C:\Users\enrik\lib\oracle-cli\Lib\site-packages\oci\recovery__pycache__ -> G:\AI\E-zzio\runtime\cache__pycache__
2026-08-09 22:40:46.302 | MOVE CANDIDATE | C:\Users\enrik\lib\oracle-cli\Lib\site-packages\oci\recovery\models__pycache__ -> G:\AI\E-zzio\runtime\cache__pycache__
2026-08-09 22:40:46.303 | MOVE CANDIDATE | C:\Users\enrik\lib\oracle-cli\Lib\site-packages\oci\redis__pycache__ -> G:\AI\E-zzio\runtime\cache__pycache__
2026-08-09 22:40:46.305 | MOVE CANDIDATE | C:\Users\enrik\lib\oracle-cli\Lib\site-packages\oci\redis\models__pycache__ -> G:\AI\E-zzio\runtime\cache__pycache__
2026-08-09 22:40:46.307 | MOVE CANDIDATE | C:\Users\enrik\lib\oracle-cli\Lib\site-packages\oci\resource_analytics__pycache__ -> G:\AI\E-zzio\runtime\cache__pycache__
2026-08-09 22:40:46.309 | MOVE CANDIDATE | C:\Users\enrik\lib\oracle-cli\Lib\site-packages\oci\resource_analytics\models__pycache__ -> G:\AI\E-zzio\runtime\cache__pycache__
2026-08-09 22:40:46.310 | MOVE CANDIDATE | C:\Users\enrik\lib\oracle-cli\Lib\site-packages\oci\resource_manager__pycache__ -> G:\AI\E-zzio\runtime\cache__pycache__
2026-08-09 22:40:46.311 | MOVE CANDIDATE | C:\Users\enrik\lib\oracle-cli\Lib\site-packages\oci\resource_manager\models__pycache__ -> G:\AI\E-zzio\runtime\cache__pycache__
2026-08-09 22:40:46.312 | MOVE CANDIDATE | C:\Users\enrik\lib\oracle-cli\Lib\site-packages\oci\resource_scheduler__pycache__ -> G:\AI\E-zzio\runtime\cache__pycache__
2026-08-09 22:40:46.314 | MOVE CANDIDATE | C:\Users\enrik\lib\oracle-cli\Lib\site-packages\oci\resource_scheduler\models__pycache__ -> G:\AI\E-zzio\runtime\cache__pycache__
2026-08-09 22:40:46.315 | MOVE CANDIDATE | C:\Users\enrik\lib\oracle-cli\Lib\site-packages\oci\resource_search__pycache__ -> G:\AI\E-zzio\runtime\cache__pycache__
2026-08-09 22:40:46.316 | MOVE CANDIDATE | C:\Users\enrik\lib\oracle-cli\Lib\site-packages\oci\resource_search\models__pycache__ -> G:\AI\E-zzio\runtime\cache__pycache__
2026-08-09 22:40:46.317 | MOVE CANDIDATE | C:\Users\enrik\lib\oracle-cli\Lib\site-packages\oci\retry__pycache__ -> G:\AI\E-zzio\runtime\cache__pycache__
2026-08-09 22:40:46.319 | MOVE CANDIDATE | C:\Users\enrik\lib\oracle-cli\Lib\site-packages\oci\rover__pycache__ -> G:\AI\E-zzio\runtime\cache__pycache__
2026-08-09 22:40:46.320 | MOVE CANDIDATE | C:\Users\enrik\lib\oracle-cli\Lib\site-packages\oci\rover\models__pycache__ -> G:\AI\E-zzio\runtime\cache__pycache__
2026-08-09 22:40:46.321 | MOVE CANDIDATE | C:\Users\enrik\lib\oracle-cli\Lib\site-packages\oci\sch__pycache__ -> G:\AI\E-zzio\runtime\cache__pycache__
2026-08-09 22:40:46.323 | MOVE CANDIDATE | C:\Users\enrik\lib\oracle-cli\Lib\site-packages\oci\sch\models__pycache__ -> G:\AI\E-zzio\runtime\cache__pycache__
2026-08-09 22:40:46.324 | MOVE CANDIDATE | C:\Users\enrik\lib\oracle-cli\Lib\site-packages\oci\secrets__pycache__ -> G:\AI\E-zzio\runtime\cache__pycache__
2026-08-09 22:40:46.325 | MOVE CANDIDATE | C:\Users\enrik\lib\oracle-cli\Lib\site-packages\oci\secrets\models__pycache__ -> G:\AI\E-zzio\runtime\cache__pycache__
2026-08-09 22:40:46.326 | MOVE CANDIDATE | C:\Users\enrik\lib\oracle-cli\Lib\site-packages\oci\security_attribute__pycache__ -> G:\AI\E-zzio\runtime\cache__pycache__
2026-08-09 22:40:46.328 | MOVE CANDIDATE | C:\Users\enrik\lib\oracle-cli\Lib\site-packages\oci\security_attribute\models__pycache__ -> G:\AI\E-zzio\runtime\cache__pycache__
2026-08-09 22:40:46.329 | MOVE CANDIDATE | C:\Users\enrik\lib\oracle-cli\Lib\site-packages\oci\self__pycache__ -> G:\AI\E-zzio\runtime\cache__pycache__
2026-08-09 22:40:46.330 | MOVE CANDIDATE | C:\Users\enrik\lib\oracle-cli\Lib\site-packages\oci\self\models__pycache__ -> G:\AI\E-zzio\runtime\cache__pycache__
2026-08-09 22:40:46.331 | MOVE CANDIDATE | C:\Users\enrik\lib\oracle-cli\Lib\site-packages\oci\service_catalog__pycache__ -> G:\AI\E-zzio\runtime\cache__pycache__
2026-08-09 22:40:46.332 | MOVE CANDIDATE | C:\Users\enrik\lib\oracle-cli\Lib\site-packages\oci\service_catalog\models__pycache__ -> G:\AI\E-zzio\runtime\cache__pycache__
2026-08-09 22:40:46.334 | MOVE CANDIDATE | C:\Users\enrik\lib\oracle-cli\Lib\site-packages\oci\service_manager_proxy__pycache__ -> G:\AI\E-zzio\runtime\cache__pycache__
2026-08-09 22:40:46.335 | MOVE CANDIDATE | C:\Users\enrik\lib\oracle-cli\Lib\site-packages\oci\service_manager_proxy\models__pycache__ -> G:\AI\E-zzio\runtime\cache__pycache__
2026-08-09 22:40:46.336 | MOVE CANDIDATE | C:\Users\enrik\lib\oracle-cli\Lib\site-packages\oci\stack_monitoring__pycache__ -> G:\AI\E-zzio\runtime\cache__pycache__
2026-08-09 22:40:46.338 | MOVE CANDIDATE | C:\Users\enrik\lib\oracle-cli\Lib\site-packages\oci\stack_monitoring\models__pycache__ -> G:\AI\E-zzio\runtime\cache__pycache__
2026-08-09 22:40:46.339 | MOVE CANDIDATE | C:\Users\enrik\lib\oracle-cli\Lib\site-packages\oci\streaming__pycache__ -> G:\AI\E-zzio\runtime\cache__pycache__
2026-08-09 22:40:46.341 | MOVE CANDIDATE | C:\Users\enrik\lib\oracle-cli\Lib\site-packages\oci\streaming\models__pycache__ -> G:\AI\E-zzio\runtime\cache__pycache__
2026-08-09 22:40:46.342 | MOVE CANDIDATE | C:\Users\enrik\lib\oracle-cli\Lib\site-packages\oci\tenant_manager_control_plane__pycache__ -> G:\AI\E-zzio\runtime\cache__pycache__
2026-08-09 22:40:46.343 | MOVE CANDIDATE | C:\Users\enrik\lib\oracle-cli\Lib\site-packages\oci\tenant_manager_control_plane\models__pycache__ -> G:\AI\E-zzio\runtime\cache__pycache__
2026-08-09 22:40:46.344 | MOVE CANDIDATE | C:\Users\enrik\lib\oracle-cli\Lib\site-packages\oci\threat_intelligence__pycache__ -> G:\AI\E-zzio\runtime\cache__pycache__
2026-08-09 22:40:46.345 | MOVE CANDIDATE | C:\Users\enrik\lib\oracle-cli\Lib\site-packages\oci\threat_intelligence\models__pycache__ -> G:\AI\E-zzio\runtime\cache__pycache__
2026-08-09 22:40:46.347 | MOVE CANDIDATE | C:\Users\enrik\lib\oracle-cli\Lib\site-packages\oci\usage_api__pycache__ -> G:\AI\E-zzio\runtime\cache__pycache__
2026-08-09 22:40:46.348 | MOVE CANDIDATE | C:\Users\enrik\lib\oracle-cli\Lib\site-packages\oci\usage_api\models__pycache__ -> G:\AI\E-zzio\runtime\cache__pycache__
2026-08-09 22:40:46.350 | MOVE CANDIDATE | C:\Users\enrik\lib\oracle-cli\Lib\site-packages\oci\usage__pycache__ -> G:\AI\E-zzio\runtime\cache__pycache__
2026-08-09 22:40:46.351 | MOVE CANDIDATE | C:\Users\enrik\lib\oracle-cli\Lib\site-packages\oci\usage\models__pycache__ -> G:\AI\E-zzio\runtime\cache__pycache__
2026-08-09 22:40:46.352 | MOVE CANDIDATE | C:\Users\enrik\lib\oracle-cli\Lib\site-packages\oci\vault__pycache__ -> G:\AI\E-zzio\runtime\cache__pycache__
2026-08-09 22:40:46.354 | MOVE CANDIDATE | C:\Users\enrik\lib\oracle-cli\Lib\site-packages\oci\vault\models__pycache__ -> G:\AI\E-zzio\runtime\cache__pycache__
2026-08-09 22:40:46.355 | MOVE CANDIDATE | C:\Users\enrik\lib\oracle-cli\Lib\site-packages\oci\vbs_inst__pycache__ -> G:\AI\E-zzio\runtime\cache__pycache__
2026-08-09 22:40:46.357 | MOVE CANDIDATE | C:\Users\enrik\lib\oracle-cli\Lib\site-packages\oci\vbs_inst\models__pycache__ -> G:\AI\E-zzio\runtime\cache__pycache__
2026-08-09 22:40:46.358 | MOVE CANDIDATE | C:\Users\enrik\lib\oracle-cli\Lib\site-packages\oci\visual_builder__pycache__ -> G:\AI\E-zzio\runtime\cache__pycache__
2026-08-09 22:40:46.359 | MOVE CANDIDATE | C:\Users\enrik\lib\oracle-cli\Lib\site-packages\oci\visual_builder\models__pycache__ -> G:\AI\E-zzio\runtime\cache__pycache__
2026-08-09 22:40:46.360 | MOVE CANDIDATE | C:\Users\enrik\lib\oracle-cli\Lib\site-packages\oci\vn_monitoring__pycache__ -> G:\AI\E-zzio\runtime\cache__pycache__
2026-08-09 22:40:46.362 | MOVE CANDIDATE | C:\Users\enrik\lib\oracle-cli\Lib\site-packages\oci\vn_monitoring\models__pycache__ -> G:\AI\E-zzio\runtime\cache__pycache__
2026-08-09 22:40:46.363 | MOVE CANDIDATE | C:\Users\enrik\lib\oracle-cli\Lib\site-packages\oci\vulnerability_scanning__pycache__ -> G:\AI\E-zzio\runtime\cache__pycache__
2026-08-09 22:40:46.365 | MOVE CANDIDATE | C:\Users\enrik\lib\oracle-cli\Lib\site-packages\oci\vulnerability_scanning\models__pycache__ -> G:\AI\E-zzio\runtime\cache__pycache__
2026-08-09 22:40:46.366 | MOVE CANDIDATE | C:\Users\enrik\lib\oracle-cli\Lib\site-packages\oci\waa__pycache__ -> G:\AI\E-zzio\runtime\cache__pycache__
2026-08-09 22:40:46.368 | MOVE CANDIDATE | C:\Users\enrik\lib\oracle-cli\Lib\site-packages\oci\waa\models__pycache__ -> G:\AI\E-zzio\runtime\cache__pycache__
2026-08-09 22:40:46.370 | MOVE CANDIDATE | C:\Users\enrik\lib\oracle-cli\Lib\site-packages\oci\waas__pycache__ -> G:\AI\E-zzio\runtime\cache__pycache__
2026-08-09 22:40:46.371 | MOVE CANDIDATE | C:\Users\enrik\lib\oracle-cli\Lib\site-packages\oci\waas\models__pycache__ -> G:\AI\E-zzio\runtime\cache__pycache__
2026-08-09 22:40:46.372 | MOVE CANDIDATE | C:\Users\enrik\lib\oracle-cli\Lib\site-packages\oci\waf__pycache__ -> G:\AI\E-zzio\runtime\cache__pycache__
2026-08-09 22:40:46.374 | MOVE CANDIDATE | C:\Users\enrik\lib\oracle-cli\Lib\site-packages\oci\waf\models__pycache__ -> G:\AI\E-zzio\runtime\cache__pycache__
2026-08-09 22:40:46.375 | MOVE CANDIDATE | C:\Users\enrik\lib\oracle-cli\Lib\site-packages\oci\wlms__pycache__ -> G:\AI\E-zzio\runtime\cache__pycache__
2026-08-09 22:40:46.376 | MOVE CANDIDATE | C:\Users\enrik\lib\oracle-cli\Lib\site-packages\oci\wlms\models__pycache__ -> G:\AI\E-zzio\runtime\cache__pycache__
2026-08-09 22:40:46.377 | MOVE CANDIDATE | C:\Users\enrik\lib\oracle-cli\Lib\site-packages\oci\work_requests__pycache__ -> G:\AI\E-zzio\runtime\cache__pycache__
2026-08-09 22:40:46.379 | MOVE CANDIDATE | C:\Users\enrik\lib\oracle-cli\Lib\site-packages\oci\work_requests\models__pycache__ -> G:\AI\E-zzio\runtime\cache__pycache__
2026-08-09 22:40:46.380 | MOVE CANDIDATE | C:\Users\enrik\lib\oracle-cli\Lib\site-packages\oci\zpr__pycache__ -> G:\AI\E-zzio\runtime\cache__pycache__
2026-08-09 22:40:46.381 | MOVE CANDIDATE | C:\Users\enrik\lib\oracle-cli\Lib\site-packages\oci\zpr\models__pycache__ -> G:\AI\E-zzio\runtime\cache__pycache__
2026-08-09 22:40:46.383 | MOVE CANDIDATE | C:\Users\enrik\lib\oracle-cli\Lib\site-packages\OpenSSL__pycache__ -> G:\AI\E-zzio\runtime\cache__pycache__
2026-08-09 22:40:46.385 | MOVE CANDIDATE | C:\Users\enrik\lib\oracle-cli\Lib\site-packages\packaging__pycache__ -> G:\AI\E-zzio\runtime\cache__pycache__
2026-08-09 22:40:46.387 | MOVE CANDIDATE | C:\Users\enrik\lib\oracle-cli\Lib\site-packages\packaging\licenses__pycache__ -> G:\AI\E-zzio\runtime\cache__pycache__
2026-08-09 22:40:46.388 | MOVE CANDIDATE | C:\Users\enrik\lib\oracle-cli\Lib\site-packages\pip__pycache__ -> G:\AI\E-zzio\runtime\cache__pycache__
2026-08-09 22:40:46.389 | MOVE CANDIDATE | C:\Users\enrik\lib\oracle-cli\Lib\site-packages\pip_internal__pycache__ -> G:\AI\E-zzio\runtime\cache__pycache__
2026-08-09 22:40:46.390 | MOVE CANDIDATE | C:\Users\enrik\lib\oracle-cli\Lib\site-packages\pip_internal\cli__pycache__ -> G:\AI\E-zzio\runtime\cache__pycache__
2026-08-09 22:40:46.392 | MOVE CANDIDATE | C:\Users\enrik\lib\oracle-cli\Lib\site-packages\pip_internal\commands__pycache__ -> G:\AI\E-zzio\runtime\cache__pycache__
2026-08-09 22:40:46.397 | MOVE CANDIDATE | C:\Users\enrik\lib\oracle-cli\Lib\site-packages\pip_internal\distributions__pycache__ -> G:\AI\E-zzio\runtime\cache__pycache__
2026-08-09 22:40:46.398 | MOVE CANDIDATE | C:\Users\enrik\lib\oracle-cli\Lib\site-packages\pip_internal\index__pycache__ -> G:\AI\E-zzio\runtime\cache__pycache__
2026-08-09 22:40:46.400 | MOVE CANDIDATE | C:\Users\enrik\lib\oracle-cli\Lib\site-packages\pip_internal\locations__pycache__ -> G:\AI\E-zzio\runtime\cache__pycache__
2026-08-09 22:40:46.401 | MOVE CANDIDATE | C:\Users\enrik\lib\oracle-cli\Lib\site-packages\pip_internal\metadata__pycache__ -> G:\AI\E-zzio\runtime\cache__pycache__
2026-08-09 22:40:46.403 | MOVE CANDIDATE | C:\Users\enrik\lib\oracle-cli\Lib\site-packages\pip_internal\metadata\importlib__pycache__ -> G:\AI\E-zzio\runtime\cache__pycache__
2026-08-09 22:40:46.404 | MOVE CANDIDATE | C:\Users\enrik\lib\oracle-cli\Lib\site-packages\pip_internal\models__pycache__ -> G:\AI\E-zzio\runtime\cache__pycache__
2026-08-09 22:40:46.406 | MOVE CANDIDATE | C:\Users\enrik\lib\oracle-cli\Lib\site-packages\pip_internal\network__pycache__ -> G:\AI\E-zzio\runtime\cache__pycache__
2026-08-09 22:40:46.407 | MOVE CANDIDATE | C:\Users\enrik\lib\oracle-cli\Lib\site-packages\pip_internal\operations__pycache__ -> G:\AI\E-zzio\runtime\cache__pycache__
2026-08-09 22:40:46.408 | MOVE CANDIDATE | C:\Users\enrik\lib\oracle-cli\Lib\site-packages\pip_internal\operations\build__pycache__ -> G:\AI\E-zzio\runtime\cache__pycache__
2026-08-09 22:40:46.410 | MOVE CANDIDATE | C:\Users\enrik\lib\oracle-cli\Lib\site-packages\pip_internal\operations\install__pycache__ -> G:\AI\E-zzio\runtime\cache__pycache__
2026-08-09 22:40:46.411 | MOVE CANDIDATE | C:\Users\enrik\lib\oracle-cli\Lib\site-packages\pip_internal\req__pycache__ -> G:\AI\E-zzio\runtime\cache__pycache__
2026-08-09 22:40:46.412 | MOVE CANDIDATE | C:\Users\enrik\lib\oracle-cli\Lib\site-packages\pip_internal\resolution__pycache__ -> G:\AI\E-zzio\runtime\cache__pycache__
2026-08-09 22:40:46.413 | MOVE CANDIDATE | C:\Users\enrik\lib\oracle-cli\Lib\site-packages\pip_internal\resolution\legacy__pycache__ -> G:\AI\E-zzio\runtime\cache__pycache__
2026-08-09 22:40:46.415 | MOVE CANDIDATE | C:\Users\enrik\lib\oracle-cli\Lib\site-packages\pip_internal\resolution\resolvelib__pycache__ -> G:\AI\E-zzio\runtime\cache__pycache__
2026-08-09 22:40:46.417 | MOVE CANDIDATE | C:\Users\enrik\lib\oracle-cli\Lib\site-packages\pip_internal\utils__pycache__ -> G:\AI\E-zzio\runtime\cache__pycache__
2026-08-09 22:40:46.418 | MOVE CANDIDATE | C:\Users\enrik\lib\oracle-cli\Lib\site-packages\pip_internal\vcs__pycache__ -> G:\AI\E-zzio\runtime\cache__pycache__
2026-08-09 22:40:46.420 | MOVE CANDIDATE | C:\Users\enrik\lib\oracle-cli\Lib\site-packages\pip_vendor__pycache__ -> G:\AI\E-zzio\runtime\cache__pycache__
2026-08-09 22:40:46.421 | MOVE CANDIDATE | C:\Users\enrik\lib\oracle-cli\Lib\site-packages\pip_vendor\cachecontrol__pycache__ -> G:\AI\E-zzio\runtime\cache__pycache__
2026-08-09 22:40:46.423 | MOVE CANDIDATE | C:\Users\enrik\lib\oracle-cli\Lib\site-packages\pip_vendor\cachecontrol\caches__pycache__ -> G:\AI\E-zzio\runtime\cache__pycache__
2026-08-09 22:40:46.424 | MOVE CANDIDATE | C:\Users\enrik\lib\oracle-cli\Lib\site-packages\pip_vendor\certifi__pycache__ -> G:\AI\E-zzio\runtime\cache__pycache__
2026-08-09 22:40:46.426 | MOVE CANDIDATE | C:\Users\enrik\lib\oracle-cli\Lib\site-packages\pip_vendor\distlib__pycache__ -> G:\AI\E-zzio\runtime\cache__pycache__
2026-08-09 22:40:46.427 | MOVE CANDIDATE | C:\Users\enrik\lib\oracle-cli\Lib\site-packages\pip_vendor\distro__pycache__ -> G:\AI\E-zzio\runtime\cache__pycache__
2026-08-09 22:40:46.428 | MOVE CANDIDATE | C:\Users\enrik\lib\oracle-cli\Lib\site-packages\pip_vendor\idna__pycache__ -> G:\AI\E-zzio\runtime\cache__pycache__
2026-08-09 22:40:46.430 | MOVE CANDIDATE | C:\Users\enrik\lib\oracle-cli\Lib\site-packages\pip_vendor\msgpack__pycache__ -> G:\AI\E-zzio\runtime\cache__pycache__
2026-08-09 22:40:46.432 | MOVE CANDIDATE | C:\Users\enrik\lib\oracle-cli\Lib\site-packages\pip_vendor\packaging__pycache__ -> G:\AI\E-zzio\runtime\cache__pycache__
2026-08-09 22:40:46.433 | MOVE CANDIDATE | C:\Users\enrik\lib\oracle-cli\Lib\site-packages\pip_vendor\packaging\licenses__pycache__ -> G:\AI\E-zzio\runtime\cache__pycache__
2026-08-09 22:40:46.434 | MOVE CANDIDATE | C:\Users\enrik\lib\oracle-cli\Lib\site-packages\pip_vendor\pkg_resources__pycache__ -> G:\AI\E-zzio\runtime\cache__pycache__
2026-08-09 22:40:46.436 | MOVE CANDIDATE | C:\Users\enrik\lib\oracle-cli\Lib\site-packages\pip_vendor\platformdirs__pycache__ -> G:\AI\E-zzio\runtime\cache__pycache__
2026-08-09 22:40:46.437 | MOVE CANDIDATE | C:\Users\enrik\lib\oracle-cli\Lib\site-packages\pip_vendor\pygments__pycache__ -> G:\AI\E-zzio\runtime\cache__pycache__
2026-08-09 22:40:46.439 | MOVE CANDIDATE | C:\Users\enrik\lib\oracle-cli\Lib\site-packages\pip_vendor\pygments\filters__pycache__ -> G:\AI\E-zzio\runtime\cache__pycache__
2026-08-09 22:40:46.440 | MOVE CANDIDATE | C:\Users\enrik\lib\oracle-cli\Lib\site-packages\pip_vendor\pygments\formatters__pycache__ -> G:\AI\E-zzio\runtime\cache__pycache__
2026-08-09 22:40:46.442 | MOVE CANDIDATE | C:\Users\enrik\lib\oracle-cli\Lib\site-packages\pip_vendor\pygments\lexers__pycache__ -> G:\AI\E-zzio\runtime\cache__pycache__
2026-08-09 22:40:46.443 | MOVE CANDIDATE | C:\Users\enrik\lib\oracle-cli\Lib\site-packages\pip_vendor\pygments\styles__pycache__ -> G:\AI\E-zzio\runtime\cache__pycache__
2026-08-09 22:40:46.444 | MOVE CANDIDATE | C:\Users\enrik\lib\oracle-cli\Lib\site-packages\pip_vendor\pyproject_hooks__pycache__ -> G:\AI\E-zzio\runtime\cache__pycache__
2026-08-09 22:40:46.446 | MOVE CANDIDATE | C:\Users\enrik\lib\oracle-cli\Lib\site-packages\pip_vendor\pyproject_hooks_in_process__pycache__ -> G:\AI\E-zzio\runtime\cache__pycache__
2026-08-09 22:40:46.448 | MOVE CANDIDATE | C:\Users\enrik\lib\oracle-cli\Lib\site-packages\pip_vendor\requests__pycache__ -> G:\AI\E-zzio\runtime\cache__pycache__
2026-08-09 22:40:46.449 | MOVE CANDIDATE | C:\Users\enrik\lib\oracle-cli\Lib\site-packages\pip_vendor\resolvelib__pycache__ -> G:\AI\E-zzio\runtime\cache__pycache__
2026-08-09 22:40:46.450 | MOVE CANDIDATE | C:\Users\enrik\lib\oracle-cli\Lib\site-packages\pip_vendor\resolvelib\resolvers__pycache__ -> G:\AI\E-zzio\runtime\cache__pycache__
2026-08-09 22:40:46.452 | MOVE CANDIDATE | C:\Users\enrik\lib\oracle-cli\Lib\site-packages\pip_vendor\rich__pycache__ -> G:\AI\E-zzio\runtime\cache__pycache__
2026-08-09 22:40:46.453 | MOVE CANDIDATE | C:\Users\enrik\lib\oracle-cli\Lib\site-packages\pip_vendor\tomli_w__pycache__ -> G:\AI\E-zzio\runtime\cache__pycache__
2026-08-09 22:40:46.454 | MOVE CANDIDATE | C:\Users\enrik\lib\oracle-cli\Lib\site-packages\pip_vendor\tomli__pycache__ -> G:\AI\E-zzio\runtime\cache__pycache__
2026-08-09 22:40:46.455 | MOVE CANDIDATE | C:\Users\enrik\lib\oracle-cli\Lib\site-packages\pip_vendor\truststore__pycache__ -> G:\AI\E-zzio\runtime\cache__pycache__
2026-08-09 22:40:46.457 | MOVE CANDIDATE | C:\Users\enrik\lib\oracle-cli\Lib\site-packages\pip_vendor\urllib3__pycache__ -> G:\AI\E-zzio\runtime\cache__pycache__
2026-08-09 22:40:46.458 | MOVE CANDIDATE | C:\Users\enrik\lib\oracle-cli\Lib\site-packages\pip_vendor\urllib3\contrib__pycache__ -> G:\AI\E-zzio\runtime\cache__pycache__
2026-08-09 22:40:46.460 | MOVE CANDIDATE | C:\Users\enrik\lib\oracle-cli\Lib\site-packages\pip_vendor\urllib3\contrib\emscripten__pycache__ -> G:\AI\E-zzio\runtime\cache__pycache__
2026-08-09 22:40:46.463 | MOVE CANDIDATE | C:\Users\enrik\lib\oracle-cli\Lib\site-packages\pip_vendor\urllib3\http2__pycache__ -> G:\AI\E-zzio\runtime\cache__pycache__
2026-08-09 22:40:46.465 | MOVE CANDIDATE | C:\Users\enrik\lib\oracle-cli\Lib\site-packages\pip_vendor\urllib3\util__pycache__ -> G:\AI\E-zzio\runtime\cache__pycache__
2026-08-09 22:40:46.467 | MOVE CANDIDATE | C:\Users\enrik\lib\oracle-cli\Lib\site-packages\pkg_resources__pycache__ -> G:\AI\E-zzio\runtime\cache__pycache__
2026-08-09 22:40:46.469 | MOVE CANDIDATE | C:\Users\enrik\lib\oracle-cli\Lib\site-packages\pkg_resources\tests__pycache__ -> G:\AI\E-zzio\runtime\cache__pycache__
2026-08-09 22:40:46.470 | MOVE CANDIDATE | C:\Users\enrik\lib\oracle-cli\Lib\site-packages\pkg_resources\tests\data\my-test-package-source__pycache__ -> G:\AI\E-zzio\runtime\cache__pycache__
2026-08-09 22:40:46.472 | MOVE CANDIDATE | C:\Users\enrik\lib\oracle-cli\Lib\site-packages\prompt_toolkit__pycache__ -> G:\AI\E-zzio\runtime\cache__pycache__
2026-08-09 22:40:46.474 | MOVE CANDIDATE | C:\Users\enrik\lib\oracle-cli\Lib\site-packages\prompt_toolkit\application__pycache__ -> G:\AI\E-zzio\runtime\cache__pycache__
2026-08-09 22:40:46.476 | MOVE CANDIDATE | C:\Users\enrik\lib\oracle-cli\Lib\site-packages\prompt_toolkit\clipboard__pycache__ -> G:\AI\E-zzio\runtime\cache__pycache__
2026-08-09 22:40:46.477 | MOVE CANDIDATE | C:\Users\enrik\lib\oracle-cli\Lib\site-packages\prompt_toolkit\completion__pycache__ -> G:\AI\E-zzio\runtime\cache__pycache__
2026-08-09 22:40:46.479 | MOVE CANDIDATE | C:\Users\enrik\lib\oracle-cli\Lib\site-packages\prompt_toolkit\contrib__pycache__ -> G:\AI\E-zzio\runtime\cache__pycache__
2026-08-09 22:40:46.481 | MOVE CANDIDATE | C:\Users\enrik\lib\oracle-cli\Lib\site-packages\prompt_toolkit\contrib\completers__pycache__ -> G:\AI\E-zzio\runtime\cache__pycache__
2026-08-09 22:40:46.482 | MOVE CANDIDATE | C:\Users\enrik\lib\oracle-cli\Lib\site-packages\prompt_toolkit\contrib\regular_languages__pycache__ -> G:\AI\E-zzio\runtime\cache__pycache__
2026-08-09 22:40:46.484 | MOVE CANDIDATE | C:\Users\enrik\lib\oracle-cli\Lib\site-packages\prompt_toolkit\contrib\ssh__pycache__ -> G:\AI\E-zzio\runtime\cache__pycache__
2026-08-09 22:40:46.485 | MOVE CANDIDATE | C:\Users\enrik\lib\oracle-cli\Lib\site-packages\prompt_toolkit\contrib\telnet__pycache__ -> G:\AI\E-zzio\runtime\cache__pycache__
2026-08-09 22:40:46.487 | MOVE CANDIDATE | C:\Users\enrik\lib\oracle-cli\Lib\site-packages\prompt_toolkit\eventloop__pycache__ -> G:\AI\E-zzio\runtime\cache__pycache__
2026-08-09 22:40:46.488 | MOVE CANDIDATE | C:\Users\enrik\lib\oracle-cli\Lib\site-packages\prompt_toolkit\filters__pycache__ -> G:\AI\E-zzio\runtime\cache__pycache__
2026-08-09 22:40:46.490 | MOVE CANDIDATE | C:\Users\enrik\lib\oracle-cli\Lib\site-packages\prompt_toolkit\formatted_text__pycache__ -> G:\AI\E-zzio\runtime\cache__pycache__
2026-08-09 22:40:46.491 | MOVE CANDIDATE | C:\Users\enrik\lib\oracle-cli\Lib\site-packages\prompt_toolkit\input__pycache__ -> G:\AI\E-zzio\runtime\cache__pycache__
2026-08-09 22:40:46.492 | MOVE CANDIDATE | C:\Users\enrik\lib\oracle-cli\Lib\site-packages\prompt_toolkit\key_binding__pycache__ -> G:\AI\E-zzio\runtime\cache__pycache__
2026-08-09 22:40:46.494 | MOVE CANDIDATE | C:\Users\enrik\lib\oracle-cli\Lib\site-packages\prompt_toolkit\key_binding\bindings__pycache__ -> G:\AI\E-zzio\runtime\cache__pycache__
2026-08-09 22:40:46.495 | MOVE CANDIDATE | C:\Users\enrik\lib\oracle-cli\Lib\site-packages\prompt_toolkit\layout__pycache__ -> G:\AI\E-zzio\runtime\cache__pycache__
2026-08-09 22:40:46.496 | MOVE CANDIDATE | C:\Users\enrik\lib\oracle-cli\Lib\site-packages\prompt_toolkit\lexers__pycache__ -> G:\AI\E-zzio\runtime\cache__pycache__
2026-08-09 22:40:46.498 | MOVE CANDIDATE | C:\Users\enrik\lib\oracle-cli\Lib\site-packages\prompt_toolkit\output__pycache__ -> G:\AI\E-zzio\runtime\cache__pycache__
2026-08-09 22:40:46.499 | MOVE CANDIDATE | C:\Users\enrik\lib\oracle-cli\Lib\site-packages\prompt_toolkit\shortcuts__pycache__ -> G:\AI\E-zzio\runtime\cache__pycache__
2026-08-09 22:40:46.500 | MOVE CANDIDATE | C:\Users\enrik\lib\oracle-cli\Lib\site-packages\prompt_toolkit\shortcuts\progress_bar__pycache__ -> G:\AI\E-zzio\runtime\cache__pycache__
2026-08-09 22:40:46.505 | MOVE CANDIDATE | C:\Users\enrik\lib\oracle-cli\Lib\site-packages\prompt_toolkit\styles__pycache__ -> G:\AI\E-zzio\runtime\cache__pycache__
2026-08-09 22:40:46.506 | MOVE CANDIDATE | C:\Users\enrik\lib\oracle-cli\Lib\site-packages\prompt_toolkit\widgets__pycache__ -> G:\AI\E-zzio\runtime\cache__pycache__
2026-08-09 22:40:46.508 | MOVE CANDIDATE | C:\Users\enrik\lib\oracle-cli\Lib\site-packages\pycparser__pycache__ -> G:\AI\E-zzio\runtime\cache__pycache__
2026-08-09 22:40:46.509 | MOVE CANDIDATE | C:\Users\enrik\lib\oracle-cli\Lib\site-packages\pytz__pycache__ -> G:\AI\E-zzio\runtime\cache__pycache__
2026-08-09 22:40:46.511 | MOVE CANDIDATE | C:\Users\enrik\lib\oracle-cli\Lib\site-packages\services__pycache__ -> G:\AI\E-zzio\runtime\cache__pycache__
2026-08-09 22:40:46.512 | MOVE CANDIDATE | C:\Users\enrik\lib\oracle-cli\Lib\site-packages\services\access_governance_cp__pycache__ -> G:\AI\E-zzio\runtime\cache__pycache__
2026-08-09 22:40:46.513 | MOVE CANDIDATE | C:\Users\enrik\lib\oracle-cli\Lib\site-packages\services\access_governance_cp\src__pycache__ -> G:\AI\E-zzio\runtime\cache__pycache__
2026-08-09 22:40:46.514 | MOVE CANDIDATE | C:\Users\enrik\lib\oracle-cli\Lib\site-packages\services\access_governance_cp\src\oci_cli_access_governance_cp__pycache__ -> G:\AI\E-zzio\runtime\cache__pycache__
2026-08-09 22:40:46.516 | MOVE CANDIDATE | C:\Users\enrik\lib\oracle-cli\Lib\site-packages\services\access_governance_cp\src\oci_cli_access_governance_cp\generated__pycache__ -> G:\AI\E-zzio\runtime\cache__pycache__
2026-08-09 22:40:46.517 | MOVE CANDIDATE | C:\Users\enrik\lib\oracle-cli\Lib\site-packages\services\access_governance_cp\tests__pycache__ -> G:\AI\E-zzio\runtime\cache__pycache__
2026-08-09 22:40:46.518 | MOVE CANDIDATE | C:\Users\enrik\lib\oracle-cli\Lib\site-packages\services\adm__pycache__ -> G:\AI\E-zzio\runtime\cache__pycache__
2026-08-09 22:40:46.519 | MOVE CANDIDATE | C:\Users\enrik\lib\oracle-cli\Lib\site-packages\services\adm\src__pycache__ -> G:\AI\E-zzio\runtime\cache__pycache__
2026-08-09 22:40:46.520 | MOVE CANDIDATE | C:\Users\enrik\lib\oracle-cli\Lib\site-packages\services\adm\src\oci_cli_application_dependency_management__pycache__ -> G:\AI\E-zzio\runtime\cache__pycache__
2026-08-09 22:40:46.522 | MOVE CANDIDATE | C:\Users\enrik\lib\oracle-cli\Lib\site-packages\services\adm\src\oci_cli_application_dependency_management\generated__pycache__ -> G:\AI\E-zzio\runtime\cache__pycache__
2026-08-09 22:40:46.523 | MOVE CANDIDATE | C:\Users\enrik\lib\oracle-cli\Lib\site-packages\services\adm\tests__pycache__ -> G:\AI\E-zzio\runtime\cache__pycache__
2026-08-09 22:40:46.524 | MOVE CANDIDATE | C:\Users\enrik\lib\oracle-cli\Lib\site-packages\services\ai_data_platform__pycache__ -> G:\AI\E-zzio\runtime\cache__pycache__
2026-08-09 22:40:46.526 | MOVE CANDIDATE | C:\Users\enrik\lib\oracle-cli\Lib\site-packages\services\ai_data_platform\src__pycache__ -> G:\AI\E-zzio\runtime\cache__pycache__
2026-08-09 22:40:46.527 | MOVE CANDIDATE | C:\Users\enrik\lib\oracle-cli\Lib\site-packages\services\ai_data_platform\src\oci_cli_ai_data_platform__pycache__ -> G:\AI\E-zzio\runtime\cache__pycache__
2026-08-09 22:40:46.528 | MOVE CANDIDATE | C:\Users\enrik\lib\oracle-cli\Lib\site-packages\services\ai_data_platform\src\oci_cli_ai_data_platform\generated__pycache__ -> G:\AI\E-zzio\runtime\cache__pycache__
2026-08-09 22:40:46.529 | MOVE CANDIDATE | C:\Users\enrik\lib\oracle-cli\Lib\site-packages\services\ai_data_platform\tests__pycache__ -> G:\AI\E-zzio\runtime\cache__pycache__
2026-08-09 22:40:46.530 | MOVE CANDIDATE | C:\Users\enrik\lib\oracle-cli\Lib\site-packages\services\ai_document__pycache__ -> G:\AI\E-zzio\runtime\cache__pycache__
2026-08-09 22:40:46.531 | MOVE CANDIDATE | C:\Users\enrik\lib\oracle-cli\Lib\site-packages\services\ai_document\src__pycache__ -> G:\AI\E-zzio\runtime\cache__pycache__
2026-08-09 22:40:46.533 | MOVE CANDIDATE | C:\Users\enrik\lib\oracle-cli\Lib\site-packages\services\ai_document\src\oci_cli_ai_service_document__pycache__ -> G:\AI\E-zzio\runtime\cache__pycache__
2026-08-09 22:40:46.534 | MOVE CANDIDATE | C:\Users\enrik\lib\oracle-cli\Lib\site-packages\services\ai_document\src\oci_cli_ai_service_document\generated__pycache__ -> G:\AI\E-zzio\runtime\cache__pycache__
2026-08-09 22:40:46.535 | MOVE CANDIDATE | C:\Users\enrik\lib\oracle-cli\Lib\site-packages\services\ai_document\tests__pycache__ -> G:\AI\E-zzio\runtime\cache__pycache__
2026-08-09 22:40:46.536 | MOVE CANDIDATE | C:\Users\enrik\lib\oracle-cli\Lib\site-packages\services\ai_language__pycache__ -> G:\AI\E-zzio\runtime\cache__pycache__
2026-08-09 22:40:46.537 | MOVE CANDIDATE | C:\Users\enrik\lib\oracle-cli\Lib\site-packages\services\ai_language\src__pycache__ -> G:\AI\E-zzio\runtime\cache__pycache__
2026-08-09 22:40:46.538 | MOVE CANDIDATE | C:\Users\enrik\lib\oracle-cli\Lib\site-packages\services\ai_language\src\oci_cli_ai_service_language__pycache__ -> G:\AI\E-zzio\runtime\cache__pycache__
2026-08-09 22:40:46.539 | MOVE CANDIDATE | C:\Users\enrik\lib\oracle-cli\Lib\site-packages\services\ai_language\src\oci_cli_ai_service_language\generated__pycache__ -> G:\AI\E-zzio\runtime\cache__pycache__
2026-08-09 22:40:46.541 | MOVE CANDIDATE | C:\Users\enrik\lib\oracle-cli\Lib\site-packages\services\ai_language\tests__pycache__ -> G:\AI\E-zzio\runtime\cache__pycache__
2026-08-09 22:40:46.543 | MOVE CANDIDATE | C:\Users\enrik\lib\oracle-cli\Lib\site-packages\services\ai_speech__pycache__ -> G:\AI\E-zzio\runtime\cache__pycache__
2026-08-09 22:40:46.544 | MOVE CANDIDATE | C:\Users\enrik\lib\oracle-cli\Lib\site-packages\services\ai_speech\src__pycache__ -> G:\AI\E-zzio\runtime\cache__pycache__
2026-08-09 22:40:46.545 | MOVE CANDIDATE | C:\Users\enrik\lib\oracle-cli\Lib\site-packages\services\ai_speech\src\oci_cli_ai_service_speech__pycache__ -> G:\AI\E-zzio\runtime\cache__pycache__
2026-08-09 22:40:46.546 | MOVE CANDIDATE | C:\Users\enrik\lib\oracle-cli\Lib\site-packages\services\ai_speech\src\oci_cli_ai_service_speech\generated__pycache__ -> G:\AI\E-zzio\runtime\cache__pycache__
2026-08-09 22:40:46.547 | MOVE CANDIDATE | C:\Users\enrik\lib\oracle-cli\Lib\site-packages\services\ai_speech\tests__pycache__ -> G:\AI\E-zzio\runtime\cache__pycache__
2026-08-09 22:40:46.549 | MOVE CANDIDATE | C:\Users\enrik\lib\oracle-cli\Lib\site-packages\services\ai_vision__pycache__ -> G:\AI\E-zzio\runtime\cache__pycache__
2026-08-09 22:40:46.550 | MOVE CANDIDATE | C:\Users\enrik\lib\oracle-cli\Lib\site-packages\services\ai_vision\src__pycache__ -> G:\AI\E-zzio\runtime\cache__pycache__
2026-08-09 22:40:46.551 | MOVE CANDIDATE | C:\Users\enrik\lib\oracle-cli\Lib\site-packages\services\ai_vision\src\oci_cli_ai_service_vision__pycache__ -> G:\AI\E-zzio\runtime\cache__pycache__
2026-08-09 22:40:46.552 | MOVE CANDIDATE | C:\Users\enrik\lib\oracle-cli\Lib\site-packages\services\ai_vision\src\oci_cli_ai_service_vision\generated__pycache__ -> G:\AI\E-zzio\runtime\cache__pycache__
2026-08-09 22:40:46.553 | MOVE CANDIDATE | C:\Users\enrik\lib\oracle-cli\Lib\site-packages\services\ai_vision\tests__pycache__ -> G:\AI\E-zzio\runtime\cache__pycache__
2026-08-09 22:40:46.554 | MOVE CANDIDATE | C:\Users\enrik\lib\oracle-cli\Lib\site-packages\services\analytics__pycache__ -> G:\AI\E-zzio\runtime\cache__pycache__
2026-08-09 22:40:46.556 | MOVE CANDIDATE | C:\Users\enrik\lib\oracle-cli\Lib\site-packages\services\analytics\src__pycache__ -> G:\AI\E-zzio\runtime\cache__pycache__
2026-08-09 22:40:46.557 | MOVE CANDIDATE | C:\Users\enrik\lib\oracle-cli\Lib\site-packages\services\analytics\src\oci_cli_analytics__pycache__ -> G:\AI\E-zzio\runtime\cache__pycache__
2026-08-09 22:40:46.559 | MOVE CANDIDATE | C:\Users\enrik\lib\oracle-cli\Lib\site-packages\services\analytics\src\oci_cli_analytics\generated__pycache__ -> G:\AI\E-zzio\runtime\cache__pycache__
2026-08-09 22:40:46.560 | MOVE CANDIDATE | C:\Users\enrik\lib\oracle-cli\Lib\site-packages\services\analytics\tests__pycache__ -> G:\AI\E-zzio\runtime\cache__pycache__
2026-08-09 22:40:46.561 | MOVE CANDIDATE | C:\Users\enrik\lib\oracle-cli\Lib\site-packages\services\announcements_service__pycache__ -> G:\AI\E-zzio\runtime\cache__pycache__
2026-08-09 22:40:46.562 | MOVE CANDIDATE | C:\Users\enrik\lib\oracle-cli\Lib\site-packages\services\announcements_service\src__pycache__ -> G:\AI\E-zzio\runtime\cache__pycache__
2026-08-09 22:40:46.563 | MOVE CANDIDATE | C:\Users\enrik\lib\oracle-cli\Lib\site-packages\services\announcements_service\src\oci_cli_announcement_subscription__pycache__ -> G:\AI\E-zzio\runtime\cache__pycache__
2026-08-09 22:40:46.564 | MOVE CANDIDATE | C:\Users\enrik\lib\oracle-cli\Lib\site-packages\services\announcements_service\src\oci_cli_announcement_subscription\generated__pycache__ -> G:\AI\E-zzio\runtime\cache__pycache__
2026-08-09 22:40:46.566 | MOVE CANDIDATE | C:\Users\enrik\lib\oracle-cli\Lib\site-packages\services\announcements_service\src\oci_cli_announcement__pycache__ -> G:\AI\E-zzio\runtime\cache__pycache__
2026-08-09 22:40:46.567 | MOVE CANDIDATE | C:\Users\enrik\lib\oracle-cli\Lib\site-packages\services\announcements_service\src\oci_cli_announcement\generated__pycache__ -> G:\AI\E-zzio\runtime\cache__pycache__
2026-08-09 22:40:46.568 | MOVE CANDIDATE | C:\Users\enrik\lib\oracle-cli\Lib\site-packages\services\announcements_service\src\oci_cli_announcements_preferences__pycache__ -> G:\AI\E-zzio\runtime\cache__pycache__
2026-08-09 22:40:46.570 | MOVE CANDIDATE | C:\Users\enrik\lib\oracle-cli\Lib\site-packages\services\announcements_service\src\oci_cli_announcements_preferences\generated__pycache__ -> G:\AI\E-zzio\runtime\cache__pycache__
2026-08-09 22:40:46.571 | MOVE CANDIDATE | C:\Users\enrik\lib\oracle-cli\Lib\site-packages\services\announcements_service\src\oci_cli_announcements_service__pycache__ -> G:\AI\E-zzio\runtime\cache__pycache__
2026-08-09 22:40:46.572 | MOVE CANDIDATE | C:\Users\enrik\lib\oracle-cli\Lib\site-packages\services\announcements_service\src\oci_cli_announcements_service\generated__pycache__ -> G:\AI\E-zzio\runtime\cache__pycache__
2026-08-09 22:40:46.573 | MOVE CANDIDATE | C:\Users\enrik\lib\oracle-cli\Lib\site-packages\services\announcements_service\src\oci_cli_service__pycache__ -> G:\AI\E-zzio\runtime\cache__pycache__
2026-08-09 22:40:46.574 | MOVE CANDIDATE | C:\Users\enrik\lib\oracle-cli\Lib\site-packages\services\announcements_service\src\oci_cli_service\generated__pycache__ -> G:\AI\E-zzio\runtime\cache__pycache__
2026-08-09 22:40:46.576 | MOVE CANDIDATE | C:\Users\enrik\lib\oracle-cli\Lib\site-packages\services\announcements_service\tests__pycache__ -> G:\AI\E-zzio\runtime\cache__pycache__
2026-08-09 22:40:46.577 | MOVE CANDIDATE | C:\Users\enrik\lib\oracle-cli\Lib\site-packages\services\api_platform__pycache__ -> G:\AI\E-zzio\runtime\cache__pycache__
2026-08-09 22:40:46.578 | MOVE CANDIDATE | C:\Users\enrik\lib\oracle-cli\Lib\site-packages\services\api_platform\src__pycache__ -> G:\AI\E-zzio\runtime\cache__pycache__
2026-08-09 22:40:46.579 | MOVE CANDIDATE | C:\Users\enrik\lib\oracle-cli\Lib\site-packages\services\api_platform\src\oci_cli_api_platform__pycache__ -> G:\AI\E-zzio\runtime\cache__pycache__
2026-08-09 22:40:46.581 | MOVE CANDIDATE | C:\Users\enrik\lib\oracle-cli\Lib\site-packages\services\api_platform\src\oci_cli_api_platform\generated__pycache__ -> G:\AI\E-zzio\runtime\cache__pycache__
2026-08-09 22:40:46.582 | MOVE CANDIDATE | C:\Users\enrik\lib\oracle-cli\Lib\site-packages\services\api_platform\tests__pycache__ -> G:\AI\E-zzio\runtime\cache__pycache__
2026-08-09 22:40:46.583 | MOVE CANDIDATE | C:\Users\enrik\lib\oracle-cli\Lib\site-packages\services\apiaccesscontrol__pycache__ -> G:\AI\E-zzio\runtime\cache__pycache__
2026-08-09 22:40:46.585 | MOVE CANDIDATE | C:\Users\enrik\lib\oracle-cli\Lib\site-packages\services\apiaccesscontrol\src__pycache__ -> G:\AI\E-zzio\runtime\cache__pycache__
2026-08-09 22:40:46.586 | MOVE CANDIDATE | C:\Users\enrik\lib\oracle-cli\Lib\site-packages\services\apiaccesscontrol\src\oci_cli_api_metadata__pycache__ -> G:\AI\E-zzio\runtime\cache__pycache__
2026-08-09 22:40:46.587 | MOVE CANDIDATE | C:\Users\enrik\lib\oracle-cli\Lib\site-packages\services\apiaccesscontrol\src\oci_cli_api_metadata\generated__pycache__ -> G:\AI\E-zzio\runtime\cache__pycache__
2026-08-09 22:40:46.589 | MOVE CANDIDATE | C:\Users\enrik\lib\oracle-cli\Lib\site-packages\services\apiaccesscontrol\src\oci_cli_apiaccesscontrol__pycache__ -> G:\AI\E-zzio\runtime\cache__pycache__
2026-08-09 22:40:46.590 | MOVE CANDIDATE | C:\Users\enrik\lib\oracle-cli\Lib\site-packages\services\apiaccesscontrol\src\oci_cli_apiaccesscontrol\generated__pycache__ -> G:\AI\E-zzio\runtime\cache__pycache__
2026-08-09 22:40:46.591 | MOVE CANDIDATE | C:\Users\enrik\lib\oracle-cli\Lib\site-packages\services\apiaccesscontrol\src\oci_cli_privileged_api_control__pycache__ -> G:\AI\E-zzio\runtime\cache__pycache__
2026-08-09 22:40:46.596 | MOVE CANDIDATE | C:\Users\enrik\lib\oracle-cli\Lib\site-packages\services\apiaccesscontrol\src\oci_cli_privileged_api_control\generated__pycache__ -> G:\AI\E-zzio\runtime\cache__pycache__
2026-08-09 22:40:46.598 | MOVE CANDIDATE | C:\Users\enrik\lib\oracle-cli\Lib\site-packages\services\apiaccesscontrol\src\oci_cli_privileged_api_requests__pycache__ -> G:\AI\E-zzio\runtime\cache__pycache__
2026-08-09 22:40:46.599 | MOVE CANDIDATE | C:\Users\enrik\lib\oracle-cli\Lib\site-packages\services\apiaccesscontrol\src\oci_cli_privileged_api_requests\generated__pycache__ -> G:\AI\E-zzio\runtime\cache__pycache__
2026-08-09 22:40:46.600 | MOVE CANDIDATE | C:\Users\enrik\lib\oracle-cli\Lib\site-packages\services\apiaccesscontrol\src\oci_cli_privileged_api_work_request__pycache__ -> G:\AI\E-zzio\runtime\cache__pycache__
2026-08-09 22:40:46.601 | MOVE CANDIDATE | C:\Users\enrik\lib\oracle-cli\Lib\site-packages\services\apiaccesscontrol\src\oci_cli_privileged_api_work_request\generated__pycache__ -> G:\AI\E-zzio\runtime\cache__pycache__
2026-08-09 22:40:46.602 | MOVE CANDIDATE | C:\Users\enrik\lib\oracle-cli\Lib\site-packages\services\apiaccesscontrol\tests__pycache__ -> G:\AI\E-zzio\runtime\cache__pycache__
2026-08-09 22:40:46.605 | MOVE CANDIDATE | C:\Users\enrik\lib\oracle-cli\Lib\site-packages\services\apigateway__pycache__ -> G:\AI\E-zzio\runtime\cache__pycache__
2026-08-09 22:40:46.607 | MOVE CANDIDATE | C:\Users\enrik\lib\oracle-cli\Lib\site-packages\services\apigateway\src__pycache__ -> G:\AI\E-zzio\runtime\cache__pycache__
2026-08-09 22:40:46.608 | MOVE CANDIDATE | C:\Users\enrik\lib\oracle-cli\Lib\site-packages\services\apigateway\src\oci_cli_api_gateway__pycache__ -> G:\AI\E-zzio\runtime\cache__pycache__
2026-08-09 22:40:46.609 | MOVE CANDIDATE | C:\Users\enrik\lib\oracle-cli\Lib\site-packages\services\apigateway\src\oci_cli_api_gateway\generated__pycache__ -> G:\AI\E-zzio\runtime\cache__pycache__
2026-08-09 22:40:46.611 | MOVE CANDIDATE | C:\Users\enrik\lib\oracle-cli\Lib\site-packages\services\apigateway\src\oci_cli_apigateway__pycache__ -> G:\AI\E-zzio\runtime\cache__pycache__
2026-08-09 22:40:46.612 | MOVE CANDIDATE | C:\Users\enrik\lib\oracle-cli\Lib\site-packages\services\apigateway\src\oci_cli_apigateway\generated__pycache__ -> G:\AI\E-zzio\runtime\cache__pycache__
2026-08-09 22:40:46.613 | MOVE CANDIDATE | C:\Users\enrik\lib\oracle-cli\Lib\site-packages\services\apigateway\src\oci_cli_deployment__pycache__ -> G:\AI\E-zzio\runtime\cache__pycache__
2026-08-09 22:40:46.614 | MOVE CANDIDATE | C:\Users\enrik\lib\oracle-cli\Lib\site-packages\services\apigateway\src\oci_cli_deployment\generated__pycache__ -> G:\AI\E-zzio\runtime\cache__pycache__
2026-08-09 22:40:46.615 | MOVE CANDIDATE | C:\Users\enrik\lib\oracle-cli\Lib\site-packages\services\apigateway\src\oci_cli_gateway__pycache__ -> G:\AI\E-zzio\runtime\cache__pycache__
2026-08-09 22:40:46.616 | MOVE CANDIDATE | C:\Users\enrik\lib\oracle-cli\Lib\site-packages\services\apigateway\src\oci_cli_gateway\generated__pycache__ -> G:\AI\E-zzio\runtime\cache__pycache__
2026-08-09 22:40:46.617 | MOVE CANDIDATE | C:\Users\enrik\lib\oracle-cli\Lib\site-packages\services\apigateway\src\oci_cli_subscribers__pycache__ -> G:\AI\E-zzio\runtime\cache__pycache__
2026-08-09 22:40:46.619 | MOVE CANDIDATE | C:\Users\enrik\lib\oracle-cli\Lib\site-packages\services\apigateway\src\oci_cli_subscribers\generated__pycache__ -> G:\AI\E-zzio\runtime\cache__pycache__
2026-08-09 22:40:46.621 | MOVE CANDIDATE | C:\Users\enrik\lib\oracle-cli\Lib\site-packages\services\apigateway\src\oci_cli_usage_plans__pycache__ -> G:\AI\E-zzio\runtime\cache__pycache__
2026-08-09 22:40:46.622 | MOVE CANDIDATE | C:\Users\enrik\lib\oracle-cli\Lib\site-packages\services\apigateway\src\oci_cli_usage_plans\generated__pycache__ -> G:\AI\E-zzio\runtime\cache__pycache__
2026-08-09 22:40:46.623 | MOVE CANDIDATE | C:\Users\enrik\lib\oracle-cli\Lib\site-packages\services\apigateway\src\oci_cli_work_requests__pycache__ -> G:\AI\E-zzio\runtime\cache__pycache__
2026-08-09 22:40:46.624 | MOVE CANDIDATE | C:\Users\enrik\lib\oracle-cli\Lib\site-packages\services\apigateway\src\oci_cli_work_requests\generated__pycache__ -> G:\AI\E-zzio\runtime\cache__pycache__
2026-08-09 22:40:46.625 | MOVE CANDIDATE | C:\Users\enrik\lib\oracle-cli\Lib\site-packages\services\apigateway\tests__pycache__ -> G:\AI\E-zzio\runtime\cache__pycache__
2026-08-09 22:40:46.627 | MOVE CANDIDATE | C:\Users\enrik\lib\oracle-cli\Lib\site-packages\services\apm_config__pycache__ -> G:\AI\E-zzio\runtime\cache__pycache__
2026-08-09 22:40:46.628 | MOVE CANDIDATE | C:\Users\enrik\lib\oracle-cli\Lib\site-packages\services\apm_config\src__pycache__ -> G:\AI\E-zzio\runtime\cache__pycache__
2026-08-09 22:40:46.629 | MOVE CANDIDATE | C:\Users\enrik\lib\oracle-cli\Lib\site-packages\services\apm_config\src\oci_cli_config__pycache__ -> G:\AI\E-zzio\runtime\cache__pycache__
2026-08-09 22:40:46.630 | MOVE CANDIDATE | C:\Users\enrik\lib\oracle-cli\Lib\site-packages\services\apm_config\src\oci_cli_config\generated__pycache__ -> G:\AI\E-zzio\runtime\cache__pycache__
2026-08-09 22:40:46.632 | MOVE CANDIDATE | C:\Users\enrik\lib\oracle-cli\Lib\site-packages\services\apm_config\tests__pycache__ -> G:\AI\E-zzio\runtime\cache__pycache__
2026-08-09 22:40:46.633 | MOVE CANDIDATE | C:\Users\enrik\lib\oracle-cli\Lib\site-packages\services\apm_control_plane__pycache__ -> G:\AI\E-zzio\runtime\cache__pycache__
2026-08-09 22:40:46.634 | MOVE CANDIDATE | C:\Users\enrik\lib\oracle-cli\Lib\site-packages\services\apm_control_plane\src__pycache__ -> G:\AI\E-zzio\runtime\cache__pycache__
2026-08-09 22:40:46.636 | MOVE CANDIDATE | C:\Users\enrik\lib\oracle-cli\Lib\site-packages\services\apm_control_plane\src\oci_cli_apm_domain__pycache__ -> G:\AI\E-zzio\runtime\cache__pycache__
2026-08-09 22:40:46.637 | MOVE CANDIDATE | C:\Users\enrik\lib\oracle-cli\Lib\site-packages\services\apm_control_plane\src\oci_cli_apm_domain\generated__pycache__ -> G:\AI\E-zzio\runtime\cache__pycache__
2026-08-09 22:40:46.638 | MOVE CANDIDATE | C:\Users\enrik\lib\oracle-cli\Lib\site-packages\services\apm_control_plane\tests__pycache__ -> G:\AI\E-zzio\runtime\cache__pycache__
2026-08-09 22:40:46.640 | MOVE CANDIDATE | C:\Users\enrik\lib\oracle-cli\Lib\site-packages\services\apm_synthetics__pycache__ -> G:\AI\E-zzio\runtime\cache__pycache__
2026-08-09 22:40:46.641 | MOVE CANDIDATE | C:\Users\enrik\lib\oracle-cli\Lib\site-packages\services\apm_synthetics\src__pycache__ -> G:\AI\E-zzio\runtime\cache__pycache__
2026-08-09 22:40:46.642 | MOVE CANDIDATE | C:\Users\enrik\lib\oracle-cli\Lib\site-packages\services\apm_synthetics\src\oci_cli_apm_synthetic__pycache__ -> G:\AI\E-zzio\runtime\cache__pycache__
2026-08-09 22:40:46.643 | MOVE CANDIDATE | C:\Users\enrik\lib\oracle-cli\Lib\site-packages\services\apm_synthetics\src\oci_cli_apm_synthetic\generated__pycache__ -> G:\AI\E-zzio\runtime\cache__pycache__
2026-08-09 22:40:46.644 | MOVE CANDIDATE | C:\Users\enrik\lib\oracle-cli\Lib\site-packages\services\apm_synthetics\tests__pycache__ -> G:\AI\E-zzio\runtime\cache__pycache__
2026-08-09 22:40:46.646 | MOVE CANDIDATE | C:\Users\enrik\lib\oracle-cli\Lib\site-packages\services\apm_traces__pycache__ -> G:\AI\E-zzio\runtime\cache__pycache__
2026-08-09 22:40:46.647 | MOVE CANDIDATE | C:\Users\enrik\lib\oracle-cli\Lib\site-packages\services\apm_traces\src__pycache__ -> G:\AI\E-zzio\runtime\cache__pycache__
2026-08-09 22:40:46.648 | MOVE CANDIDATE | C:\Users\enrik\lib\oracle-cli\Lib\site-packages\services\apm_traces\src\oci_cli_apm_traces__pycache__ -> G:\AI\E-zzio\runtime\cache__pycache__
2026-08-09 22:40:46.649 | MOVE CANDIDATE | C:\Users\enrik\lib\oracle-cli\Lib\site-packages\services\apm_traces\src\oci_cli_apm_traces\generated__pycache__ -> G:\AI\E-zzio\runtime\cache__pycache__
2026-08-09 22:40:46.651 | MOVE CANDIDATE | C:\Users\enrik\lib\oracle-cli\Lib\site-packages\services\apm_traces\src\oci_cli_attributes__pycache__ -> G:\AI\E-zzio\runtime\cache__pycache__
2026-08-09 22:40:46.652 | MOVE CANDIDATE | C:\Users\enrik\lib\oracle-cli\Lib\site-packages\services\apm_traces\src\oci_cli_attributes\generated__pycache__ -> G:\AI\E-zzio\runtime\cache__pycache__
2026-08-09 22:40:46.653 | MOVE CANDIDATE | C:\Users\enrik\lib\oracle-cli\Lib\site-packages\services\apm_traces\src\oci_cli_query__pycache__ -> G:\AI\E-zzio\runtime\cache__pycache__
2026-08-09 22:40:46.654 | MOVE CANDIDATE | C:\Users\enrik\lib\oracle-cli\Lib\site-packages\services\apm_traces\src\oci_cli_query\generated__pycache__ -> G:\AI\E-zzio\runtime\cache__pycache__
2026-08-09 22:40:46.655 | MOVE CANDIDATE | C:\Users\enrik\lib\oracle-cli\Lib\site-packages\services\apm_traces\src\oci_cli_scheduled_query__pycache__ -> G:\AI\E-zzio\runtime\cache__pycache__
2026-08-09 22:40:46.656 | MOVE CANDIDATE | C:\Users\enrik\lib\oracle-cli\Lib\site-packages\services\apm_traces\src\oci_cli_scheduled_query\generated__pycache__ -> G:\AI\E-zzio\runtime\cache__pycache__
2026-08-09 22:40:46.657 | MOVE CANDIDATE | C:\Users\enrik\lib\oracle-cli\Lib\site-packages\services\apm_traces\src\oci_cli_trace__pycache__ -> G:\AI\E-zzio\runtime\cache__pycache__
2026-08-09 22:40:46.659 | MOVE CANDIDATE | C:\Users\enrik\lib\oracle-cli\Lib\site-packages\services\apm_traces\src\oci_cli_trace\generated__pycache__ -> G:\AI\E-zzio\runtime\cache__pycache__
2026-08-09 22:40:46.660 | MOVE CANDIDATE | C:\Users\enrik\lib\oracle-cli\Lib\site-packages\services\apm_traces\tests__pycache__ -> G:\AI\E-zzio\runtime\cache__pycache__
2026-08-09 22:40:46.661 | MOVE CANDIDATE | C:\Users\enrik\lib\oracle-cli\Lib\site-packages\services\appmgmt_control__pycache__ -> G:\AI\E-zzio\runtime\cache__pycache__
2026-08-09 22:40:46.662 | MOVE CANDIDATE | C:\Users\enrik\lib\oracle-cli\Lib\site-packages\services\appmgmt_control\src__pycache__ -> G:\AI\E-zzio\runtime\cache__pycache__
2026-08-09 22:40:46.663 | MOVE CANDIDATE | C:\Users\enrik\lib\oracle-cli\Lib\site-packages\services\appmgmt_control\src\oci_cli_appmgmt_control__pycache__ -> G:\AI\E-zzio\runtime\cache__pycache__
2026-08-09 22:40:46.664 | MOVE CANDIDATE | C:\Users\enrik\lib\oracle-cli\Lib\site-packages\services\appmgmt_control\src\oci_cli_appmgmt_control\generated__pycache__ -> G:\AI\E-zzio\runtime\cache__pycache__
2026-08-09 22:40:46.666 | MOVE CANDIDATE | C:\Users\enrik\lib\oracle-cli\Lib\site-packages\services\appmgmt_control\tests__pycache__ -> G:\AI\E-zzio\runtime\cache__pycache__
2026-08-09 22:40:46.667 | MOVE CANDIDATE | C:\Users\enrik\lib\oracle-cli\Lib\site-packages\services\artifacts__pycache__ -> G:\AI\E-zzio\runtime\cache__pycache__
2026-08-09 22:40:46.668 | MOVE CANDIDATE | C:\Users\enrik\lib\oracle-cli\Lib\site-packages\services\artifacts\src__pycache__ -> G:\AI\E-zzio\runtime\cache__pycache__
2026-08-09 22:40:46.669 | MOVE CANDIDATE | C:\Users\enrik\lib\oracle-cli\Lib\site-packages\services\artifacts\src\oci_cli_artifacts__pycache__ -> G:\AI\E-zzio\runtime\cache__pycache__
2026-08-09 22:40:46.671 | MOVE CANDIDATE | C:\Users\enrik\lib\oracle-cli\Lib\site-packages\services\artifacts\src\oci_cli_artifacts\generated__pycache__ -> G:\AI\E-zzio\runtime\cache__pycache__
2026-08-09 22:40:46.672 | MOVE CANDIDATE | C:\Users\enrik\lib\oracle-cli\Lib\site-packages\services\artifacts\tests__pycache__ -> G:\AI\E-zzio\runtime\cache__pycache__
2026-08-09 22:40:46.673 | MOVE CANDIDATE | C:\Users\enrik\lib\oracle-cli\Lib\site-packages\services\audit__pycache__ -> G:\AI\E-zzio\runtime\cache__pycache__
2026-08-09 22:40:46.674 | MOVE CANDIDATE | C:\Users\enrik\lib\oracle-cli\Lib\site-packages\services\audit\src__pycache__ -> G:\AI\E-zzio\runtime\cache__pycache__
2026-08-09 22:40:46.675 | MOVE CANDIDATE | C:\Users\enrik\lib\oracle-cli\Lib\site-packages\services\audit\src\oci_cli_audit__pycache__ -> G:\AI\E-zzio\runtime\cache__pycache__
2026-08-09 22:40:46.676 | MOVE CANDIDATE | C:\Users\enrik\lib\oracle-cli\Lib\site-packages\services\audit\src\oci_cli_audit\generated__pycache__ -> G:\AI\E-zzio\runtime\cache__pycache__
2026-08-09 22:40:46.677 | MOVE CANDIDATE | C:\Users\enrik\lib\oracle-cli\Lib\site-packages\services\audit\tests__pycache__ -> G:\AI\E-zzio\runtime\cache__pycache__
2026-08-09 22:40:46.678 | MOVE CANDIDATE | C:\Users\enrik\lib\oracle-cli\Lib\site-packages\services\autoscaling__pycache__ -> G:\AI\E-zzio\runtime\cache__pycache__
2026-08-09 22:40:46.679 | MOVE CANDIDATE | C:\Users\enrik\lib\oracle-cli\Lib\site-packages\services\autoscaling\src__pycache__ -> G:\AI\E-zzio\runtime\cache__pycache__
2026-08-09 22:40:46.681 | MOVE CANDIDATE | C:\Users\enrik\lib\oracle-cli\Lib\site-packages\services\autoscaling\src\oci_cli_auto_scaling__pycache__ -> G:\AI\E-zzio\runtime\cache__pycache__
2026-08-09 22:40:46.682 | MOVE CANDIDATE | C:\Users\enrik\lib\oracle-cli\Lib\site-packages\services\autoscaling\src\oci_cli_auto_scaling\generated__pycache__ -> G:\AI\E-zzio\runtime\cache__pycache__
2026-08-09 22:40:46.683 | MOVE CANDIDATE | C:\Users\enrik\lib\oracle-cli\Lib\site-packages\services\autoscaling\tests__pycache__ -> G:\AI\E-zzio\runtime\cache__pycache__
2026-08-09 22:40:46.689 | MOVE CANDIDATE | C:\Users\enrik\lib\oracle-cli\Lib\site-packages\services\bastion__pycache__ -> G:\AI\E-zzio\runtime\cache__pycache__
2026-08-09 22:40:46.690 | MOVE CANDIDATE | C:\Users\enrik\lib\oracle-cli\Lib\site-packages\services\bastion\src__pycache__ -> G:\AI\E-zzio\runtime\cache__pycache__
2026-08-09 22:40:46.691 | MOVE CANDIDATE | C:\Users\enrik\lib\oracle-cli\Lib\site-packages\services\bastion\src\oci_cli_bastion__pycache__ -> G:\AI\E-zzio\runtime\cache__pycache__
2026-08-09 22:40:46.692 | MOVE CANDIDATE | C:\Users\enrik\lib\oracle-cli\Lib\site-packages\services\bastion\src\oci_cli_bastion\generated__pycache__ -> G:\AI\E-zzio\runtime\cache__pycache__
2026-08-09 22:40:46.693 | MOVE CANDIDATE | C:\Users\enrik\lib\oracle-cli\Lib\site-packages\services\bastion\tests__pycache__ -> G:\AI\E-zzio\runtime\cache__pycache__
2026-08-09 22:40:46.695 | MOVE CANDIDATE | C:\Users\enrik\lib\oracle-cli\Lib\site-packages\services\batch__pycache__ -> G:\AI\E-zzio\runtime\cache__pycache__
2026-08-09 22:40:46.696 | MOVE CANDIDATE | C:\Users\enrik\lib\oracle-cli\Lib\site-packages\services\batch\src__pycache__ -> G:\AI\E-zzio\runtime\cache__pycache__
2026-08-09 22:40:46.697 | MOVE CANDIDATE | C:\Users\enrik\lib\oracle-cli\Lib\site-packages\services\batch\src\oci_cli_batch_computing__pycache__ -> G:\AI\E-zzio\runtime\cache__pycache__
2026-08-09 22:40:46.699 | MOVE CANDIDATE | C:\Users\enrik\lib\oracle-cli\Lib\site-packages\services\batch\src\oci_cli_batch_computing\generated__pycache__ -> G:\AI\E-zzio\runtime\cache__pycache__
2026-08-09 22:40:46.700 | MOVE CANDIDATE | C:\Users\enrik\lib\oracle-cli\Lib\site-packages\services\batch\tests__pycache__ -> G:\AI\E-zzio\runtime\cache__pycache__
2026-08-09 22:40:46.702 | MOVE CANDIDATE | C:\Users\enrik\lib\oracle-cli\Lib\site-packages\services\bds__pycache__ -> G:\AI\E-zzio\runtime\cache__pycache__
2026-08-09 22:40:46.703 | MOVE CANDIDATE | C:\Users\enrik\lib\oracle-cli\Lib\site-packages\services\bds\src__pycache__ -> G:\AI\E-zzio\runtime\cache__pycache__
2026-08-09 22:40:46.704 | MOVE CANDIDATE | C:\Users\enrik\lib\oracle-cli\Lib\site-packages\services\bds\src\oci_cli_bds__pycache__ -> G:\AI\E-zzio\runtime\cache__pycache__
2026-08-09 22:40:46.705 | MOVE CANDIDATE | C:\Users\enrik\lib\oracle-cli\Lib\site-packages\services\bds\src\oci_cli_bds\generated__pycache__ -> G:\AI\E-zzio\runtime\cache__pycache__
2026-08-09 22:40:46.706 | MOVE CANDIDATE | C:\Users\enrik\lib\oracle-cli\Lib\site-packages\services\bds\tests__pycache__ -> G:\AI\E-zzio\runtime\cache__pycache__
2026-08-09 22:40:46.707 | MOVE CANDIDATE | C:\Users\enrik\lib\oracle-cli\Lib\site-packages\services\blockchain__pycache__ -> G:\AI\E-zzio\runtime\cache__pycache__
2026-08-09 22:40:46.709 | MOVE CANDIDATE | C:\Users\enrik\lib\oracle-cli\Lib\site-packages\services\blockchain\src__pycache__ -> G:\AI\E-zzio\runtime\cache__pycache__
2026-08-09 22:40:46.710 | MOVE CANDIDATE | C:\Users\enrik\lib\oracle-cli\Lib\site-packages\services\blockchain\src\oci_cli_blockchain_platform__pycache__ -> G:\AI\E-zzio\runtime\cache__pycache__
2026-08-09 22:40:46.711 | MOVE CANDIDATE | C:\Users\enrik\lib\oracle-cli\Lib\site-packages\services\blockchain\src\oci_cli_blockchain_platform\generated__pycache__ -> G:\AI\E-zzio\runtime\cache__pycache__
2026-08-09 22:40:46.712 | MOVE CANDIDATE | C:\Users\enrik\lib\oracle-cli\Lib\site-packages\services\blockchain\tests__pycache__ -> G:\AI\E-zzio\runtime\cache__pycache__
2026-08-09 22:40:46.714 | MOVE CANDIDATE | C:\Users\enrik\lib\oracle-cli\Lib\site-packages\services\budget__pycache__ -> G:\AI\E-zzio\runtime\cache__pycache__
2026-08-09 22:40:46.715 | MOVE CANDIDATE | C:\Users\enrik\lib\oracle-cli\Lib\site-packages\services\budget\src__pycache__ -> G:\AI\E-zzio\runtime\cache__pycache__
2026-08-09 22:40:46.716 | MOVE CANDIDATE | C:\Users\enrik\lib\oracle-cli\Lib\site-packages\services\budget\src\oci_cli_budget__pycache__ -> G:\AI\E-zzio\runtime\cache__pycache__
2026-08-09 22:40:46.717 | MOVE CANDIDATE | C:\Users\enrik\lib\oracle-cli\Lib\site-packages\services\budget\src\oci_cli_budget\generated__pycache__ -> G:\AI\E-zzio\runtime\cache__pycache__
2026-08-09 22:40:46.719 | MOVE CANDIDATE | C:\Users\enrik\lib\oracle-cli\Lib\site-packages\services\budget\src\oci_cli_cost_ad__pycache__ -> G:\AI\E-zzio\runtime\cache__pycache__
2026-08-09 22:40:46.720 | MOVE CANDIDATE | C:\Users\enrik\lib\oracle-cli\Lib\site-packages\services\budget\src\oci_cli_cost_ad\generated__pycache__ -> G:\AI\E-zzio\runtime\cache__pycache__
2026-08-09 22:40:46.721 | MOVE CANDIDATE | C:\Users\enrik\lib\oracle-cli\Lib\site-packages\services\budget\tests__pycache__ -> G:\AI\E-zzio\runtime\cache__pycache__
2026-08-09 22:40:46.722 | MOVE CANDIDATE | C:\Users\enrik\lib\oracle-cli\Lib\site-packages\services\capacity_management__pycache__ -> G:\AI\E-zzio\runtime\cache__pycache__
2026-08-09 22:40:46.723 | MOVE CANDIDATE | C:\Users\enrik\lib\oracle-cli\Lib\site-packages\services\capacity_management\src__pycache__ -> G:\AI\E-zzio\runtime\cache__pycache__
2026-08-09 22:40:46.724 | MOVE CANDIDATE | C:\Users\enrik\lib\oracle-cli\Lib\site-packages\services\capacity_management\src\oci_cli_capacity_management__pycache__ -> G:\AI\E-zzio\runtime\cache__pycache__
2026-08-09 22:40:46.725 | MOVE CANDIDATE | C:\Users\enrik\lib\oracle-cli\Lib\site-packages\services\capacity_management\src\oci_cli_capacity_management\generated__pycache__ -> G:\AI\E-zzio\runtime\cache__pycache__
2026-08-09 22:40:46.726 | MOVE CANDIDATE | C:\Users\enrik\lib\oracle-cli\Lib\site-packages\services\capacity_management\src\oci_cli_demand_signal__pycache__ -> G:\AI\E-zzio\runtime\cache__pycache__
2026-08-09 22:40:46.728 | MOVE CANDIDATE | C:\Users\enrik\lib\oracle-cli\Lib\site-packages\services\capacity_management\src\oci_cli_demand_signal\generated__pycache__ -> G:\AI\E-zzio\runtime\cache__pycache__
2026-08-09 22:40:46.729 | MOVE CANDIDATE | C:\Users\enrik\lib\oracle-cli\Lib\site-packages\services\capacity_management\src\oci_cli_internal_demand_signal__pycache__ -> G:\AI\E-zzio\runtime\cache__pycache__
2026-08-09 22:40:46.730 | MOVE CANDIDATE | C:\Users\enrik\lib\oracle-cli\Lib\site-packages\services\capacity_management\src\oci_cli_internal_demand_signal\generated__pycache__ -> G:\AI\E-zzio\runtime\cache__pycache__
2026-08-09 22:40:46.731 | MOVE CANDIDATE | C:\Users\enrik\lib\oracle-cli\Lib\site-packages\services\capacity_management\tests__pycache__ -> G:\AI\E-zzio\runtime\cache__pycache__
2026-08-09 22:40:46.732 | MOVE CANDIDATE | C:\Users\enrik\lib\oracle-cli\Lib\site-packages\services\certificates_management__pycache__ -> G:\AI\E-zzio\runtime\cache__pycache__
2026-08-09 22:40:46.733 | MOVE CANDIDATE | C:\Users\enrik\lib\oracle-cli\Lib\site-packages\services\certificates_management\src__pycache__ -> G:\AI\E-zzio\runtime\cache__pycache__
2026-08-09 22:40:46.734 | MOVE CANDIDATE | C:\Users\enrik\lib\oracle-cli\Lib\site-packages\services\certificates_management\src\oci_cli_certificates_management__pycache__ -> G:\AI\E-zzio\runtime\cache__pycache__
2026-08-09 22:40:46.735 | MOVE CANDIDATE | C:\Users\enrik\lib\oracle-cli\Lib\site-packages\services\certificates_management\src\oci_cli_certificates_management\generated__pycache__ -> G:\AI\E-zzio\runtime\cache__pycache__
2026-08-09 22:40:46.737 | MOVE CANDIDATE | C:\Users\enrik\lib\oracle-cli\Lib\site-packages\services\certificates_management\tests__pycache__ -> G:\AI\E-zzio\runtime\cache__pycache__
2026-08-09 22:40:46.738 | MOVE CANDIDATE | C:\Users\enrik\lib\oracle-cli\Lib\site-packages\services\certificates__pycache__ -> G:\AI\E-zzio\runtime\cache__pycache__
2026-08-09 22:40:46.739 | MOVE CANDIDATE | C:\Users\enrik\lib\oracle-cli\Lib\site-packages\services\certificates\src__pycache__ -> G:\AI\E-zzio\runtime\cache__pycache__
2026-08-09 22:40:46.740 | MOVE CANDIDATE | C:\Users\enrik\lib\oracle-cli\Lib\site-packages\services\certificates\src\oci_cli_certificates__pycache__ -> G:\AI\E-zzio\runtime\cache__pycache__
2026-08-09 22:40:46.741 | MOVE CANDIDATE | C:\Users\enrik\lib\oracle-cli\Lib\site-packages\services\certificates\src\oci_cli_certificates\generated__pycache__ -> G:\AI\E-zzio\runtime\cache__pycache__
2026-08-09 22:40:46.743 | MOVE CANDIDATE | C:\Users\enrik\lib\oracle-cli\Lib\site-packages\services\certificates\tests__pycache__ -> G:\AI\E-zzio\runtime\cache__pycache__
2026-08-09 22:40:46.744 | MOVE CANDIDATE | C:\Users\enrik\lib\oracle-cli\Lib\site-packages\services\cims__pycache__ -> G:\AI\E-zzio\runtime\cache__pycache__
2026-08-09 22:40:46.745 | MOVE CANDIDATE | C:\Users\enrik\lib\oracle-cli\Lib\site-packages\services\cims\src__pycache__ -> G:\AI\E-zzio\runtime\cache__pycache__
2026-08-09 22:40:46.747 | MOVE CANDIDATE | C:\Users\enrik\lib\oracle-cli\Lib\site-packages\services\cims\src\oci_cli_incident__pycache__ -> G:\AI\E-zzio\runtime\cache__pycache__
2026-08-09 22:40:46.749 | MOVE CANDIDATE | C:\Users\enrik\lib\oracle-cli\Lib\site-packages\services\cims\src\oci_cli_incident\generated__pycache__ -> G:\AI\E-zzio\runtime\cache__pycache__
2026-08-09 22:40:46.750 | MOVE CANDIDATE | C:\Users\enrik\lib\oracle-cli\Lib\site-packages\services\cims\tests__pycache__ -> G:\AI\E-zzio\runtime\cache__pycache__
2026-08-09 22:40:46.751 | MOVE CANDIDATE | C:\Users\enrik\lib\oracle-cli\Lib\site-packages\services\cloud_bridge__pycache__ -> G:\AI\E-zzio\runtime\cache__pycache__
2026-08-09 22:40:46.752 | MOVE CANDIDATE | C:\Users\enrik\lib\oracle-cli\Lib\site-packages\services\cloud_bridge\src__pycache__ -> G:\AI\E-zzio\runtime\cache__pycache__
2026-08-09 22:40:46.753 | MOVE CANDIDATE | C:\Users\enrik\lib\oracle-cli\Lib\site-packages\services\cloud_bridge\src\oci_cli_cloud_bridge__pycache__ -> G:\AI\E-zzio\runtime\cache__pycache__
2026-08-09 22:40:46.755 | MOVE CANDIDATE | C:\Users\enrik\lib\oracle-cli\Lib\site-packages\services\cloud_bridge\src\oci_cli_cloud_bridge\generated__pycache__ -> G:\AI\E-zzio\runtime\cache__pycache__
2026-08-09 22:40:46.756 | MOVE CANDIDATE | C:\Users\enrik\lib\oracle-cli\Lib\site-packages\services\cloud_bridge\src\oci_cli_common__pycache__ -> G:\AI\E-zzio\runtime\cache__pycache__
2026-08-09 22:40:46.757 | MOVE CANDIDATE | C:\Users\enrik\lib\oracle-cli\Lib\site-packages\services\cloud_bridge\src\oci_cli_common\generated__pycache__ -> G:\AI\E-zzio\runtime\cache__pycache__
2026-08-09 22:40:46.759 | MOVE CANDIDATE | C:\Users\enrik\lib\oracle-cli\Lib\site-packages\services\cloud_bridge\src\oci_cli_discovery__pycache__ -> G:\AI\E-zzio\runtime\cache__pycache__
2026-08-09 22:40:46.760 | MOVE CANDIDATE | C:\Users\enrik\lib\oracle-cli\Lib\site-packages\services\cloud_bridge\src\oci_cli_discovery\generated__pycache__ -> G:\AI\E-zzio\runtime\cache__pycache__
2026-08-09 22:40:46.761 | MOVE CANDIDATE | C:\Users\enrik\lib\oracle-cli\Lib\site-packages\services\cloud_bridge\src\oci_cli_inventory__pycache__ -> G:\AI\E-zzio\runtime\cache__pycache__
2026-08-09 22:40:46.763 | MOVE CANDIDATE | C:\Users\enrik\lib\oracle-cli\Lib\site-packages\services\cloud_bridge\src\oci_cli_inventory\generated__pycache__ -> G:\AI\E-zzio\runtime\cache__pycache__
2026-08-09 22:40:46.765 | MOVE CANDIDATE | C:\Users\enrik\lib\oracle-cli\Lib\site-packages\services\cloud_bridge\src\oci_cli_ocb_agent_svc__pycache__ -> G:\AI\E-zzio\runtime\cache__pycache__
2026-08-09 22:40:46.766 | MOVE CANDIDATE | C:\Users\enrik\lib\oracle-cli\Lib\site-packages\services\cloud_bridge\src\oci_cli_ocb_agent_svc\generated__pycache__ -> G:\AI\E-zzio\runtime\cache__pycache__
2026-08-09 22:40:46.767 | MOVE CANDIDATE | C:\Users\enrik\lib\oracle-cli\Lib\site-packages\services\cloud_bridge\tests__pycache__ -> G:\AI\E-zzio\runtime\cache__pycache__
2026-08-09 22:40:46.768 | MOVE CANDIDATE | C:\Users\enrik\lib\oracle-cli\Lib\site-packages\services\cloud_guard__pycache__ -> G:\AI\E-zzio\runtime\cache__pycache__
2026-08-09 22:40:46.769 | MOVE CANDIDATE | C:\Users\enrik\lib\oracle-cli\Lib\site-packages\services\cloud_guard\src__pycache__ -> G:\AI\E-zzio\runtime\cache__pycache__
2026-08-09 22:40:46.770 | MOVE CANDIDATE | C:\Users\enrik\lib\oracle-cli\Lib\site-packages\services\cloud_guard\src\oci_cli_cloud_guard__pycache__ -> G:\AI\E-zzio\runtime\cache__pycache__
2026-08-09 22:40:46.772 | MOVE CANDIDATE | C:\Users\enrik\lib\oracle-cli\Lib\site-packages\services\cloud_guard\src\oci_cli_cloud_guard\generated__pycache__ -> G:\AI\E-zzio\runtime\cache__pycache__
2026-08-09 22:40:46.773 | MOVE CANDIDATE | C:\Users\enrik\lib\oracle-cli\Lib\site-packages\services\cloud_guard\tests__pycache__ -> G:\AI\E-zzio\runtime\cache__pycache__
2026-08-09 22:40:46.774 | MOVE CANDIDATE | C:\Users\enrik\lib\oracle-cli\Lib\site-packages\services\cloud_migrations__pycache__ -> G:\AI\E-zzio\runtime\cache__pycache__
2026-08-09 22:40:46.780 | MOVE CANDIDATE | C:\Users\enrik\lib\oracle-cli\Lib\site-packages\services\cloud_migrations\src__pycache__ -> G:\AI\E-zzio\runtime\cache__pycache__
2026-08-09 22:40:46.781 | MOVE CANDIDATE | C:\Users\enrik\lib\oracle-cli\Lib\site-packages\services\cloud_migrations\src\oci_cli_migration__pycache__ -> G:\AI\E-zzio\runtime\cache__pycache__
2026-08-09 22:40:46.782 | MOVE CANDIDATE | C:\Users\enrik\lib\oracle-cli\Lib\site-packages\services\cloud_migrations\src\oci_cli_migration\generated__pycache__ -> G:\AI\E-zzio\runtime\cache__pycache__
2026-08-09 22:40:46.784 | MOVE CANDIDATE | C:\Users\enrik\lib\oracle-cli\Lib\site-packages\services\cloud_migrations\tests__pycache__ -> G:\AI\E-zzio\runtime\cache__pycache__
2026-08-09 22:40:46.785 | MOVE CANDIDATE | C:\Users\enrik\lib\oracle-cli\Lib\site-packages\services\cluster_placement_groups__pycache__ -> G:\AI\E-zzio\runtime\cache__pycache__
2026-08-09 22:40:46.787 | MOVE CANDIDATE | C:\Users\enrik\lib\oracle-cli\Lib\site-packages\services\cluster_placement_groups\src__pycache__ -> G:\AI\E-zzio\runtime\cache__pycache__
2026-08-09 22:40:46.788 | MOVE CANDIDATE | C:\Users\enrik\lib\oracle-cli\Lib\site-packages\services\cluster_placement_groups\src\oci_cli_cluster_placement_groups_cp__pycache__ -> G:\AI\E-zzio\runtime\cache__pycache__
2026-08-09 22:40:46.790 | MOVE CANDIDATE | C:\Users\enrik\lib\oracle-cli\Lib\site-packages\services\cluster_placement_groups\src\oci_cli_cluster_placement_groups_cp\generated__pycache__ -> G:\AI\E-zzio\runtime\cache__pycache__
2026-08-09 22:40:46.791 | MOVE CANDIDATE | C:\Users\enrik\lib\oracle-cli\Lib\site-packages\services\cluster_placement_groups\tests__pycache__ -> G:\AI\E-zzio\runtime\cache__pycache__
2026-08-09 22:40:46.792 | MOVE CANDIDATE | C:\Users\enrik\lib\oracle-cli\Lib\site-packages\services\compute_cloud_at_customer__pycache__ -> G:\AI\E-zzio\runtime\cache__pycache__
2026-08-09 22:40:46.794 | MOVE CANDIDATE | C:\Users\enrik\lib\oracle-cli\Lib\site-packages\services\compute_cloud_at_customer\src__pycache__ -> G:\AI\E-zzio\runtime\cache__pycache__
2026-08-09 22:40:46.795 | MOVE CANDIDATE | C:\Users\enrik\lib\oracle-cli\Lib\site-packages\services\compute_cloud_at_customer\src\oci_cli_compute_cloud_at_customer__pycache__ -> G:\AI\E-zzio\runtime\cache__pycache__
2026-08-09 22:40:46.797 | MOVE CANDIDATE | C:\Users\enrik\lib\oracle-cli\Lib\site-packages\services\compute_cloud_at_customer\src\oci_cli_compute_cloud_at_customer\generated__pycache__ -> G:\AI\E-zzio\runtime\cache__pycache__
2026-08-09 22:40:46.798 | MOVE CANDIDATE | C:\Users\enrik\lib\oracle-cli\Lib\site-packages\services\compute_cloud_at_customer\tests__pycache__ -> G:\AI\E-zzio\runtime\cache__pycache__
2026-08-09 22:40:46.799 | MOVE CANDIDATE | C:\Users\enrik\lib\oracle-cli\Lib\site-packages\services\compute_instance_agent__pycache__ -> G:\AI\E-zzio\runtime\cache__pycache__
2026-08-09 22:40:46.800 | MOVE CANDIDATE | C:\Users\enrik\lib\oracle-cli\Lib\site-packages\services\compute_instance_agent\src__pycache__ -> G:\AI\E-zzio\runtime\cache__pycache__
2026-08-09 22:40:46.802 | MOVE CANDIDATE | C:\Users\enrik\lib\oracle-cli\Lib\site-packages\services\compute_instance_agent\src\oci_cli_compute_instance_agent__pycache__ -> G:\AI\E-zzio\runtime\cache__pycache__
2026-08-09 22:40:46.803 | MOVE CANDIDATE | C:\Users\enrik\lib\oracle-cli\Lib\site-packages\services\compute_instance_agent\src\oci_cli_compute_instance_agent\generated__pycache__ -> G:\AI\E-zzio\runtime\cache__pycache__
2026-08-09 22:40:46.804 | MOVE CANDIDATE | C:\Users\enrik\lib\oracle-cli\Lib\site-packages\services\compute_instance_agent\src\oci_cli_plugin__pycache__ -> G:\AI\E-zzio\runtime\cache__pycache__
2026-08-09 22:40:46.806 | MOVE CANDIDATE | C:\Users\enrik\lib\oracle-cli\Lib\site-packages\services\compute_instance_agent\src\oci_cli_plugin\generated__pycache__ -> G:\AI\E-zzio\runtime\cache__pycache__
2026-08-09 22:40:46.807 | MOVE CANDIDATE | C:\Users\enrik\lib\oracle-cli\Lib\site-packages\services\compute_instance_agent\src\oci_cli_pluginconfig__pycache__ -> G:\AI\E-zzio\runtime\cache__pycache__
2026-08-09 22:40:46.809 | MOVE CANDIDATE | C:\Users\enrik\lib\oracle-cli\Lib\site-packages\services\compute_instance_agent\src\oci_cli_pluginconfig\generated__pycache__ -> G:\AI\E-zzio\runtime\cache__pycache__
2026-08-09 22:40:46.811 | MOVE CANDIDATE | C:\Users\enrik\lib\oracle-cli\Lib\site-packages\services\compute_instance_agent\tests__pycache__ -> G:\AI\E-zzio\runtime\cache__pycache__
2026-08-09 22:40:46.812 | MOVE CANDIDATE | C:\Users\enrik\lib\oracle-cli\Lib\site-packages\services\container_engine__pycache__ -> G:\AI\E-zzio\runtime\cache__pycache__
2026-08-09 22:40:46.813 | MOVE CANDIDATE | C:\Users\enrik\lib\oracle-cli\Lib\site-packages\services\container_engine\src__pycache__ -> G:\AI\E-zzio\runtime\cache__pycache__
2026-08-09 22:40:46.814 | MOVE CANDIDATE | C:\Users\enrik\lib\oracle-cli\Lib\site-packages\services\container_engine\src\oci_cli_container_engine__pycache__ -> G:\AI\E-zzio\runtime\cache__pycache__
2026-08-09 22:40:46.816 | MOVE CANDIDATE | C:\Users\enrik\lib\oracle-cli\Lib\site-packages\services\container_engine\src\oci_cli_container_engine\generated__pycache__ -> G:\AI\E-zzio\runtime\cache__pycache__
2026-08-09 22:40:46.817 | MOVE CANDIDATE | C:\Users\enrik\lib\oracle-cli\Lib\site-packages\services\container_engine\tests__pycache__ -> G:\AI\E-zzio\runtime\cache__pycache__
2026-08-09 22:40:46.818 | MOVE CANDIDATE | C:\Users\enrik\lib\oracle-cli\Lib\site-packages\services\container_instances__pycache__ -> G:\AI\E-zzio\runtime\cache__pycache__
2026-08-09 22:40:46.819 | MOVE CANDIDATE | C:\Users\enrik\lib\oracle-cli\Lib\site-packages\services\container_instances\src__pycache__ -> G:\AI\E-zzio\runtime\cache__pycache__
2026-08-09 22:40:46.821 | MOVE CANDIDATE | C:\Users\enrik\lib\oracle-cli\Lib\site-packages\services\container_instances\src\oci_cli_container_instance__pycache__ -> G:\AI\E-zzio\runtime\cache__pycache__
2026-08-09 22:40:46.822 | MOVE CANDIDATE | C:\Users\enrik\lib\oracle-cli\Lib\site-packages\services\container_instances\src\oci_cli_container_instance\generated__pycache__ -> G:\AI\E-zzio\runtime\cache__pycache__
2026-08-09 22:40:46.825 | MOVE CANDIDATE | C:\Users\enrik\lib\oracle-cli\Lib\site-packages\services\container_instances\tests__pycache__ -> G:\AI\E-zzio\runtime\cache__pycache__
2026-08-09 22:40:46.827 | MOVE CANDIDATE | C:\Users\enrik\lib\oracle-cli\Lib\site-packages\services\container_registry__pycache__ -> G:\AI\E-zzio\runtime\cache__pycache__
2026-08-09 22:40:46.828 | MOVE CANDIDATE | C:\Users\enrik\lib\oracle-cli\Lib\site-packages\services\container_registry\src__pycache__ -> G:\AI\E-zzio\runtime\cache__pycache__
2026-08-09 22:40:46.829 | MOVE CANDIDATE | C:\Users\enrik\lib\oracle-cli\Lib\site-packages\services\container_registry\src\oci_cli_container_registry__pycache__ -> G:\AI\E-zzio\runtime\cache__pycache__
2026-08-09 22:40:46.831 | MOVE CANDIDATE | C:\Users\enrik\lib\oracle-cli\Lib\site-packages\services\container_registry\src\oci_cli_container_registry\generated__pycache__ -> G:\AI\E-zzio\runtime\cache__pycache__
2026-08-09 22:40:46.832 | MOVE CANDIDATE | C:\Users\enrik\lib\oracle-cli\Lib\site-packages\services\container_registry\tests__pycache__ -> G:\AI\E-zzio\runtime\cache__pycache__
2026-08-09 22:40:46.833 | MOVE CANDIDATE | C:\Users\enrik\lib\oracle-cli\Lib\site-packages\services\core__pycache__ -> G:\AI\E-zzio\runtime\cache__pycache__
2026-08-09 22:40:46.835 | MOVE CANDIDATE | C:\Users\enrik\lib\oracle-cli\Lib\site-packages\services\core\src__pycache__ -> G:\AI\E-zzio\runtime\cache__pycache__
2026-08-09 22:40:46.836 | MOVE CANDIDATE | C:\Users\enrik\lib\oracle-cli\Lib\site-packages\services\core\src\oci_cli_blockstorage__pycache__ -> G:\AI\E-zzio\runtime\cache__pycache__
2026-08-09 22:40:46.837 | MOVE CANDIDATE | C:\Users\enrik\lib\oracle-cli\Lib\site-packages\services\core\src\oci_cli_blockstorage\generated__pycache__ -> G:\AI\E-zzio\runtime\cache__pycache__
2026-08-09 22:40:46.839 | MOVE CANDIDATE | C:\Users\enrik\lib\oracle-cli\Lib\site-packages\services\core\src\oci_cli_compute_management__pycache__ -> G:\AI\E-zzio\runtime\cache__pycache__
2026-08-09 22:40:46.840 | MOVE CANDIDATE | C:\Users\enrik\lib\oracle-cli\Lib\site-packages\services\core\src\oci_cli_compute_management\generated__pycache__ -> G:\AI\E-zzio\runtime\cache__pycache__
2026-08-09 22:40:46.842 | MOVE CANDIDATE | C:\Users\enrik\lib\oracle-cli\Lib\site-packages\services\core\src\oci_cli_compute__pycache__ -> G:\AI\E-zzio\runtime\cache__pycache__
2026-08-09 22:40:46.843 | MOVE CANDIDATE | C:\Users\enrik\lib\oracle-cli\Lib\site-packages\services\core\src\oci_cli_compute\generated__pycache__ -> G:\AI\E-zzio\runtime\cache__pycache__
2026-08-09 22:40:46.844 | MOVE CANDIDATE | C:\Users\enrik\lib\oracle-cli\Lib\site-packages\services\core\src\oci_cli_core__pycache__ -> G:\AI\E-zzio\runtime\cache__pycache__
2026-08-09 22:40:46.846 | MOVE CANDIDATE | C:\Users\enrik\lib\oracle-cli\Lib\site-packages\services\core\src\oci_cli_core\generated__pycache__ -> G:\AI\E-zzio\runtime\cache__pycache__
2026-08-09 22:40:46.847 | MOVE CANDIDATE | C:\Users\enrik\lib\oracle-cli\Lib\site-packages\services\core\src\oci_cli_virtual_network__pycache__ -> G:\AI\E-zzio\runtime\cache__pycache__
2026-08-09 22:40:46.849 | MOVE CANDIDATE | C:\Users\enrik\lib\oracle-cli\Lib\site-packages\services\core\src\oci_cli_virtual_network\generated__pycache__ -> G:\AI\E-zzio\runtime\cache__pycache__
2026-08-09 22:40:46.851 | MOVE CANDIDATE | C:\Users\enrik\lib\oracle-cli\Lib\site-packages\services\core\tests__pycache__ -> G:\AI\E-zzio\runtime\cache__pycache__
2026-08-09 22:40:46.853 | MOVE CANDIDATE | C:\Users\enrik\lib\oracle-cli\Lib\site-packages\services\costad__pycache__ -> G:\AI\E-zzio\runtime\cache__pycache__
2026-08-09 22:40:46.854 | MOVE CANDIDATE | C:\Users\enrik\lib\oracle-cli\Lib\site-packages\services\costad\src__pycache__ -> G:\AI\E-zzio\runtime\cache__pycache__
2026-08-09 22:40:46.855 | MOVE CANDIDATE | C:\Users\enrik\lib\oracle-cli\Lib\site-packages\services\costad\src\oci_cli_cost_ad__pycache__ -> G:\AI\E-zzio\runtime\cache__pycache__
2026-08-09 22:40:46.856 | MOVE CANDIDATE | C:\Users\enrik\lib\oracle-cli\Lib\site-packages\services\costad\src\oci_cli_cost_ad\generated__pycache__ -> G:\AI\E-zzio\runtime\cache__pycache__
2026-08-09 22:40:46.858 | MOVE CANDIDATE | C:\Users\enrik\lib\oracle-cli\Lib\site-packages\services\costad\tests__pycache__ -> G:\AI\E-zzio\runtime\cache__pycache__
2026-08-09 22:40:46.859 | MOVE CANDIDATE | C:\Users\enrik\lib\oracle-cli\Lib\site-packages\services\dashboard_service__pycache__ -> G:\AI\E-zzio\runtime\cache__pycache__
2026-08-09 22:40:46.860 | MOVE CANDIDATE | C:\Users\enrik\lib\oracle-cli\Lib\site-packages\services\dashboard_service\src__pycache__ -> G:\AI\E-zzio\runtime\cache__pycache__
2026-08-09 22:40:46.861 | MOVE CANDIDATE | C:\Users\enrik\lib\oracle-cli\Lib\site-packages\services\dashboard_service\src\oci_cli_dashboard_group__pycache__ -> G:\AI\E-zzio\runtime\cache__pycache__
2026-08-09 22:40:46.862 | MOVE CANDIDATE | C:\Users\enrik\lib\oracle-cli\Lib\site-packages\services\dashboard_service\src\oci_cli_dashboard_group\generated__pycache__ -> G:\AI\E-zzio\runtime\cache__pycache__
2026-08-09 22:40:46.863 | MOVE CANDIDATE | C:\Users\enrik\lib\oracle-cli\Lib\site-packages\services\dashboard_service\src\oci_cli_dashboard_service__pycache__ -> G:\AI\E-zzio\runtime\cache__pycache__
2026-08-09 22:40:46.864 | MOVE CANDIDATE | C:\Users\enrik\lib\oracle-cli\Lib\site-packages\services\dashboard_service\src\oci_cli_dashboard_service\generated__pycache__ -> G:\AI\E-zzio\runtime\cache__pycache__
2026-08-09 22:40:46.866 | MOVE CANDIDATE | C:\Users\enrik\lib\oracle-cli\Lib\site-packages\services\dashboard_service\src\oci_cli_dashboard__pycache__ -> G:\AI\E-zzio\runtime\cache__pycache__
2026-08-09 22:40:46.867 | MOVE CANDIDATE | C:\Users\enrik\lib\oracle-cli\Lib\site-packages\services\dashboard_service\src\oci_cli_dashboard\generated__pycache__ -> G:\AI\E-zzio\runtime\cache__pycache__
2026-08-09 22:40:46.869 | MOVE CANDIDATE | C:\Users\enrik\lib\oracle-cli\Lib\site-packages\services\dashboard_service\tests__pycache__ -> G:\AI\E-zzio\runtime\cache__pycache__
2026-08-09 22:40:46.870 | MOVE CANDIDATE | C:\Users\enrik\lib\oracle-cli\Lib\site-packages\services\data_catalog__pycache__ -> G:\AI\E-zzio\runtime\cache__pycache__
2026-08-09 22:40:46.871 | MOVE CANDIDATE | C:\Users\enrik\lib\oracle-cli\Lib\site-packages\services\data_catalog\src__pycache__ -> G:\AI\E-zzio\runtime\cache__pycache__
2026-08-09 22:40:46.873 | MOVE CANDIDATE | C:\Users\enrik\lib\oracle-cli\Lib\site-packages\services\data_catalog\src\oci_cli_data_catalog__pycache__ -> G:\AI\E-zzio\runtime\cache__pycache__
2026-08-09 22:40:46.874 | MOVE CANDIDATE | C:\Users\enrik\lib\oracle-cli\Lib\site-packages\services\data_catalog\src\oci_cli_data_catalog\generated__pycache__ -> G:\AI\E-zzio\runtime\cache__pycache__
2026-08-09 22:40:46.875 | MOVE CANDIDATE | C:\Users\enrik\lib\oracle-cli\Lib\site-packages\services\data_catalog\tests__pycache__ -> G:\AI\E-zzio\runtime\cache__pycache__
2026-08-09 22:40:46.882 | MOVE CANDIDATE | C:\Users\enrik\lib\oracle-cli\Lib\site-packages\services\data_flow__pycache__ -> G:\AI\E-zzio\runtime\cache__pycache__
2026-08-09 22:40:46.884 | MOVE CANDIDATE | C:\Users\enrik\lib\oracle-cli\Lib\site-packages\services\data_flow\src__pycache__ -> G:\AI\E-zzio\runtime\cache__pycache__
2026-08-09 22:40:46.886 | MOVE CANDIDATE | C:\Users\enrik\lib\oracle-cli\Lib\site-packages\services\data_flow\src\oci_cli_data_flow__pycache__ -> G:\AI\E-zzio\runtime\cache__pycache__
2026-08-09 22:40:46.887 | MOVE CANDIDATE | C:\Users\enrik\lib\oracle-cli\Lib\site-packages\services\data_flow\src\oci_cli_data_flow\generated__pycache__ -> G:\AI\E-zzio\runtime\cache__pycache__
2026-08-09 22:40:46.889 | MOVE CANDIDATE | C:\Users\enrik\lib\oracle-cli\Lib\site-packages\services\data_flow\tests__pycache__ -> G:\AI\E-zzio\runtime\cache__pycache__
2026-08-09 22:40:46.890 | MOVE CANDIDATE | C:\Users\enrik\lib\oracle-cli\Lib\site-packages\services\data_integration__pycache__ -> G:\AI\E-zzio\runtime\cache__pycache__
2026-08-09 22:40:46.891 | MOVE CANDIDATE | C:\Users\enrik\lib\oracle-cli\Lib\site-packages\services\data_integration\src__pycache__ -> G:\AI\E-zzio\runtime\cache__pycache__
2026-08-09 22:40:46.892 | MOVE CANDIDATE | C:\Users\enrik\lib\oracle-cli\Lib\site-packages\services\data_integration\src\oci_cli_data_integration__pycache__ -> G:\AI\E-zzio\runtime\cache__pycache__
2026-08-09 22:40:46.894 | MOVE CANDIDATE | C:\Users\enrik\lib\oracle-cli\Lib\site-packages\services\data_integration\src\oci_cli_data_integration\generated__pycache__ -> G:\AI\E-zzio\runtime\cache__pycache__
2026-08-09 22:40:46.895 | MOVE CANDIDATE | C:\Users\enrik\lib\oracle-cli\Lib\site-packages\services\data_integration\tests__pycache__ -> G:\AI\E-zzio\runtime\cache__pycache__
2026-08-09 22:40:46.896 | MOVE CANDIDATE | C:\Users\enrik\lib\oracle-cli\Lib\site-packages\services\data_labeling_service_dataplane__pycache__ -> G:\AI\E-zzio\runtime\cache__pycache__
2026-08-09 22:40:46.897 | MOVE CANDIDATE | C:\Users\enrik\lib\oracle-cli\Lib\site-packages\services\data_labeling_service_dataplane\src__pycache__ -> G:\AI\E-zzio\runtime\cache__pycache__
2026-08-09 22:40:46.899 | MOVE CANDIDATE | C:\Users\enrik\lib\oracle-cli\Lib\site-packages\services\data_labeling_service_dataplane\src\oci_cli_data_labeling__pycache__ -> G:\AI\E-zzio\runtime\cache__pycache__
2026-08-09 22:40:46.900 | MOVE CANDIDATE | C:\Users\enrik\lib\oracle-cli\Lib\site-packages\services\data_labeling_service_dataplane\src\oci_cli_data_labeling\generated__pycache__ -> G:\AI\E-zzio\runtime\cache__pycache__
2026-08-09 22:40:46.902 | MOVE CANDIDATE | C:\Users\enrik\lib\oracle-cli\Lib\site-packages\services\data_labeling_service_dataplane\tests__pycache__ -> G:\AI\E-zzio\runtime\cache__pycache__
2026-08-09 22:40:46.903 | MOVE CANDIDATE | C:\Users\enrik\lib\oracle-cli\Lib\site-packages\services\data_labeling_service__pycache__ -> G:\AI\E-zzio\runtime\cache__pycache__
2026-08-09 22:40:46.905 | MOVE CANDIDATE | C:\Users\enrik\lib\oracle-cli\Lib\site-packages\services\data_labeling_service\src__pycache__ -> G:\AI\E-zzio\runtime\cache__pycache__
2026-08-09 22:40:46.906 | MOVE CANDIDATE | C:\Users\enrik\lib\oracle-cli\Lib\site-packages\services\data_labeling_service\src\oci_cli_data_labeling_management__pycache__ -> G:\AI\E-zzio\runtime\cache__pycache__
2026-08-09 22:40:46.907 | MOVE CANDIDATE | C:\Users\enrik\lib\oracle-cli\Lib\site-packages\services\data_labeling_service\src\oci_cli_data_labeling_management\generated__pycache__ -> G:\AI\E-zzio\runtime\cache__pycache__
2026-08-09 22:40:46.908 | MOVE CANDIDATE | C:\Users\enrik\lib\oracle-cli\Lib\site-packages\services\data_labeling_service\tests__pycache__ -> G:\AI\E-zzio\runtime\cache__pycache__
2026-08-09 22:40:46.910 | MOVE CANDIDATE | C:\Users\enrik\lib\oracle-cli\Lib\site-packages\services\data_safe__pycache__ -> G:\AI\E-zzio\runtime\cache__pycache__
2026-08-09 22:40:46.911 | MOVE CANDIDATE | C:\Users\enrik\lib\oracle-cli\Lib\site-packages\services\data_safe\src__pycache__ -> G:\AI\E-zzio\runtime\cache__pycache__
2026-08-09 22:40:46.912 | MOVE CANDIDATE | C:\Users\enrik\lib\oracle-cli\Lib\site-packages\services\data_safe\src\oci_cli_data_safe__pycache__ -> G:\AI\E-zzio\runtime\cache__pycache__
2026-08-09 22:40:46.913 | MOVE CANDIDATE | C:\Users\enrik\lib\oracle-cli\Lib\site-packages\services\data_safe\src\oci_cli_data_safe\generated__pycache__ -> G:\AI\E-zzio\runtime\cache__pycache__
2026-08-09 22:40:46.915 | MOVE CANDIDATE | C:\Users\enrik\lib\oracle-cli\Lib\site-packages\services\data_safe\tests__pycache__ -> G:\AI\E-zzio\runtime\cache__pycache__
2026-08-09 22:40:46.917 | MOVE CANDIDATE | C:\Users\enrik\lib\oracle-cli\Lib\site-packages\services\data_science__pycache__ -> G:\AI\E-zzio\runtime\cache__pycache__
2026-08-09 22:40:46.918 | MOVE CANDIDATE | C:\Users\enrik\lib\oracle-cli\Lib\site-packages\services\data_science\src__pycache__ -> G:\AI\E-zzio\runtime\cache__pycache__
2026-08-09 22:40:46.920 | MOVE CANDIDATE | C:\Users\enrik\lib\oracle-cli\Lib\site-packages\services\data_science\src\oci_cli_data_science__pycache__ -> G:\AI\E-zzio\runtime\cache__pycache__
2026-08-09 22:40:46.921 | MOVE CANDIDATE | C:\Users\enrik\lib\oracle-cli\Lib\site-packages\services\data_science\src\oci_cli_data_science\generated__pycache__ -> G:\AI\E-zzio\runtime\cache__pycache__
2026-08-09 22:40:46.922 | MOVE CANDIDATE | C:\Users\enrik\lib\oracle-cli\Lib\site-packages\services\data_science\tests__pycache__ -> G:\AI\E-zzio\runtime\cache__pycache__
2026-08-09 22:40:46.924 | MOVE CANDIDATE | C:\Users\enrik\lib\oracle-cli\Lib\site-packages\services\database_management__pycache__ -> G:\AI\E-zzio\runtime\cache__pycache__
2026-08-09 22:40:46.925 | MOVE CANDIDATE | C:\Users\enrik\lib\oracle-cli\Lib\site-packages\services\database_management\src__pycache__ -> G:\AI\E-zzio\runtime\cache__pycache__
2026-08-09 22:40:46.927 | MOVE CANDIDATE | C:\Users\enrik\lib\oracle-cli\Lib\site-packages\services\database_management\src\oci_cli_database_management__pycache__ -> G:\AI\E-zzio\runtime\cache__pycache__
2026-08-09 22:40:46.928 | MOVE CANDIDATE | C:\Users\enrik\lib\oracle-cli\Lib\site-packages\services\database_management\src\oci_cli_database_management\generated__pycache__ -> G:\AI\E-zzio\runtime\cache__pycache__
2026-08-09 22:40:46.929 | MOVE CANDIDATE | C:\Users\enrik\lib\oracle-cli\Lib\site-packages\services\database_management\src\oci_cli_db_management__pycache__ -> G:\AI\E-zzio\runtime\cache__pycache__
2026-08-09 22:40:46.930 | MOVE CANDIDATE | C:\Users\enrik\lib\oracle-cli\Lib\site-packages\services\database_management\src\oci_cli_db_management\generated__pycache__ -> G:\AI\E-zzio\runtime\cache__pycache__
2026-08-09 22:40:46.931 | MOVE CANDIDATE | C:\Users\enrik\lib\oracle-cli\Lib\site-packages\services\database_management\src\oci_cli_diagnosability__pycache__ -> G:\AI\E-zzio\runtime\cache__pycache__
2026-08-09 22:40:46.933 | MOVE CANDIDATE | C:\Users\enrik\lib\oracle-cli\Lib\site-packages\services\database_management\src\oci_cli_diagnosability\generated__pycache__ -> G:\AI\E-zzio\runtime\cache__pycache__
2026-08-09 22:40:46.934 | MOVE CANDIDATE | C:\Users\enrik\lib\oracle-cli\Lib\site-packages\services\database_management\src\oci_cli_managed_my_sql_databases__pycache__ -> G:\AI\E-zzio\runtime\cache__pycache__
2026-08-09 22:40:46.936 | MOVE CANDIDATE | C:\Users\enrik\lib\oracle-cli\Lib\site-packages\services\database_management\src\oci_cli_managed_my_sql_databases\generated__pycache__ -> G:\AI\E-zzio\runtime\cache__pycache__
2026-08-09 22:40:46.937 | MOVE CANDIDATE | C:\Users\enrik\lib\oracle-cli\Lib\site-packages\services\database_management\src\oci_cli_perfhub__pycache__ -> G:\AI\E-zzio\runtime\cache__pycache__
2026-08-09 22:40:46.938 | MOVE CANDIDATE | C:\Users\enrik\lib\oracle-cli\Lib\site-packages\services\database_management\src\oci_cli_perfhub\generated__pycache__ -> G:\AI\E-zzio\runtime\cache__pycache__
2026-08-09 22:40:46.940 | MOVE CANDIDATE | C:\Users\enrik\lib\oracle-cli\Lib\site-packages\services\database_management\src\oci_cli_sql_tuning__pycache__ -> G:\AI\E-zzio\runtime\cache__pycache__
2026-08-09 22:40:46.941 | MOVE CANDIDATE | C:\Users\enrik\lib\oracle-cli\Lib\site-packages\services\database_management\src\oci_cli_sql_tuning\generated__pycache__ -> G:\AI\E-zzio\runtime\cache__pycache__
2026-08-09 22:40:46.942 | MOVE CANDIDATE | C:\Users\enrik\lib\oracle-cli\Lib\site-packages\services\database_management\tests__pycache__ -> G:\AI\E-zzio\runtime\cache__pycache__
2026-08-09 22:40:46.943 | MOVE CANDIDATE | C:\Users\enrik\lib\oracle-cli\Lib\site-packages\services\database_migration__pycache__ -> G:\AI\E-zzio\runtime\cache__pycache__
2026-08-09 22:40:46.944 | MOVE CANDIDATE | C:\Users\enrik\lib\oracle-cli\Lib\site-packages\services\database_migration\src__pycache__ -> G:\AI\E-zzio\runtime\cache__pycache__
2026-08-09 22:40:46.946 | MOVE CANDIDATE | C:\Users\enrik\lib\oracle-cli\Lib\site-packages\services\database_migration\src\oci_cli_database_migration__pycache__ -> G:\AI\E-zzio\runtime\cache__pycache__
2026-08-09 22:40:46.947 | MOVE CANDIDATE | C:\Users\enrik\lib\oracle-cli\Lib\site-packages\services\database_migration\src\oci_cli_database_migration\generated__pycache__ -> G:\AI\E-zzio\runtime\cache__pycache__
2026-08-09 22:40:46.949 | MOVE CANDIDATE | C:\Users\enrik\lib\oracle-cli\Lib\site-packages\services\database_migration\tests__pycache__ -> G:\AI\E-zzio\runtime\cache__pycache__
2026-08-09 22:40:46.950 | MOVE CANDIDATE | C:\Users\enrik\lib\oracle-cli\Lib\site-packages\services\database_tools_runtime__pycache__ -> G:\AI\E-zzio\runtime\cache__pycache__
2026-08-09 22:40:46.951 | MOVE CANDIDATE | C:\Users\enrik\lib\oracle-cli\Lib\site-packages\services\database_tools_runtime\src__pycache__ -> G:\AI\E-zzio\runtime\cache__pycache__
2026-08-09 22:40:46.952 | MOVE CANDIDATE | C:\Users\enrik\lib\oracle-cli\Lib\site-packages\services\database_tools_runtime\src\oci_cli_database_tools_runtime__pycache__ -> G:\AI\E-zzio\runtime\cache__pycache__
2026-08-09 22:40:46.954 | MOVE CANDIDATE | C:\Users\enrik\lib\oracle-cli\Lib\site-packages\services\database_tools_runtime\src\oci_cli_database_tools_runtime\generated__pycache__ -> G:\AI\E-zzio\runtime\cache__pycache__
2026-08-09 22:40:46.955 | MOVE CANDIDATE | C:\Users\enrik\lib\oracle-cli\Lib\site-packages\services\database_tools_runtime\tests__pycache__ -> G:\AI\E-zzio\runtime\cache__pycache__
2026-08-09 22:40:46.956 | MOVE CANDIDATE | C:\Users\enrik\lib\oracle-cli\Lib\site-packages\services\database_tools__pycache__ -> G:\AI\E-zzio\runtime\cache__pycache__
2026-08-09 22:40:46.958 | MOVE CANDIDATE | C:\Users\enrik\lib\oracle-cli\Lib\site-packages\services\database_tools\src__pycache__ -> G:\AI\E-zzio\runtime\cache__pycache__
2026-08-09 22:40:46.959 | MOVE CANDIDATE | C:\Users\enrik\lib\oracle-cli\Lib\site-packages\services\database_tools\src\oci_cli_database_tools__pycache__ -> G:\AI\E-zzio\runtime\cache__pycache__
2026-08-09 22:40:46.960 | MOVE CANDIDATE | C:\Users\enrik\lib\oracle-cli\Lib\site-packages\services\database_tools\src\oci_cli_database_tools\generated__pycache__ -> G:\AI\E-zzio\runtime\cache__pycache__
2026-08-09 22:40:46.961 | MOVE CANDIDATE | C:\Users\enrik\lib\oracle-cli\Lib\site-packages\services\database_tools\tests__pycache__ -> G:\AI\E-zzio\runtime\cache__pycache__
2026-08-09 22:40:46.963 | MOVE CANDIDATE | C:\Users\enrik\lib\oracle-cli\Lib\site-packages\services\database__pycache__ -> G:\AI\E-zzio\runtime\cache__pycache__
2026-08-09 22:40:46.964 | MOVE CANDIDATE | C:\Users\enrik\lib\oracle-cli\Lib\site-packages\services\database\src__pycache__ -> G:\AI\E-zzio\runtime\cache__pycache__
2026-08-09 22:40:46.966 | MOVE CANDIDATE | C:\Users\enrik\lib\oracle-cli\Lib\site-packages\services\database\src\oci_cli_database__pycache__ -> G:\AI\E-zzio\runtime\cache__pycache__
2026-08-09 22:40:46.967 | MOVE CANDIDATE | C:\Users\enrik\lib\oracle-cli\Lib\site-packages\services\database\src\oci_cli_database\generated__pycache__ -> G:\AI\E-zzio\runtime\cache__pycache__
2026-08-09 22:40:46.968 | MOVE CANDIDATE | C:\Users\enrik\lib\oracle-cli\Lib\site-packages\services\database\tests__pycache__ -> G:\AI\E-zzio\runtime\cache__pycache__
2026-08-09 22:40:46.969 | MOVE CANDIDATE | C:\Users\enrik\lib\oracle-cli\Lib\site-packages\services\datacc__pycache__ -> G:\AI\E-zzio\runtime\cache__pycache__
2026-08-09 22:40:46.971 | MOVE CANDIDATE | C:\Users\enrik\lib\oracle-cli\Lib\site-packages\services\datacc\src__pycache__ -> G:\AI\E-zzio\runtime\cache__pycache__
2026-08-09 22:40:46.972 | MOVE CANDIDATE | C:\Users\enrik\lib\oracle-cli\Lib\site-packages\services\datacc\src\oci_cli_baseinfra__pycache__ -> G:\AI\E-zzio\runtime\cache__pycache__
2026-08-09 22:40:46.973 | MOVE CANDIDATE | C:\Users\enrik\lib\oracle-cli\Lib\site-packages\services\datacc\src\oci_cli_baseinfra\generated__pycache__ -> G:\AI\E-zzio\runtime\cache__pycache__
2026-08-09 22:40:46.974 | MOVE CANDIDATE | C:\Users\enrik\lib\oracle-cli\Lib\site-packages\services\datacc\tests__pycache__ -> G:\AI\E-zzio\runtime\cache__pycache__
2026-08-09 22:40:46.980 | MOVE CANDIDATE | C:\Users\enrik\lib\oracle-cli\Lib\site-packages\services\dblm__pycache__ -> G:\AI\E-zzio\runtime\cache__pycache__
2026-08-09 22:40:46.982 | MOVE CANDIDATE | C:\Users\enrik\lib\oracle-cli\Lib\site-packages\services\dblm\src__pycache__ -> G:\AI\E-zzio\runtime\cache__pycache__
2026-08-09 22:40:46.983 | MOVE CANDIDATE | C:\Users\enrik\lib\oracle-cli\Lib\site-packages\services\dblm\src\oci_cli_db_life_cycle_management__pycache__ -> G:\AI\E-zzio\runtime\cache__pycache__
2026-08-09 22:40:46.985 | MOVE CANDIDATE | C:\Users\enrik\lib\oracle-cli\Lib\site-packages\services\dblm\src\oci_cli_db_life_cycle_management\generated__pycache__ -> G:\AI\E-zzio\runtime\cache__pycache__
2026-08-09 22:40:46.986 | MOVE CANDIDATE | C:\Users\enrik\lib\oracle-cli\Lib\site-packages\services\dblm\tests__pycache__ -> G:\AI\E-zzio\runtime\cache__pycache__
2026-08-09 22:40:46.987 | MOVE CANDIDATE | C:\Users\enrik\lib\oracle-cli\Lib\site-packages\services\dbmulticloud__pycache__ -> G:\AI\E-zzio\runtime\cache__pycache__
2026-08-09 22:40:46.988 | MOVE CANDIDATE | C:\Users\enrik\lib\oracle-cli\Lib\site-packages\services\dbmulticloud\src__pycache__ -> G:\AI\E-zzio\runtime\cache__pycache__
2026-08-09 22:40:46.990 | MOVE CANDIDATE | C:\Users\enrik\lib\oracle-cli\Lib\site-packages\services\dbmulticloud\src\oci_cli_db_multicloud_aws_provider__pycache__ -> G:\AI\E-zzio\runtime\cache__pycache__
2026-08-09 22:40:46.991 | MOVE CANDIDATE | C:\Users\enrik\lib\oracle-cli\Lib\site-packages\services\dbmulticloud\src\oci_cli_db_multicloud_aws_provider\generated__pycache__ -> G:\AI\E-zzio\runtime\cache__pycache__
2026-08-09 22:40:46.992 | MOVE CANDIDATE | C:\Users\enrik\lib\oracle-cli\Lib\site-packages\services\dbmulticloud\src\oci_cli_db_multicloud_gcp_provider__pycache__ -> G:\AI\E-zzio\runtime\cache__pycache__
2026-08-09 22:40:46.993 | MOVE CANDIDATE | C:\Users\enrik\lib\oracle-cli\Lib\site-packages\services\dbmulticloud\src\oci_cli_db_multicloud_gcp_provider\generated__pycache__ -> G:\AI\E-zzio\runtime\cache__pycache__
2026-08-09 22:40:46.995 | MOVE CANDIDATE | C:\Users\enrik\lib\oracle-cli\Lib\site-packages\services\dbmulticloud\src\oci_cli_dbmulticloud__pycache__ -> G:\AI\E-zzio\runtime\cache__pycache__
2026-08-09 22:40:46.996 | MOVE CANDIDATE | C:\Users\enrik\lib\oracle-cli\Lib\site-packages\services\dbmulticloud\src\oci_cli_dbmulticloud\generated__pycache__ -> G:\AI\E-zzio\runtime\cache__pycache__
2026-08-09 22:40:46.997 | MOVE CANDIDATE | C:\Users\enrik\lib\oracle-cli\Lib\site-packages\services\dbmulticloud\src\oci_cli_multi_cloud_resource_discovery__pycache__ -> G:\AI\E-zzio\runtime\cache__pycache__
2026-08-09 22:40:46.999 | MOVE CANDIDATE | C:\Users\enrik\lib\oracle-cli\Lib\site-packages\services\dbmulticloud\src\oci_cli_multi_cloud_resource_discovery\generated__pycache__ -> G:\AI\E-zzio\runtime\cache__pycache__
2026-08-09 22:40:47.000 | MOVE CANDIDATE | C:\Users\enrik\lib\oracle-cli\Lib\site-packages\services\dbmulticloud\src\oci_cli_oracle_db_azure_blob_container__pycache__ -> G:\AI\E-zzio\runtime\cache__pycache__
2026-08-09 22:40:47.001 | MOVE CANDIDATE | C:\Users\enrik\lib\oracle-cli\Lib\site-packages\services\dbmulticloud\src\oci_cli_oracle_db_azure_blob_container\generated__pycache__ -> G:\AI\E-zzio\runtime\cache__pycache__
2026-08-09 22:40:47.003 | MOVE CANDIDATE | C:\Users\enrik\lib\oracle-cli\Lib\site-packages\services\dbmulticloud\src\oci_cli_oracle_db_azure_blob_mount__pycache__ -> G:\AI\E-zzio\runtime\cache__pycache__
2026-08-09 22:40:47.004 | MOVE CANDIDATE | C:\Users\enrik\lib\oracle-cli\Lib\site-packages\services\dbmulticloud\src\oci_cli_oracle_db_azure_blob_mount\generated__pycache__ -> G:\AI\E-zzio\runtime\cache__pycache__
2026-08-09 22:40:47.006 | MOVE CANDIDATE | C:\Users\enrik\lib\oracle-cli\Lib\site-packages\services\dbmulticloud\src\oci_cli_oracle_db_azure_connector__pycache__ -> G:\AI\E-zzio\runtime\cache__pycache__
2026-08-09 22:40:47.007 | MOVE CANDIDATE | C:\Users\enrik\lib\oracle-cli\Lib\site-packages\services\dbmulticloud\src\oci_cli_oracle_db_azure_connector\generated__pycache__ -> G:\AI\E-zzio\runtime\cache__pycache__
2026-08-09 22:40:47.009 | MOVE CANDIDATE | C:\Users\enrik\lib\oracle-cli\Lib\site-packages\services\dbmulticloud\src\oci_cli_oracle_db_azure_key__pycache__ -> G:\AI\E-zzio\runtime\cache__pycache__
2026-08-09 22:40:47.011 | MOVE CANDIDATE | C:\Users\enrik\lib\oracle-cli\Lib\site-packages\services\dbmulticloud\src\oci_cli_oracle_db_azure_key\generated__pycache__ -> G:\AI\E-zzio\runtime\cache__pycache__
2026-08-09 22:40:47.012 | MOVE CANDIDATE | C:\Users\enrik\lib\oracle-cli\Lib\site-packages\services\dbmulticloud\src\oci_cli_oracle_db_azure_vault_association__pycache__ -> G:\AI\E-zzio\runtime\cache__pycache__
2026-08-09 22:40:47.014 | MOVE CANDIDATE | C:\Users\enrik\lib\oracle-cli\Lib\site-packages\services\dbmulticloud\src\oci_cli_oracle_db_azure_vault_association\generated__pycache__ -> G:\AI\E-zzio\runtime\cache__pycache__
2026-08-09 22:40:47.015 | MOVE CANDIDATE | C:\Users\enrik\lib\oracle-cli\Lib\site-packages\services\dbmulticloud\src\oci_cli_oracle_db_azure_vault__pycache__ -> G:\AI\E-zzio\runtime\cache__pycache__
2026-08-09 22:40:47.016 | MOVE CANDIDATE | C:\Users\enrik\lib\oracle-cli\Lib\site-packages\services\dbmulticloud\src\oci_cli_oracle_db_azure_vault\generated__pycache__ -> G:\AI\E-zzio\runtime\cache__pycache__
2026-08-09 22:40:47.018 | MOVE CANDIDATE | C:\Users\enrik\lib\oracle-cli\Lib\site-packages\services\dbmulticloud\src\oci_cli_work_request__pycache__ -> G:\AI\E-zzio\runtime\cache__pycache__
2026-08-09 22:40:47.019 | MOVE CANDIDATE | C:\Users\enrik\lib\oracle-cli\Lib\site-packages\services\dbmulticloud\src\oci_cli_work_request\generated__pycache__ -> G:\AI\E-zzio\runtime\cache__pycache__
2026-08-09 22:40:47.021 | MOVE CANDIDATE | C:\Users\enrik\lib\oracle-cli\Lib\site-packages\services\dbmulticloud\tests__pycache__ -> G:\AI\E-zzio\runtime\cache__pycache__
2026-08-09 22:40:47.022 | MOVE CANDIDATE | C:\Users\enrik\lib\oracle-cli\Lib\site-packages\services\delegate_access_control__pycache__ -> G:\AI\E-zzio\runtime\cache__pycache__
2026-08-09 22:40:47.023 | MOVE CANDIDATE | C:\Users\enrik\lib\oracle-cli\Lib\site-packages\services\delegate_access_control\src__pycache__ -> G:\AI\E-zzio\runtime\cache__pycache__
2026-08-09 22:40:47.024 | MOVE CANDIDATE | C:\Users\enrik\lib\oracle-cli\Lib\site-packages\services\delegate_access_control\src\oci_cli_delegate_access_control__pycache__ -> G:\AI\E-zzio\runtime\cache__pycache__
2026-08-09 22:40:47.025 | MOVE CANDIDATE | C:\Users\enrik\lib\oracle-cli\Lib\site-packages\services\delegate_access_control\src\oci_cli_delegate_access_control\generated__pycache__ -> G:\AI\E-zzio\runtime\cache__pycache__
2026-08-09 22:40:47.027 | MOVE CANDIDATE | C:\Users\enrik\lib\oracle-cli\Lib\site-packages\services\delegate_access_control\src\oci_cli_work_request__pycache__ -> G:\AI\E-zzio\runtime\cache__pycache__
2026-08-09 22:40:47.028 | MOVE CANDIDATE | C:\Users\enrik\lib\oracle-cli\Lib\site-packages\services\delegate_access_control\src\oci_cli_work_request\generated__pycache__ -> G:\AI\E-zzio\runtime\cache__pycache__
2026-08-09 22:40:47.029 | MOVE CANDIDATE | C:\Users\enrik\lib\oracle-cli\Lib\site-packages\services\delegate_access_control\tests__pycache__ -> G:\AI\E-zzio\runtime\cache__pycache__
2026-08-09 22:40:47.030 | MOVE CANDIDATE | C:\Users\enrik\lib\oracle-cli\Lib\site-packages\services\demand_signal__pycache__ -> G:\AI\E-zzio\runtime\cache__pycache__
2026-08-09 22:40:47.031 | MOVE CANDIDATE | C:\Users\enrik\lib\oracle-cli\Lib\site-packages\services\demand_signal\src__pycache__ -> G:\AI\E-zzio\runtime\cache__pycache__
2026-08-09 22:40:47.032 | MOVE CANDIDATE | C:\Users\enrik\lib\oracle-cli\Lib\site-packages\services\demand_signal\src\oci_cli_demand_signal__pycache__ -> G:\AI\E-zzio\runtime\cache__pycache__
2026-08-09 22:40:47.033 | MOVE CANDIDATE | C:\Users\enrik\lib\oracle-cli\Lib\site-packages\services\demand_signal\src\oci_cli_demand_signal\generated__pycache__ -> G:\AI\E-zzio\runtime\cache__pycache__
2026-08-09 22:40:47.035 | MOVE CANDIDATE | C:\Users\enrik\lib\oracle-cli\Lib\site-packages\services\demand_signal\src\oci_cli_occ_demand_signal__pycache__ -> G:\AI\E-zzio\runtime\cache__pycache__
2026-08-09 22:40:47.036 | MOVE CANDIDATE | C:\Users\enrik\lib\oracle-cli\Lib\site-packages\services\demand_signal\src\oci_cli_occ_demand_signal\generated__pycache__ -> G:\AI\E-zzio\runtime\cache__pycache__
2026-08-09 22:40:47.037 | MOVE CANDIDATE | C:\Users\enrik\lib\oracle-cli\Lib\site-packages\services\demand_signal\src\oci_cli_occ_metric_alarm__pycache__ -> G:\AI\E-zzio\runtime\cache__pycache__
2026-08-09 22:40:47.038 | MOVE CANDIDATE | C:\Users\enrik\lib\oracle-cli\Lib\site-packages\services\demand_signal\src\oci_cli_occ_metric_alarm\generated__pycache__ -> G:\AI\E-zzio\runtime\cache__pycache__
2026-08-09 22:40:47.039 | MOVE CANDIDATE | C:\Users\enrik\lib\oracle-cli\Lib\site-packages\services\demand_signal\tests__pycache__ -> G:\AI\E-zzio\runtime\cache__pycache__
2026-08-09 22:40:47.040 | MOVE CANDIDATE | C:\Users\enrik\lib\oracle-cli\Lib\site-packages\services\desktops__pycache__ -> G:\AI\E-zzio\runtime\cache__pycache__
2026-08-09 22:40:47.042 | MOVE CANDIDATE | C:\Users\enrik\lib\oracle-cli\Lib\site-packages\services\desktops\src__pycache__ -> G:\AI\E-zzio\runtime\cache__pycache__
2026-08-09 22:40:47.043 | MOVE CANDIDATE | C:\Users\enrik\lib\oracle-cli\Lib\site-packages\services\desktops\src\oci_cli_desktop_service__pycache__ -> G:\AI\E-zzio\runtime\cache__pycache__
2026-08-09 22:40:47.044 | MOVE CANDIDATE | C:\Users\enrik\lib\oracle-cli\Lib\site-packages\services\desktops\src\oci_cli_desktop_service\generated__pycache__ -> G:\AI\E-zzio\runtime\cache__pycache__
2026-08-09 22:40:47.046 | MOVE CANDIDATE | C:\Users\enrik\lib\oracle-cli\Lib\site-packages\services\desktops\tests__pycache__ -> G:\AI\E-zzio\runtime\cache__pycache__
2026-08-09 22:40:47.047 | MOVE CANDIDATE | C:\Users\enrik\lib\oracle-cli\Lib\site-packages\services\devops__pycache__ -> G:\AI\E-zzio\runtime\cache__pycache__
2026-08-09 22:40:47.048 | MOVE CANDIDATE | C:\Users\enrik\lib\oracle-cli\Lib\site-packages\services\devops\src__pycache__ -> G:\AI\E-zzio\runtime\cache__pycache__
2026-08-09 22:40:47.049 | MOVE CANDIDATE | C:\Users\enrik\lib\oracle-cli\Lib\site-packages\services\devops\src\oci_cli_devops__pycache__ -> G:\AI\E-zzio\runtime\cache__pycache__
2026-08-09 22:40:47.050 | MOVE CANDIDATE | C:\Users\enrik\lib\oracle-cli\Lib\site-packages\services\devops\src\oci_cli_devops\generated__pycache__ -> G:\AI\E-zzio\runtime\cache__pycache__
2026-08-09 22:40:47.051 | MOVE CANDIDATE | C:\Users\enrik\lib\oracle-cli\Lib\site-packages\services\devops\tests__pycache__ -> G:\AI\E-zzio\runtime\cache__pycache__
2026-08-09 22:40:47.052 | MOVE CANDIDATE | C:\Users\enrik\lib\oracle-cli\Lib\site-packages\services\dif__pycache__ -> G:\AI\E-zzio\runtime\cache__pycache__
2026-08-09 22:40:47.054 | MOVE CANDIDATE | C:\Users\enrik\lib\oracle-cli\Lib\site-packages\services\dif\src__pycache__ -> G:\AI\E-zzio\runtime\cache__pycache__
2026-08-09 22:40:47.055 | MOVE CANDIDATE | C:\Users\enrik\lib\oracle-cli\Lib\site-packages\services\dif\src\oci_cli_stack__pycache__ -> G:\AI\E-zzio\runtime\cache__pycache__
2026-08-09 22:40:47.056 | MOVE CANDIDATE | C:\Users\enrik\lib\oracle-cli\Lib\site-packages\services\dif\src\oci_cli_stack\generated__pycache__ -> G:\AI\E-zzio\runtime\cache__pycache__
2026-08-09 22:40:47.057 | MOVE CANDIDATE | C:\Users\enrik\lib\oracle-cli\Lib\site-packages\services\dif\tests__pycache__ -> G:\AI\E-zzio\runtime\cache__pycache__
2026-08-09 22:40:47.058 | MOVE CANDIDATE | C:\Users\enrik\lib\oracle-cli\Lib\site-packages\services\disaster_recovery__pycache__ -> G:\AI\E-zzio\runtime\cache__pycache__
2026-08-09 22:40:47.059 | MOVE CANDIDATE | C:\Users\enrik\lib\oracle-cli\Lib\site-packages\services\disaster_recovery\src__pycache__ -> G:\AI\E-zzio\runtime\cache__pycache__
2026-08-09 22:40:47.061 | MOVE CANDIDATE | C:\Users\enrik\lib\oracle-cli\Lib\site-packages\services\disaster_recovery\src\oci_cli_disaster_recovery__pycache__ -> G:\AI\E-zzio\runtime\cache__pycache__
2026-08-09 22:40:47.062 | MOVE CANDIDATE | C:\Users\enrik\lib\oracle-cli\Lib\site-packages\services\disaster_recovery\src\oci_cli_disaster_recovery\generated__pycache__ -> G:\AI\E-zzio\runtime\cache__pycache__
2026-08-09 22:40:47.063 | MOVE CANDIDATE | C:\Users\enrik\lib\oracle-cli\Lib\site-packages\services\disaster_recovery\tests__pycache__ -> G:\AI\E-zzio\runtime\cache__pycache__
2026-08-09 22:40:47.064 | MOVE CANDIDATE | C:\Users\enrik\lib\oracle-cli\Lib\site-packages\services\distributed_database__pycache__ -> G:\AI\E-zzio\runtime\cache__pycache__
2026-08-09 22:40:47.065 | MOVE CANDIDATE | C:\Users\enrik\lib\oracle-cli\Lib\site-packages\services\distributed_database\src__pycache__ -> G:\AI\E-zzio\runtime\cache__pycache__
2026-08-09 22:40:47.066 | MOVE CANDIDATE | C:\Users\enrik\lib\oracle-cli\Lib\site-packages\services\distributed_database\src\oci_cli_distributed_autonomous_db_service__pycache__ -> G:\AI\E-zzio\runtime\cache__pycache__
2026-08-09 22:40:47.067 | MOVE CANDIDATE | C:\Users\enrik\lib\oracle-cli\Lib\site-packages\services\distributed_database\src\oci_cli_distributed_autonomous_db_service\generated__pycache__ -> G:\AI\E-zzio\runtime\cache__pycache__
2026-08-09 22:40:47.073 | MOVE CANDIDATE | C:\Users\enrik\lib\oracle-cli\Lib\site-packages\services\distributed_database\src\oci_cli_distributed_database__pycache__ -> G:\AI\E-zzio\runtime\cache__pycache__
2026-08-09 22:40:47.074 | MOVE CANDIDATE | C:\Users\enrik\lib\oracle-cli\Lib\site-packages\services\distributed_database\src\oci_cli_distributed_database\generated__pycache__ -> G:\AI\E-zzio\runtime\cache__pycache__
2026-08-09 22:40:47.076 | MOVE CANDIDATE | C:\Users\enrik\lib\oracle-cli\Lib\site-packages\services\distributed_database\src\oci_cli_distributed_db_private_endpoint_service__pycache__ -> G:\AI\E-zzio\runtime\cache__pycache__
2026-08-09 22:40:47.077 | MOVE CANDIDATE | C:\Users\enrik\lib\oracle-cli\Lib\site-packages\services\distributed_database\src\oci_cli_distributed_db_private_endpoint_service\generated__pycache__ -> G:\AI\E-zzio\runtime\cache__pycache__
2026-08-09 22:40:47.078 | MOVE CANDIDATE | C:\Users\enrik\lib\oracle-cli\Lib\site-packages\services\distributed_database\src\oci_cli_distributed_db_service__pycache__ -> G:\AI\E-zzio\runtime\cache__pycache__
2026-08-09 22:40:47.079 | MOVE CANDIDATE | C:\Users\enrik\lib\oracle-cli\Lib\site-packages\services\distributed_database\src\oci_cli_distributed_db_service\generated__pycache__ -> G:\AI\E-zzio\runtime\cache__pycache__
2026-08-09 22:40:47.081 | MOVE CANDIDATE | C:\Users\enrik\lib\oracle-cli\Lib\site-packages\services\distributed_database\src\oci_cli_distributed_db_work_request_service__pycache__ -> G:\AI\E-zzio\runtime\cache__pycache__
2026-08-09 22:40:47.082 | MOVE CANDIDATE | C:\Users\enrik\lib\oracle-cli\Lib\site-packages\services\distributed_database\src\oci_cli_distributed_db_work_request_service\generated__pycache__ -> G:\AI\E-zzio\runtime\cache__pycache__
2026-08-09 22:40:47.083 | MOVE CANDIDATE | C:\Users\enrik\lib\oracle-cli\Lib\site-packages\services\distributed_database\tests__pycache__ -> G:\AI\E-zzio\runtime\cache__pycache__
2026-08-09 22:40:47.084 | MOVE CANDIDATE | C:\Users\enrik\lib\oracle-cli\Lib\site-packages\services\dns__pycache__ -> G:\AI\E-zzio\runtime\cache__pycache__
2026-08-09 22:40:47.086 | MOVE CANDIDATE | C:\Users\enrik\lib\oracle-cli\Lib\site-packages\services\dns\src__pycache__ -> G:\AI\E-zzio\runtime\cache__pycache__
2026-08-09 22:40:47.087 | MOVE CANDIDATE | C:\Users\enrik\lib\oracle-cli\Lib\site-packages\services\dns\src\oci_cli_dns__pycache__ -> G:\AI\E-zzio\runtime\cache__pycache__
2026-08-09 22:40:47.089 | MOVE CANDIDATE | C:\Users\enrik\lib\oracle-cli\Lib\site-packages\services\dns\src\oci_cli_dns\generated__pycache__ -> G:\AI\E-zzio\runtime\cache__pycache__
2026-08-09 22:40:47.090 | MOVE CANDIDATE | C:\Users\enrik\lib\oracle-cli\Lib\site-packages\services\dns\tests__pycache__ -> G:\AI\E-zzio\runtime\cache__pycache__
2026-08-09 22:40:47.091 | MOVE CANDIDATE | C:\Users\enrik\lib\oracle-cli\Lib\site-packages\services\em_warehouse__pycache__ -> G:\AI\E-zzio\runtime\cache__pycache__
2026-08-09 22:40:47.092 | MOVE CANDIDATE | C:\Users\enrik\lib\oracle-cli\Lib\site-packages\services\em_warehouse\src__pycache__ -> G:\AI\E-zzio\runtime\cache__pycache__
2026-08-09 22:40:47.093 | MOVE CANDIDATE | C:\Users\enrik\lib\oracle-cli\Lib\site-packages\services\em_warehouse\src\oci_cli_em_warehouse__pycache__ -> G:\AI\E-zzio\runtime\cache__pycache__
2026-08-09 22:40:47.094 | MOVE CANDIDATE | C:\Users\enrik\lib\oracle-cli\Lib\site-packages\services\em_warehouse\src\oci_cli_em_warehouse\generated__pycache__ -> G:\AI\E-zzio\runtime\cache__pycache__
2026-08-09 22:40:47.096 | MOVE CANDIDATE | C:\Users\enrik\lib\oracle-cli\Lib\site-packages\services\em_warehouse\tests__pycache__ -> G:\AI\E-zzio\runtime\cache__pycache__
2026-08-09 22:40:47.097 | MOVE CANDIDATE | C:\Users\enrik\lib\oracle-cli\Lib\site-packages\services\email_data_plane__pycache__ -> G:\AI\E-zzio\runtime\cache__pycache__
2026-08-09 22:40:47.098 | MOVE CANDIDATE | C:\Users\enrik\lib\oracle-cli\Lib\site-packages\services\email_data_plane\src__pycache__ -> G:\AI\E-zzio\runtime\cache__pycache__
2026-08-09 22:40:47.099 | MOVE CANDIDATE | C:\Users\enrik\lib\oracle-cli\Lib\site-packages\services\email_data_plane\src\oci_cli_email_dp__pycache__ -> G:\AI\E-zzio\runtime\cache__pycache__
2026-08-09 22:40:47.100 | MOVE CANDIDATE | C:\Users\enrik\lib\oracle-cli\Lib\site-packages\services\email_data_plane\src\oci_cli_email_dp\generated__pycache__ -> G:\AI\E-zzio\runtime\cache__pycache__
2026-08-09 22:40:47.101 | MOVE CANDIDATE | C:\Users\enrik\lib\oracle-cli\Lib\site-packages\services\email_data_plane\tests__pycache__ -> G:\AI\E-zzio\runtime\cache__pycache__
2026-08-09 22:40:47.102 | MOVE CANDIDATE | C:\Users\enrik\lib\oracle-cli\Lib\site-packages\services\email__pycache__ -> G:\AI\E-zzio\runtime\cache__pycache__
2026-08-09 22:40:47.104 | MOVE CANDIDATE | C:\Users\enrik\lib\oracle-cli\Lib\site-packages\services\email\src__pycache__ -> G:\AI\E-zzio\runtime\cache__pycache__
2026-08-09 22:40:47.106 | MOVE CANDIDATE | C:\Users\enrik\lib\oracle-cli\Lib\site-packages\services\email\src\oci_cli_email__pycache__ -> G:\AI\E-zzio\runtime\cache__pycache__
2026-08-09 22:40:47.107 | MOVE CANDIDATE | C:\Users\enrik\lib\oracle-cli\Lib\site-packages\services\email\src\oci_cli_email\generated__pycache__ -> G:\AI\E-zzio\runtime\cache__pycache__
2026-08-09 22:40:47.108 | MOVE CANDIDATE | C:\Users\enrik\lib\oracle-cli\Lib\site-packages\services\email\tests__pycache__ -> G:\AI\E-zzio\runtime\cache__pycache__
2026-08-09 22:40:47.109 | MOVE CANDIDATE | C:\Users\enrik\lib\oracle-cli\Lib\site-packages\services\events__pycache__ -> G:\AI\E-zzio\runtime\cache__pycache__
2026-08-09 22:40:47.110 | MOVE CANDIDATE | C:\Users\enrik\lib\oracle-cli\Lib\site-packages\services\events\src__pycache__ -> G:\AI\E-zzio\runtime\cache__pycache__
2026-08-09 22:40:47.111 | MOVE CANDIDATE | C:\Users\enrik\lib\oracle-cli\Lib\site-packages\services\events\src\oci_cli_events__pycache__ -> G:\AI\E-zzio\runtime\cache__pycache__
2026-08-09 22:40:47.112 | MOVE CANDIDATE | C:\Users\enrik\lib\oracle-cli\Lib\site-packages\services\events\src\oci_cli_events\generated__pycache__ -> G:\AI\E-zzio\runtime\cache__pycache__
2026-08-09 22:40:47.113 | MOVE CANDIDATE | C:\Users\enrik\lib\oracle-cli\Lib\site-packages\services\events\tests__pycache__ -> G:\AI\E-zzio\runtime\cache__pycache__
2026-08-09 22:40:47.115 | MOVE CANDIDATE | C:\Users\enrik\lib\oracle-cli\Lib\site-packages\services\file_storage__pycache__ -> G:\AI\E-zzio\runtime\cache__pycache__
2026-08-09 22:40:47.116 | MOVE CANDIDATE | C:\Users\enrik\lib\oracle-cli\Lib\site-packages\services\file_storage\src__pycache__ -> G:\AI\E-zzio\runtime\cache__pycache__
2026-08-09 22:40:47.117 | MOVE CANDIDATE | C:\Users\enrik\lib\oracle-cli\Lib\site-packages\services\file_storage\src\oci_cli_file_storage__pycache__ -> G:\AI\E-zzio\runtime\cache__pycache__
2026-08-09 22:40:47.118 | MOVE CANDIDATE | C:\Users\enrik\lib\oracle-cli\Lib\site-packages\services\file_storage\src\oci_cli_file_storage\generated__pycache__ -> G:\AI\E-zzio\runtime\cache__pycache__
2026-08-09 22:40:47.119 | MOVE CANDIDATE | C:\Users\enrik\lib\oracle-cli\Lib\site-packages\services\file_storage\tests__pycache__ -> G:\AI\E-zzio\runtime\cache__pycache__
2026-08-09 22:40:47.121 | MOVE CANDIDATE | C:\Users\enrik\lib\oracle-cli\Lib\site-packages\services\fleet_apps_management__pycache__ -> G:\AI\E-zzio\runtime\cache__pycache__
2026-08-09 22:40:47.122 | MOVE CANDIDATE | C:\Users\enrik\lib\oracle-cli\Lib\site-packages\services\fleet_apps_management\src__pycache__ -> G:\AI\E-zzio\runtime\cache__pycache__
2026-08-09 22:40:47.123 | MOVE CANDIDATE | C:\Users\enrik\lib\oracle-cli\Lib\site-packages\services\fleet_apps_management\src\oci_cli_fleet_apps_management_admin__pycache__ -> G:\AI\E-zzio\runtime\cache__pycache__
2026-08-09 22:40:47.124 | MOVE CANDIDATE | C:\Users\enrik\lib\oracle-cli\Lib\site-packages\services\fleet_apps_management\src\oci_cli_fleet_apps_management_admin\generated__pycache__ -> G:\AI\E-zzio\runtime\cache__pycache__
2026-08-09 22:40:47.125 | MOVE CANDIDATE | C:\Users\enrik\lib\oracle-cli\Lib\site-packages\services\fleet_apps_management\src\oci_cli_fleet_apps_management_catalog__pycache__ -> G:\AI\E-zzio\runtime\cache__pycache__
2026-08-09 22:40:47.126 | MOVE CANDIDATE | C:\Users\enrik\lib\oracle-cli\Lib\site-packages\services\fleet_apps_management\src\oci_cli_fleet_apps_management_catalog\generated__pycache__ -> G:\AI\E-zzio\runtime\cache__pycache__
2026-08-09 22:40:47.127 | MOVE CANDIDATE | C:\Users\enrik\lib\oracle-cli\Lib\site-packages\services\fleet_apps_management\src\oci_cli_fleet_apps_management_maintenance_window__pycache__ -> G:\AI\E-zzio\runtime\cache__pycache__
2026-08-09 22:40:47.128 | MOVE CANDIDATE | C:\Users\enrik\lib\oracle-cli\Lib\site-packages\services\fleet_apps_management\src\oci_cli_fleet_apps_management_maintenance_window\generated__pycache__ -> G:\AI\E-zzio\runtime\cache__pycache__
2026-08-09 22:40:47.130 | MOVE CANDIDATE | C:\Users\enrik\lib\oracle-cli\Lib\site-packages\services\fleet_apps_management\src\oci_cli_fleet_apps_management_operations__pycache__ -> G:\AI\E-zzio\runtime\cache__pycache__
2026-08-09 22:40:47.131 | MOVE CANDIDATE | C:\Users\enrik\lib\oracle-cli\Lib\site-packages\services\fleet_apps_management\src\oci_cli_fleet_apps_management_operations\generated__pycache__ -> G:\AI\E-zzio\runtime\cache__pycache__
2026-08-09 22:40:47.132 | MOVE CANDIDATE | C:\Users\enrik\lib\oracle-cli\Lib\site-packages\services\fleet_apps_management\src\oci_cli_fleet_apps_management_provision__pycache__ -> G:\AI\E-zzio\runtime\cache__pycache__
2026-08-09 22:40:47.133 | MOVE CANDIDATE | C:\Users\enrik\lib\oracle-cli\Lib\site-packages\services\fleet_apps_management\src\oci_cli_fleet_apps_management_provision\generated__pycache__ -> G:\AI\E-zzio\runtime\cache__pycache__
2026-08-09 22:40:47.134 | MOVE CANDIDATE | C:\Users\enrik\lib\oracle-cli\Lib\site-packages\services\fleet_apps_management\src\oci_cli_fleet_apps_management_runbooks__pycache__ -> G:\AI\E-zzio\runtime\cache__pycache__
2026-08-09 22:40:47.135 | MOVE CANDIDATE | C:\Users\enrik\lib\oracle-cli\Lib\site-packages\services\fleet_apps_management\src\oci_cli_fleet_apps_management_runbooks\generated__pycache__ -> G:\AI\E-zzio\runtime\cache__pycache__
2026-08-09 22:40:47.137 | MOVE CANDIDATE | C:\Users\enrik\lib\oracle-cli\Lib\site-packages\services\fleet_apps_management\src\oci_cli_fleet_apps_management_work_request__pycache__ -> G:\AI\E-zzio\runtime\cache__pycache__
2026-08-09 22:40:47.138 | MOVE CANDIDATE | C:\Users\enrik\lib\oracle-cli\Lib\site-packages\services\fleet_apps_management\src\oci_cli_fleet_apps_management_work_request\generated__pycache__ -> G:\AI\E-zzio\runtime\cache__pycache__
2026-08-09 22:40:47.139 | MOVE CANDIDATE | C:\Users\enrik\lib\oracle-cli\Lib\site-packages\services\fleet_apps_management\src\oci_cli_fleet_apps_management__pycache__ -> G:\AI\E-zzio\runtime\cache__pycache__
2026-08-09 22:40:47.140 | MOVE CANDIDATE | C:\Users\enrik\lib\oracle-cli\Lib\site-packages\services\fleet_apps_management\src\oci_cli_fleet_apps_management\generated__pycache__ -> G:\AI\E-zzio\runtime\cache__pycache__
2026-08-09 22:40:47.141 | MOVE CANDIDATE | C:\Users\enrik\lib\oracle-cli\Lib\site-packages\services\fleet_apps_management\tests__pycache__ -> G:\AI\E-zzio\runtime\cache__pycache__
2026-08-09 22:40:47.142 | MOVE CANDIDATE | C:\Users\enrik\lib\oracle-cli\Lib\site-packages\services\fleet_software_update__pycache__ -> G:\AI\E-zzio\runtime\cache__pycache__
2026-08-09 22:40:47.144 | MOVE CANDIDATE | C:\Users\enrik\lib\oracle-cli\Lib\site-packages\services\fleet_software_update\src__pycache__ -> G:\AI\E-zzio\runtime\cache__pycache__
2026-08-09 22:40:47.145 | MOVE CANDIDATE | C:\Users\enrik\lib\oracle-cli\Lib\site-packages\services\fleet_software_update\src\oci_cli_fleet_software_update__pycache__ -> G:\AI\E-zzio\runtime\cache__pycache__
2026-08-09 22:40:47.146 | MOVE CANDIDATE | C:\Users\enrik\lib\oracle-cli\Lib\site-packages\services\fleet_software_update\src\oci_cli_fleet_software_update\generated__pycache__ -> G:\AI\E-zzio\runtime\cache__pycache__
2026-08-09 22:40:47.147 | MOVE CANDIDATE | C:\Users\enrik\lib\oracle-cli\Lib\site-packages\services\fleet_software_update\tests__pycache__ -> G:\AI\E-zzio\runtime\cache__pycache__
2026-08-09 22:40:47.148 | MOVE CANDIDATE | C:\Users\enrik\lib\oracle-cli\Lib\site-packages\services\functions__pycache__ -> G:\AI\E-zzio\runtime\cache__pycache__
2026-08-09 22:40:47.150 | MOVE CANDIDATE | C:\Users\enrik\lib\oracle-cli\Lib\site-packages\services\functions\src__pycache__ -> G:\AI\E-zzio\runtime\cache__pycache__
2026-08-09 22:40:47.151 | MOVE CANDIDATE | C:\Users\enrik\lib\oracle-cli\Lib\site-packages\services\functions\src\oci_cli_functions_invoke__pycache__ -> G:\AI\E-zzio\runtime\cache__pycache__
2026-08-09 22:40:47.152 | MOVE CANDIDATE | C:\Users\enrik\lib\oracle-cli\Lib\site-packages\services\functions\src\oci_cli_functions_invoke\generated__pycache__ -> G:\AI\E-zzio\runtime\cache__pycache__
2026-08-09 22:40:47.153 | MOVE CANDIDATE | C:\Users\enrik\lib\oracle-cli\Lib\site-packages\services\functions\src\oci_cli_functions_management__pycache__ -> G:\AI\E-zzio\runtime\cache__pycache__
2026-08-09 22:40:47.155 | MOVE CANDIDATE | C:\Users\enrik\lib\oracle-cli\Lib\site-packages\services\functions\src\oci_cli_functions_management\generated__pycache__ -> G:\AI\E-zzio\runtime\cache__pycache__
2026-08-09 22:40:47.156 | MOVE CANDIDATE | C:\Users\enrik\lib\oracle-cli\Lib\site-packages\services\functions\src\oci_cli_functions__pycache__ -> G:\AI\E-zzio\runtime\cache__pycache__
2026-08-09 22:40:47.161 | MOVE CANDIDATE | C:\Users\enrik\lib\oracle-cli\Lib\site-packages\services\functions\src\oci_cli_functions\generated__pycache__ -> G:\AI\E-zzio\runtime\cache__pycache__
2026-08-09 22:40:47.162 | MOVE CANDIDATE | C:\Users\enrik\lib\oracle-cli\Lib\site-packages\services\functions\tests__pycache__ -> G:\AI\E-zzio\runtime\cache__pycache__
2026-08-09 22:40:47.163 | MOVE CANDIDATE | C:\Users\enrik\lib\oracle-cli\Lib\site-packages\services\fusion_apps__pycache__ -> G:\AI\E-zzio\runtime\cache__pycache__
2026-08-09 22:40:47.165 | MOVE CANDIDATE | C:\Users\enrik\lib\oracle-cli\Lib\site-packages\services\fusion_apps\src__pycache__ -> G:\AI\E-zzio\runtime\cache__pycache__
2026-08-09 22:40:47.166 | MOVE CANDIDATE | C:\Users\enrik\lib\oracle-cli\Lib\site-packages\services\fusion_apps\src\oci_cli_fusion_applications__pycache__ -> G:\AI\E-zzio\runtime\cache__pycache__
2026-08-09 22:40:47.168 | MOVE CANDIDATE | C:\Users\enrik\lib\oracle-cli\Lib\site-packages\services\fusion_apps\src\oci_cli_fusion_applications\generated__pycache__ -> G:\AI\E-zzio\runtime\cache__pycache__
2026-08-09 22:40:47.169 | MOVE CANDIDATE | C:\Users\enrik\lib\oracle-cli\Lib\site-packages\services\fusion_apps\tests__pycache__ -> G:\AI\E-zzio\runtime\cache__pycache__
2026-08-09 22:40:47.170 | MOVE CANDIDATE | C:\Users\enrik\lib\oracle-cli\Lib\site-packages\services\gdp__pycache__ -> G:\AI\E-zzio\runtime\cache__pycache__
2026-08-09 22:40:47.171 | MOVE CANDIDATE | C:\Users\enrik\lib\oracle-cli\Lib\site-packages\services\gdp\src__pycache__ -> G:\AI\E-zzio\runtime\cache__pycache__
2026-08-09 22:40:47.172 | MOVE CANDIDATE | C:\Users\enrik\lib\oracle-cli\Lib\site-packages\services\gdp\src\oci_cli_guarded_data_pipeline__pycache__ -> G:\AI\E-zzio\runtime\cache__pycache__
2026-08-09 22:40:47.173 | MOVE CANDIDATE | C:\Users\enrik\lib\oracle-cli\Lib\site-packages\services\gdp\src\oci_cli_guarded_data_pipeline\generated__pycache__ -> G:\AI\E-zzio\runtime\cache__pycache__
2026-08-09 22:40:47.175 | MOVE CANDIDATE | C:\Users\enrik\lib\oracle-cli\Lib\site-packages\services\gdp\tests__pycache__ -> G:\AI\E-zzio\runtime\cache__pycache__
2026-08-09 22:40:47.176 | MOVE CANDIDATE | C:\Users\enrik\lib\oracle-cli\Lib\site-packages\services\generative_ai_agent_runtime__pycache__ -> G:\AI\E-zzio\runtime\cache__pycache__
2026-08-09 22:40:47.177 | MOVE CANDIDATE | C:\Users\enrik\lib\oracle-cli\Lib\site-packages\services\generative_ai_agent_runtime\src__pycache__ -> G:\AI\E-zzio\runtime\cache__pycache__
2026-08-09 22:40:47.178 | MOVE CANDIDATE | C:\Users\enrik\lib\oracle-cli\Lib\site-packages\services\generative_ai_agent_runtime\src\oci_cli_generative_ai_agent_runtime__pycache__ -> G:\AI\E-zzio\runtime\cache__pycache__
2026-08-09 22:40:47.179 | MOVE CANDIDATE | C:\Users\enrik\lib\oracle-cli\Lib\site-packages\services\generative_ai_agent_runtime\src\oci_cli_generative_ai_agent_runtime\generated__pycache__ -> G:\AI\E-zzio\runtime\cache__pycache__
2026-08-09 22:40:47.180 | MOVE CANDIDATE | C:\Users\enrik\lib\oracle-cli\Lib\site-packages\services\generative_ai_agent_runtime\tests__pycache__ -> G:\AI\E-zzio\runtime\cache__pycache__
2026-08-09 22:40:47.182 | MOVE CANDIDATE | C:\Users\enrik\lib\oracle-cli\Lib\site-packages\services\generative_ai_agent__pycache__ -> G:\AI\E-zzio\runtime\cache__pycache__
2026-08-09 22:40:47.183 | MOVE CANDIDATE | C:\Users\enrik\lib\oracle-cli\Lib\site-packages\services\generative_ai_agent\src__pycache__ -> G:\AI\E-zzio\runtime\cache__pycache__
2026-08-09 22:40:47.184 | MOVE CANDIDATE | C:\Users\enrik\lib\oracle-cli\Lib\site-packages\services\generative_ai_agent\src\oci_cli_generative_ai_agent__pycache__ -> G:\AI\E-zzio\runtime\cache__pycache__
2026-08-09 22:40:47.186 | MOVE CANDIDATE | C:\Users\enrik\lib\oracle-cli\Lib\site-packages\services\generative_ai_agent\src\oci_cli_generative_ai_agent\generated__pycache__ -> G:\AI\E-zzio\runtime\cache__pycache__
2026-08-09 22:40:47.187 | MOVE CANDIDATE | C:\Users\enrik\lib\oracle-cli\Lib\site-packages\services\generative_ai_agent\tests__pycache__ -> G:\AI\E-zzio\runtime\cache__pycache__
2026-08-09 22:40:47.188 | MOVE CANDIDATE | C:\Users\enrik\lib\oracle-cli\Lib\site-packages\services\generative_ai_data__pycache__ -> G:\AI\E-zzio\runtime\cache__pycache__
2026-08-09 22:40:47.189 | MOVE CANDIDATE | C:\Users\enrik\lib\oracle-cli\Lib\site-packages\services\generative_ai_data\src__pycache__ -> G:\AI\E-zzio\runtime\cache__pycache__
2026-08-09 22:40:47.190 | MOVE CANDIDATE | C:\Users\enrik\lib\oracle-cli\Lib\site-packages\services\generative_ai_data\src\oci_cli_cancel_enrichment_job__pycache__ -> G:\AI\E-zzio\runtime\cache__pycache__
2026-08-09 22:40:47.191 | MOVE CANDIDATE | C:\Users\enrik\lib\oracle-cli\Lib\site-packages\services\generative_ai_data\src\oci_cli_cancel_enrichment_job\generated__pycache__ -> G:\AI\E-zzio\runtime\cache__pycache__
2026-08-09 22:40:47.192 | MOVE CANDIDATE | C:\Users\enrik\lib\oracle-cli\Lib\site-packages\services\generative_ai_data\src\oci_cli_generate_enrichment_job__pycache__ -> G:\AI\E-zzio\runtime\cache__pycache__
2026-08-09 22:40:47.193 | MOVE CANDIDATE | C:\Users\enrik\lib\oracle-cli\Lib\site-packages\services\generative_ai_data\src\oci_cli_generate_enrichment_job\generated__pycache__ -> G:\AI\E-zzio\runtime\cache__pycache__
2026-08-09 22:40:47.195 | MOVE CANDIDATE | C:\Users\enrik\lib\oracle-cli\Lib\site-packages\services\generative_ai_data\src\oci_cli_generate_sql_from_nl_job__pycache__ -> G:\AI\E-zzio\runtime\cache__pycache__
2026-08-09 22:40:47.197 | MOVE CANDIDATE | C:\Users\enrik\lib\oracle-cli\Lib\site-packages\services\generative_ai_data\src\oci_cli_generate_sql_from_nl_job\generated__pycache__ -> G:\AI\E-zzio\runtime\cache__pycache__
2026-08-09 22:40:47.198 | MOVE CANDIDATE | C:\Users\enrik\lib\oracle-cli\Lib\site-packages\services\generative_ai_data\src\oci_cli_generative_ai_data__pycache__ -> G:\AI\E-zzio\runtime\cache__pycache__
2026-08-09 22:40:47.199 | MOVE CANDIDATE | C:\Users\enrik\lib\oracle-cli\Lib\site-packages\services\generative_ai_data\src\oci_cli_generative_ai_data\generated__pycache__ -> G:\AI\E-zzio\runtime\cache__pycache__
2026-08-09 22:40:47.200 | MOVE CANDIDATE | C:\Users\enrik\lib\oracle-cli\Lib\site-packages\services\generative_ai_data\src\oci_cli_get_enrichment_job__pycache__ -> G:\AI\E-zzio\runtime\cache__pycache__
2026-08-09 22:40:47.201 | MOVE CANDIDATE | C:\Users\enrik\lib\oracle-cli\Lib\site-packages\services\generative_ai_data\src\oci_cli_get_enrichment_job\generated__pycache__ -> G:\AI\E-zzio\runtime\cache__pycache__
2026-08-09 22:40:47.202 | MOVE CANDIDATE | C:\Users\enrik\lib\oracle-cli\Lib\site-packages\services\generative_ai_data\src\oci_cli_list_enrichment_jobs__pycache__ -> G:\AI\E-zzio\runtime\cache__pycache__
2026-08-09 22:40:47.203 | MOVE CANDIDATE | C:\Users\enrik\lib\oracle-cli\Lib\site-packages\services\generative_ai_data\src\oci_cli_list_enrichment_jobs\generated__pycache__ -> G:\AI\E-zzio\runtime\cache__pycache__
2026-08-09 22:40:47.204 | MOVE CANDIDATE | C:\Users\enrik\lib\oracle-cli\Lib\site-packages\services\generative_ai_data\tests__pycache__ -> G:\AI\E-zzio\runtime\cache__pycache__
2026-08-09 22:40:47.205 | MOVE CANDIDATE | C:\Users\enrik\lib\oracle-cli\Lib\site-packages\services\generative_ai_inference__pycache__ -> G:\AI\E-zzio\runtime\cache__pycache__
2026-08-09 22:40:47.206 | MOVE CANDIDATE | C:\Users\enrik\lib\oracle-cli\Lib\site-packages\services\generative_ai_inference\src__pycache__ -> G:\AI\E-zzio\runtime\cache__pycache__
2026-08-09 22:40:47.208 | MOVE CANDIDATE | C:\Users\enrik\lib\oracle-cli\Lib\site-packages\services\generative_ai_inference\src\oci_cli_generative_ai_inference__pycache__ -> G:\AI\E-zzio\runtime\cache__pycache__
2026-08-09 22:40:47.209 | MOVE CANDIDATE | C:\Users\enrik\lib\oracle-cli\Lib\site-packages\services\generative_ai_inference\src\oci_cli_generative_ai_inference\generated__pycache__ -> G:\AI\E-zzio\runtime\cache__pycache__
2026-08-09 22:40:47.210 | MOVE CANDIDATE | C:\Users\enrik\lib\oracle-cli\Lib\site-packages\services\generative_ai_inference\tests__pycache__ -> G:\AI\E-zzio\runtime\cache__pycache__
2026-08-09 22:40:47.211 | MOVE CANDIDATE | C:\Users\enrik\lib\oracle-cli\Lib\site-packages\services\generative_ai__pycache__ -> G:\AI\E-zzio\runtime\cache__pycache__
2026-08-09 22:40:47.213 | MOVE CANDIDATE | C:\Users\enrik\lib\oracle-cli\Lib\site-packages\services\generative_ai\src__pycache__ -> G:\AI\E-zzio\runtime\cache__pycache__
2026-08-09 22:40:47.214 | MOVE CANDIDATE | C:\Users\enrik\lib\oracle-cli\Lib\site-packages\services\generative_ai\src\oci_cli_generative_ai__pycache__ -> G:\AI\E-zzio\runtime\cache__pycache__
2026-08-09 22:40:47.215 | MOVE CANDIDATE | C:\Users\enrik\lib\oracle-cli\Lib\site-packages\services\generative_ai\src\oci_cli_generative_ai\generated__pycache__ -> G:\AI\E-zzio\runtime\cache__pycache__
2026-08-09 22:40:47.217 | MOVE CANDIDATE | C:\Users\enrik\lib\oracle-cli\Lib\site-packages\services\generative_ai\tests__pycache__ -> G:\AI\E-zzio\runtime\cache__pycache__
2026-08-09 22:40:47.218 | MOVE CANDIDATE | C:\Users\enrik\lib\oracle-cli\Lib\site-packages\services\generic_artifacts_content__pycache__ -> G:\AI\E-zzio\runtime\cache__pycache__
2026-08-09 22:40:47.219 | MOVE CANDIDATE | C:\Users\enrik\lib\oracle-cli\Lib\site-packages\services\generic_artifacts_content\src__pycache__ -> G:\AI\E-zzio\runtime\cache__pycache__
2026-08-09 22:40:47.220 | MOVE CANDIDATE | C:\Users\enrik\lib\oracle-cli\Lib\site-packages\services\generic_artifacts_content\src\oci_cli_generic_artifacts_content__pycache__ -> G:\AI\E-zzio\runtime\cache__pycache__
2026-08-09 22:40:47.222 | MOVE CANDIDATE | C:\Users\enrik\lib\oracle-cli\Lib\site-packages\services\generic_artifacts_content\src\oci_cli_generic_artifacts_content\generated__pycache__ -> G:\AI\E-zzio\runtime\cache__pycache__
2026-08-09 22:40:47.223 | MOVE CANDIDATE | C:\Users\enrik\lib\oracle-cli\Lib\site-packages\services\generic_artifacts_content\tests__pycache__ -> G:\AI\E-zzio\runtime\cache__pycache__
2026-08-09 22:40:47.224 | MOVE CANDIDATE | C:\Users\enrik\lib\oracle-cli\Lib\site-packages\services\golden_gate__pycache__ -> G:\AI\E-zzio\runtime\cache__pycache__
2026-08-09 22:40:47.225 | MOVE CANDIDATE | C:\Users\enrik\lib\oracle-cli\Lib\site-packages\services\golden_gate\src__pycache__ -> G:\AI\E-zzio\runtime\cache__pycache__
2026-08-09 22:40:47.227 | MOVE CANDIDATE | C:\Users\enrik\lib\oracle-cli\Lib\site-packages\services\golden_gate\src\oci_cli_golden_gate__pycache__ -> G:\AI\E-zzio\runtime\cache__pycache__
2026-08-09 22:40:47.228 | MOVE CANDIDATE | C:\Users\enrik\lib\oracle-cli\Lib\site-packages\services\golden_gate\src\oci_cli_golden_gate\generated__pycache__ -> G:\AI\E-zzio\runtime\cache__pycache__
2026-08-09 22:40:47.229 | MOVE CANDIDATE | C:\Users\enrik\lib\oracle-cli\Lib\site-packages\services\golden_gate\tests__pycache__ -> G:\AI\E-zzio\runtime\cache__pycache__
2026-08-09 22:40:47.230 | MOVE CANDIDATE | C:\Users\enrik\lib\oracle-cli\Lib\site-packages\services\governance_rules_control_plane__pycache__ -> G:\AI\E-zzio\runtime\cache__pycache__
2026-08-09 22:40:47.231 | MOVE CANDIDATE | C:\Users\enrik\lib\oracle-cli\Lib\site-packages\services\governance_rules_control_plane\src__pycache__ -> G:\AI\E-zzio\runtime\cache__pycache__
2026-08-09 22:40:47.232 | MOVE CANDIDATE | C:\Users\enrik\lib\oracle-cli\Lib\site-packages\services\governance_rules_control_plane\src\oci_cli_governance_rule__pycache__ -> G:\AI\E-zzio\runtime\cache__pycache__
2026-08-09 22:40:47.234 | MOVE CANDIDATE | C:\Users\enrik\lib\oracle-cli\Lib\site-packages\services\governance_rules_control_plane\src\oci_cli_governance_rule\generated__pycache__ -> G:\AI\E-zzio\runtime\cache__pycache__
2026-08-09 22:40:47.235 | MOVE CANDIDATE | C:\Users\enrik\lib\oracle-cli\Lib\site-packages\services\governance_rules_control_plane\src\oci_cli_governance_rules_control_plane__pycache__ -> G:\AI\E-zzio\runtime\cache__pycache__
2026-08-09 22:40:47.236 | MOVE CANDIDATE | C:\Users\enrik\lib\oracle-cli\Lib\site-packages\services\governance_rules_control_plane\src\oci_cli_governance_rules_control_plane\generated__pycache__ -> G:\AI\E-zzio\runtime\cache__pycache__
2026-08-09 22:40:47.237 | MOVE CANDIDATE | C:\Users\enrik\lib\oracle-cli\Lib\site-packages\services\governance_rules_control_plane\src\oci_cli_work_request__pycache__ -> G:\AI\E-zzio\runtime\cache__pycache__
2026-08-09 22:40:47.238 | MOVE CANDIDATE | C:\Users\enrik\lib\oracle-cli\Lib\site-packages\services\governance_rules_control_plane\src\oci_cli_work_request\generated__pycache__ -> G:\AI\E-zzio\runtime\cache__pycache__
2026-08-09 22:40:47.239 | MOVE CANDIDATE | C:\Users\enrik\lib\oracle-cli\Lib\site-packages\services\governance_rules_control_plane\tests__pycache__ -> G:\AI\E-zzio\runtime\cache__pycache__
2026-08-09 22:40:47.240 | MOVE CANDIDATE | C:\Users\enrik\lib\oracle-cli\Lib\site-packages\services\healthchecks__pycache__ -> G:\AI\E-zzio\runtime\cache__pycache__
2026-08-09 22:40:47.241 | MOVE CANDIDATE | C:\Users\enrik\lib\oracle-cli\Lib\site-packages\services\healthchecks\src__pycache__ -> G:\AI\E-zzio\runtime\cache__pycache__
2026-08-09 22:40:47.242 | MOVE CANDIDATE | C:\Users\enrik\lib\oracle-cli\Lib\site-packages\services\healthchecks\src\oci_cli_health_checks__pycache__ -> G:\AI\E-zzio\runtime\cache__pycache__
2026-08-09 22:40:47.244 | MOVE CANDIDATE | C:\Users\enrik\lib\oracle-cli\Lib\site-packages\services\healthchecks\src\oci_cli_health_checks\generated__pycache__ -> G:\AI\E-zzio\runtime\cache__pycache__
2026-08-09 22:40:47.250 | MOVE CANDIDATE | C:\Users\enrik\lib\oracle-cli\Lib\site-packages\services\healthchecks\tests__pycache__ -> G:\AI\E-zzio\runtime\cache__pycache__
2026-08-09 22:40:47.251 | MOVE CANDIDATE | C:\Users\enrik\lib\oracle-cli\Lib\site-packages\services\identity_data_plane__pycache__ -> G:\AI\E-zzio\runtime\cache__pycache__
2026-08-09 22:40:47.252 | MOVE CANDIDATE | C:\Users\enrik\lib\oracle-cli\Lib\site-packages\services\identity_data_plane\src__pycache__ -> G:\AI\E-zzio\runtime\cache__pycache__
2026-08-09 22:40:47.254 | MOVE CANDIDATE | C:\Users\enrik\lib\oracle-cli\Lib\site-packages\services\identity_data_plane\src\oci_cli_dataplane__pycache__ -> G:\AI\E-zzio\runtime\cache__pycache__
2026-08-09 22:40:47.255 | MOVE CANDIDATE | C:\Users\enrik\lib\oracle-cli\Lib\site-packages\services\identity_data_plane\src\oci_cli_dataplane\generated__pycache__ -> G:\AI\E-zzio\runtime\cache__pycache__
2026-08-09 22:40:47.256 | MOVE CANDIDATE | C:\Users\enrik\lib\oracle-cli\Lib\site-packages\services\identity_data_plane\tests__pycache__ -> G:\AI\E-zzio\runtime\cache__pycache__
2026-08-09 22:40:47.257 | MOVE CANDIDATE | C:\Users\enrik\lib\oracle-cli\Lib\site-packages\services\identity_domains__pycache__ -> G:\AI\E-zzio\runtime\cache__pycache__
2026-08-09 22:40:47.258 | MOVE CANDIDATE | C:\Users\enrik\lib\oracle-cli\Lib\site-packages\services\identity_domains\src__pycache__ -> G:\AI\E-zzio\runtime\cache__pycache__
2026-08-09 22:40:47.259 | MOVE CANDIDATE | C:\Users\enrik\lib\oracle-cli\Lib\site-packages\services\identity_domains\src\oci_cli_identity_domains__pycache__ -> G:\AI\E-zzio\runtime\cache__pycache__
2026-08-09 22:40:47.260 | MOVE CANDIDATE | C:\Users\enrik\lib\oracle-cli\Lib\site-packages\services\identity_domains\src\oci_cli_identity_domains\generated__pycache__ -> G:\AI\E-zzio\runtime\cache__pycache__
2026-08-09 22:40:47.262 | MOVE CANDIDATE | C:\Users\enrik\lib\oracle-cli\Lib\site-packages\services\identity_domains\tests__pycache__ -> G:\AI\E-zzio\runtime\cache__pycache__
2026-08-09 22:40:47.263 | MOVE CANDIDATE | C:\Users\enrik\lib\oracle-cli\Lib\site-packages\services\identity__pycache__ -> G:\AI\E-zzio\runtime\cache__pycache__
2026-08-09 22:40:47.264 | MOVE CANDIDATE | C:\Users\enrik\lib\oracle-cli\Lib\site-packages\services\identity\src__pycache__ -> G:\AI\E-zzio\runtime\cache__pycache__
2026-08-09 22:40:47.266 | MOVE CANDIDATE | C:\Users\enrik\lib\oracle-cli\Lib\site-packages\services\identity\src\oci_cli_identity__pycache__ -> G:\AI\E-zzio\runtime\cache__pycache__
2026-08-09 22:40:47.267 | MOVE CANDIDATE | C:\Users\enrik\lib\oracle-cli\Lib\site-packages\services\identity\src\oci_cli_identity\generated__pycache__ -> G:\AI\E-zzio\runtime\cache__pycache__
2026-08-09 22:40:47.268 | MOVE CANDIDATE | C:\Users\enrik\lib\oracle-cli\Lib\site-packages\services\identity\tests__pycache__ -> G:\AI\E-zzio\runtime\cache__pycache__
2026-08-09 22:40:47.269 | MOVE CANDIDATE | C:\Users\enrik\lib\oracle-cli\Lib\site-packages\services\integration__pycache__ -> G:\AI\E-zzio\runtime\cache__pycache__
2026-08-09 22:40:47.270 | MOVE CANDIDATE | C:\Users\enrik\lib\oracle-cli\Lib\site-packages\services\integration\src__pycache__ -> G:\AI\E-zzio\runtime\cache__pycache__
2026-08-09 22:40:47.271 | MOVE CANDIDATE | C:\Users\enrik\lib\oracle-cli\Lib\site-packages\services\integration\src\oci_cli_integration_instance__pycache__ -> G:\AI\E-zzio\runtime\cache__pycache__
2026-08-09 22:40:47.273 | MOVE CANDIDATE | C:\Users\enrik\lib\oracle-cli\Lib\site-packages\services\integration\src\oci_cli_integration_instance\generated__pycache__ -> G:\AI\E-zzio\runtime\cache__pycache__
2026-08-09 22:40:47.274 | MOVE CANDIDATE | C:\Users\enrik\lib\oracle-cli\Lib\site-packages\services\integration\tests__pycache__ -> G:\AI\E-zzio\runtime\cache__pycache__
2026-08-09 22:40:47.276 | MOVE CANDIDATE | C:\Users\enrik\lib\oracle-cli\Lib\site-packages\services\iot__pycache__ -> G:\AI\E-zzio\runtime\cache__pycache__
2026-08-09 22:40:47.277 | MOVE CANDIDATE | C:\Users\enrik\lib\oracle-cli\Lib\site-packages\services\iot\src__pycache__ -> G:\AI\E-zzio\runtime\cache__pycache__
2026-08-09 22:40:47.278 | MOVE CANDIDATE | C:\Users\enrik\lib\oracle-cli\Lib\site-packages\services\iot\src\oci_cli_iot__pycache__ -> G:\AI\E-zzio\runtime\cache__pycache__
2026-08-09 22:40:47.279 | MOVE CANDIDATE | C:\Users\enrik\lib\oracle-cli\Lib\site-packages\services\iot\src\oci_cli_iot\generated__pycache__ -> G:\AI\E-zzio\runtime\cache__pycache__
2026-08-09 22:40:47.280 | MOVE CANDIDATE | C:\Users\enrik\lib\oracle-cli\Lib\site-packages\services\iot\tests__pycache__ -> G:\AI\E-zzio\runtime\cache__pycache__
2026-08-09 22:40:47.281 | MOVE CANDIDATE | C:\Users\enrik\lib\oracle-cli\Lib\site-packages\services\jms_java_downloads__pycache__ -> G:\AI\E-zzio\runtime\cache__pycache__
2026-08-09 22:40:47.283 | MOVE CANDIDATE | C:\Users\enrik\lib\oracle-cli\Lib\site-packages\services\jms_java_downloads\src__pycache__ -> G:\AI\E-zzio\runtime\cache__pycache__
2026-08-09 22:40:47.284 | MOVE CANDIDATE | C:\Users\enrik\lib\oracle-cli\Lib\site-packages\services\jms_java_downloads\src\oci_cli_java_download__pycache__ -> G:\AI\E-zzio\runtime\cache__pycache__
2026-08-09 22:40:47.285 | MOVE CANDIDATE | C:\Users\enrik\lib\oracle-cli\Lib\site-packages\services\jms_java_downloads\src\oci_cli_java_download\generated__pycache__ -> G:\AI\E-zzio\runtime\cache__pycache__
2026-08-09 22:40:47.287 | MOVE CANDIDATE | C:\Users\enrik\lib\oracle-cli\Lib\site-packages\services\jms_java_downloads\tests__pycache__ -> G:\AI\E-zzio\runtime\cache__pycache__
2026-08-09 22:40:47.288 | MOVE CANDIDATE | C:\Users\enrik\lib\oracle-cli\Lib\site-packages\services\jms_utils__pycache__ -> G:\AI\E-zzio\runtime\cache__pycache__
2026-08-09 22:40:47.289 | MOVE CANDIDATE | C:\Users\enrik\lib\oracle-cli\Lib\site-packages\services\jms_utils\src__pycache__ -> G:\AI\E-zzio\runtime\cache__pycache__
2026-08-09 22:40:47.291 | MOVE CANDIDATE | C:\Users\enrik\lib\oracle-cli\Lib\site-packages\services\jms_utils\src\oci_cli_jms_utils__pycache__ -> G:\AI\E-zzio\runtime\cache__pycache__
2026-08-09 22:40:47.292 | MOVE CANDIDATE | C:\Users\enrik\lib\oracle-cli\Lib\site-packages\services\jms_utils\src\oci_cli_jms_utils\generated__pycache__ -> G:\AI\E-zzio\runtime\cache__pycache__
2026-08-09 22:40:47.293 | MOVE CANDIDATE | C:\Users\enrik\lib\oracle-cli\Lib\site-packages\services\jms_utils\tests__pycache__ -> G:\AI\E-zzio\runtime\cache__pycache__
2026-08-09 22:40:47.294 | MOVE CANDIDATE | C:\Users\enrik\lib\oracle-cli\Lib\site-packages\services\jms__pycache__ -> G:\AI\E-zzio\runtime\cache__pycache__
2026-08-09 22:40:47.295 | MOVE CANDIDATE | C:\Users\enrik\lib\oracle-cli\Lib\site-packages\services\jms\src__pycache__ -> G:\AI\E-zzio\runtime\cache__pycache__
2026-08-09 22:40:47.296 | MOVE CANDIDATE | C:\Users\enrik\lib\oracle-cli\Lib\site-packages\services\jms\src\oci_cli_java_management_service__pycache__ -> G:\AI\E-zzio\runtime\cache__pycache__
2026-08-09 22:40:47.297 | MOVE CANDIDATE | C:\Users\enrik\lib\oracle-cli\Lib\site-packages\services\jms\src\oci_cli_java_management_service\generated__pycache__ -> G:\AI\E-zzio\runtime\cache__pycache__
2026-08-09 22:40:47.298 | MOVE CANDIDATE | C:\Users\enrik\lib\oracle-cli\Lib\site-packages\services\jms\tests__pycache__ -> G:\AI\E-zzio\runtime\cache__pycache__
2026-08-09 22:40:47.300 | MOVE CANDIDATE | C:\Users\enrik\lib\oracle-cli\Lib\site-packages\services\key_management__pycache__ -> G:\AI\E-zzio\runtime\cache__pycache__
2026-08-09 22:40:47.301 | MOVE CANDIDATE | C:\Users\enrik\lib\oracle-cli\Lib\site-packages\services\key_management\src__pycache__ -> G:\AI\E-zzio\runtime\cache__pycache__
2026-08-09 22:40:47.302 | MOVE CANDIDATE | C:\Users\enrik\lib\oracle-cli\Lib\site-packages\services\key_management\src\oci_cli_ekm__pycache__ -> G:\AI\E-zzio\runtime\cache__pycache__
2026-08-09 22:40:47.303 | MOVE CANDIDATE | C:\Users\enrik\lib\oracle-cli\Lib\site-packages\services\key_management\src\oci_cli_ekm\generated__pycache__ -> G:\AI\E-zzio\runtime\cache__pycache__
2026-08-09 22:40:47.304 | MOVE CANDIDATE | C:\Users\enrik\lib\oracle-cli\Lib\site-packages\services\key_management\src\oci_cli_key_management__pycache__ -> G:\AI\E-zzio\runtime\cache__pycache__
2026-08-09 22:40:47.306 | MOVE CANDIDATE | C:\Users\enrik\lib\oracle-cli\Lib\site-packages\services\key_management\src\oci_cli_key_management\generated__pycache__ -> G:\AI\E-zzio\runtime\cache__pycache__
2026-08-09 22:40:47.307 | MOVE CANDIDATE | C:\Users\enrik\lib\oracle-cli\Lib\site-packages\services\key_management\src\oci_cli_kms_crypto__pycache__ -> G:\AI\E-zzio\runtime\cache__pycache__
2026-08-09 22:40:47.308 | MOVE CANDIDATE | C:\Users\enrik\lib\oracle-cli\Lib\site-packages\services\key_management\src\oci_cli_kms_crypto\generated__pycache__ -> G:\AI\E-zzio\runtime\cache__pycache__
2026-08-09 22:40:47.309 | MOVE CANDIDATE | C:\Users\enrik\lib\oracle-cli\Lib\site-packages\services\key_management\src\oci_cli_kms_hsm_cluster__pycache__ -> G:\AI\E-zzio\runtime\cache__pycache__
2026-08-09 22:40:47.310 | MOVE CANDIDATE | C:\Users\enrik\lib\oracle-cli\Lib\site-packages\services\key_management\src\oci_cli_kms_hsm_cluster\generated__pycache__ -> G:\AI\E-zzio\runtime\cache__pycache__
2026-08-09 22:40:47.311 | MOVE CANDIDATE | C:\Users\enrik\lib\oracle-cli\Lib\site-packages\services\key_management\src\oci_cli_kms_management__pycache__ -> G:\AI\E-zzio\runtime\cache__pycache__
2026-08-09 22:40:47.313 | MOVE CANDIDATE | C:\Users\enrik\lib\oracle-cli\Lib\site-packages\services\key_management\src\oci_cli_kms_management\generated__pycache__ -> G:\AI\E-zzio\runtime\cache__pycache__
2026-08-09 22:40:47.314 | MOVE CANDIDATE | C:\Users\enrik\lib\oracle-cli\Lib\site-packages\services\key_management\src\oci_cli_kms_vault__pycache__ -> G:\AI\E-zzio\runtime\cache__pycache__
2026-08-09 22:40:47.315 | MOVE CANDIDATE | C:\Users\enrik\lib\oracle-cli\Lib\site-packages\services\key_management\src\oci_cli_kms_vault\generated__pycache__ -> G:\AI\E-zzio\runtime\cache__pycache__
2026-08-09 22:40:47.316 | MOVE CANDIDATE | C:\Users\enrik\lib\oracle-cli\Lib\site-packages\services\key_management\tests__pycache__ -> G:\AI\E-zzio\runtime\cache__pycache__
2026-08-09 22:40:47.317 | MOVE CANDIDATE | C:\Users\enrik\lib\oracle-cli\Lib\site-packages\services\license_manager__pycache__ -> G:\AI\E-zzio\runtime\cache__pycache__
2026-08-09 22:40:47.318 | MOVE CANDIDATE | C:\Users\enrik\lib\oracle-cli\Lib\site-packages\services\license_manager\src__pycache__ -> G:\AI\E-zzio\runtime\cache__pycache__
2026-08-09 22:40:47.320 | MOVE CANDIDATE | C:\Users\enrik\lib\oracle-cli\Lib\site-packages\services\license_manager\src\oci_cli_license_manager__pycache__ -> G:\AI\E-zzio\runtime\cache__pycache__
2026-08-09 22:40:47.321 | MOVE CANDIDATE | C:\Users\enrik\lib\oracle-cli\Lib\site-packages\services\license_manager\src\oci_cli_license_manager\generated__pycache__ -> G:\AI\E-zzio\runtime\cache__pycache__
2026-08-09 22:40:47.322 | MOVE CANDIDATE | C:\Users\enrik\lib\oracle-cli\Lib\site-packages\services\license_manager\tests__pycache__ -> G:\AI\E-zzio\runtime\cache__pycache__
2026-08-09 22:40:47.323 | MOVE CANDIDATE | C:\Users\enrik\lib\oracle-cli\Lib\site-packages\services\limits_increase__pycache__ -> G:\AI\E-zzio\runtime\cache__pycache__
2026-08-09 22:40:47.325 | MOVE CANDIDATE | C:\Users\enrik\lib\oracle-cli\Lib\site-packages\services\limits_increase\src__pycache__ -> G:\AI\E-zzio\runtime\cache__pycache__
2026-08-09 22:40:47.326 | MOVE CANDIDATE | C:\Users\enrik\lib\oracle-cli\Lib\site-packages\services\limits_increase\src\oci_cli_limits_increase__pycache__ -> G:\AI\E-zzio\runtime\cache__pycache__
2026-08-09 22:40:47.327 | MOVE CANDIDATE | C:\Users\enrik\lib\oracle-cli\Lib\site-packages\services\limits_increase\src\oci_cli_limits_increase\generated__pycache__ -> G:\AI\E-zzio\runtime\cache__pycache__
2026-08-09 22:40:47.328 | MOVE CANDIDATE | C:\Users\enrik\lib\oracle-cli\Lib\site-packages\services\limits_increase\tests__pycache__ -> G:\AI\E-zzio\runtime\cache__pycache__
2026-08-09 22:40:47.329 | MOVE CANDIDATE | C:\Users\enrik\lib\oracle-cli\Lib\site-packages\services\limits__pycache__ -> G:\AI\E-zzio\runtime\cache__pycache__
2026-08-09 22:40:47.330 | MOVE CANDIDATE | C:\Users\enrik\lib\oracle-cli\Lib\site-packages\services\limits\src__pycache__ -> G:\AI\E-zzio\runtime\cache__pycache__
2026-08-09 22:40:47.331 | MOVE CANDIDATE | C:\Users\enrik\lib\oracle-cli\Lib\site-packages\services\limits\src\oci_cli_limits__pycache__ -> G:\AI\E-zzio\runtime\cache__pycache__
2026-08-09 22:40:47.332 | MOVE CANDIDATE | C:\Users\enrik\lib\oracle-cli\Lib\site-packages\services\limits\src\oci_cli_limits\generated__pycache__ -> G:\AI\E-zzio\runtime\cache__pycache__
2026-08-09 22:40:47.334 | MOVE CANDIDATE | C:\Users\enrik\lib\oracle-cli\Lib\site-packages\services\limits\src\oci_cli_quotas__pycache__ -> G:\AI\E-zzio\runtime\cache__pycache__
2026-08-09 22:40:47.339 | MOVE CANDIDATE | C:\Users\enrik\lib\oracle-cli\Lib\site-packages\services\limits\src\oci_cli_quotas\generated__pycache__ -> G:\AI\E-zzio\runtime\cache__pycache__
2026-08-09 22:40:47.340 | MOVE CANDIDATE | C:\Users\enrik\lib\oracle-cli\Lib\site-packages\services\limits\tests__pycache__ -> G:\AI\E-zzio\runtime\cache__pycache__
2026-08-09 22:40:47.342 | MOVE CANDIDATE | C:\Users\enrik\lib\oracle-cli\Lib\site-packages\services\load_balancer__pycache__ -> G:\AI\E-zzio\runtime\cache__pycache__
2026-08-09 22:40:47.343 | MOVE CANDIDATE | C:\Users\enrik\lib\oracle-cli\Lib\site-packages\services\load_balancer\src__pycache__ -> G:\AI\E-zzio\runtime\cache__pycache__
2026-08-09 22:40:47.344 | MOVE CANDIDATE | C:\Users\enrik\lib\oracle-cli\Lib\site-packages\services\load_balancer\src\oci_cli_load_balancer__pycache__ -> G:\AI\E-zzio\runtime\cache__pycache__
2026-08-09 22:40:47.345 | MOVE CANDIDATE | C:\Users\enrik\lib\oracle-cli\Lib\site-packages\services\load_balancer\src\oci_cli_load_balancer\generated__pycache__ -> G:\AI\E-zzio\runtime\cache__pycache__
2026-08-09 22:40:47.347 | MOVE CANDIDATE | C:\Users\enrik\lib\oracle-cli\Lib\site-packages\services\load_balancer\tests__pycache__ -> G:\AI\E-zzio\runtime\cache__pycache__
2026-08-09 22:40:47.348 | MOVE CANDIDATE | C:\Users\enrik\lib\oracle-cli\Lib\site-packages\services\lockbox__pycache__ -> G:\AI\E-zzio\runtime\cache__pycache__
2026-08-09 22:40:47.349 | MOVE CANDIDATE | C:\Users\enrik\lib\oracle-cli\Lib\site-packages\services\lockbox\src__pycache__ -> G:\AI\E-zzio\runtime\cache__pycache__
2026-08-09 22:40:47.350 | MOVE CANDIDATE | C:\Users\enrik\lib\oracle-cli\Lib\site-packages\services\lockbox\src\oci_cli_lockbox__pycache__ -> G:\AI\E-zzio\runtime\cache__pycache__
2026-08-09 22:40:47.351 | MOVE CANDIDATE | C:\Users\enrik\lib\oracle-cli\Lib\site-packages\services\lockbox\src\oci_cli_lockbox\generated__pycache__ -> G:\AI\E-zzio\runtime\cache__pycache__
2026-08-09 22:40:47.353 | MOVE CANDIDATE | C:\Users\enrik\lib\oracle-cli\Lib\site-packages\services\lockbox\tests__pycache__ -> G:\AI\E-zzio\runtime\cache__pycache__
2026-08-09 22:40:47.354 | MOVE CANDIDATE | C:\Users\enrik\lib\oracle-cli\Lib\site-packages\services\log_analytics__pycache__ -> G:\AI\E-zzio\runtime\cache__pycache__
2026-08-09 22:40:47.355 | MOVE CANDIDATE | C:\Users\enrik\lib\oracle-cli\Lib\site-packages\services\log_analytics\src__pycache__ -> G:\AI\E-zzio\runtime\cache__pycache__
2026-08-09 22:40:47.357 | MOVE CANDIDATE | C:\Users\enrik\lib\oracle-cli\Lib\site-packages\services\log_analytics\src\oci_cli_log_analytics__pycache__ -> G:\AI\E-zzio\runtime\cache__pycache__
2026-08-09 22:40:47.358 | MOVE CANDIDATE | C:\Users\enrik\lib\oracle-cli\Lib\site-packages\services\log_analytics\src\oci_cli_log_analytics\generated__pycache__ -> G:\AI\E-zzio\runtime\cache__pycache__
2026-08-09 22:40:47.359 | MOVE CANDIDATE | C:\Users\enrik\lib\oracle-cli\Lib\site-packages\services\log_analytics\tests__pycache__ -> G:\AI\E-zzio\runtime\cache__pycache__
2026-08-09 22:40:47.360 | MOVE CANDIDATE | C:\Users\enrik\lib\oracle-cli\Lib\site-packages\services\logging__pycache__ -> G:\AI\E-zzio\runtime\cache__pycache__
2026-08-09 22:40:47.361 | MOVE CANDIDATE | C:\Users\enrik\lib\oracle-cli\Lib\site-packages\services\logging\src__pycache__ -> G:\AI\E-zzio\runtime\cache__pycache__
2026-08-09 22:40:47.362 | MOVE CANDIDATE | C:\Users\enrik\lib\oracle-cli\Lib\site-packages\services\logging\src\oci_cli_logging_management__pycache__ -> G:\AI\E-zzio\runtime\cache__pycache__
2026-08-09 22:40:47.364 | MOVE CANDIDATE | C:\Users\enrik\lib\oracle-cli\Lib\site-packages\services\logging\src\oci_cli_logging_management\generated__pycache__ -> G:\AI\E-zzio\runtime\cache__pycache__
2026-08-09 22:40:47.365 | MOVE CANDIDATE | C:\Users\enrik\lib\oracle-cli\Lib\site-packages\services\logging\tests__pycache__ -> G:\AI\E-zzio\runtime\cache__pycache__
2026-08-09 22:40:47.366 | MOVE CANDIDATE | C:\Users\enrik\lib\oracle-cli\Lib\site-packages\services\loggingingestion__pycache__ -> G:\AI\E-zzio\runtime\cache__pycache__
2026-08-09 22:40:47.368 | MOVE CANDIDATE | C:\Users\enrik\lib\oracle-cli\Lib\site-packages\services\loggingingestion\src__pycache__ -> G:\AI\E-zzio\runtime\cache__pycache__
2026-08-09 22:40:47.369 | MOVE CANDIDATE | C:\Users\enrik\lib\oracle-cli\Lib\site-packages\services\loggingingestion\src\oci_cli_logging__pycache__ -> G:\AI\E-zzio\runtime\cache__pycache__
2026-08-09 22:40:47.370 | MOVE CANDIDATE | C:\Users\enrik\lib\oracle-cli\Lib\site-packages\services\loggingingestion\src\oci_cli_logging\generated__pycache__ -> G:\AI\E-zzio\runtime\cache__pycache__
2026-08-09 22:40:47.372 | MOVE CANDIDATE | C:\Users\enrik\lib\oracle-cli\Lib\site-packages\services\loggingingestion\tests__pycache__ -> G:\AI\E-zzio\runtime\cache__pycache__
2026-08-09 22:40:47.373 | MOVE CANDIDATE | C:\Users\enrik\lib\oracle-cli\Lib\site-packages\services\loggingsearch__pycache__ -> G:\AI\E-zzio\runtime\cache__pycache__
2026-08-09 22:40:47.374 | MOVE CANDIDATE | C:\Users\enrik\lib\oracle-cli\Lib\site-packages\services\loggingsearch\src__pycache__ -> G:\AI\E-zzio\runtime\cache__pycache__
2026-08-09 22:40:47.375 | MOVE CANDIDATE | C:\Users\enrik\lib\oracle-cli\Lib\site-packages\services\loggingsearch\src\oci_cli_log_search__pycache__ -> G:\AI\E-zzio\runtime\cache__pycache__
2026-08-09 22:40:47.376 | MOVE CANDIDATE | C:\Users\enrik\lib\oracle-cli\Lib\site-packages\services\loggingsearch\src\oci_cli_log_search\generated__pycache__ -> G:\AI\E-zzio\runtime\cache__pycache__
2026-08-09 22:40:47.377 | MOVE CANDIDATE | C:\Users\enrik\lib\oracle-cli\Lib\site-packages\services\loggingsearch\tests__pycache__ -> G:\AI\E-zzio\runtime\cache__pycache__
2026-08-09 22:40:47.378 | MOVE CANDIDATE | C:\Users\enrik\lib\oracle-cli\Lib\site-packages\services\lustre_file_storage__pycache__ -> G:\AI\E-zzio\runtime\cache__pycache__
2026-08-09 22:40:47.380 | MOVE CANDIDATE | C:\Users\enrik\lib\oracle-cli\Lib\site-packages\services\lustre_file_storage\src__pycache__ -> G:\AI\E-zzio\runtime\cache__pycache__
2026-08-09 22:40:47.381 | MOVE CANDIDATE | C:\Users\enrik\lib\oracle-cli\Lib\site-packages\services\lustre_file_storage\src\oci_cli_lustre_file_storage__pycache__ -> G:\AI\E-zzio\runtime\cache__pycache__
2026-08-09 22:40:47.382 | MOVE CANDIDATE | C:\Users\enrik\lib\oracle-cli\Lib\site-packages\services\lustre_file_storage\src\oci_cli_lustre_file_storage\generated__pycache__ -> G:\AI\E-zzio\runtime\cache__pycache__
2026-08-09 22:40:47.384 | MOVE CANDIDATE | C:\Users\enrik\lib\oracle-cli\Lib\site-packages\services\lustre_file_storage\tests__pycache__ -> G:\AI\E-zzio\runtime\cache__pycache__
2026-08-09 22:40:47.385 | MOVE CANDIDATE | C:\Users\enrik\lib\oracle-cli\Lib\site-packages\services\managed_kafka__pycache__ -> G:\AI\E-zzio\runtime\cache__pycache__
2026-08-09 22:40:47.386 | MOVE CANDIDATE | C:\Users\enrik\lib\oracle-cli\Lib\site-packages\services\managed_kafka\src__pycache__ -> G:\AI\E-zzio\runtime\cache__pycache__
2026-08-09 22:40:47.387 | MOVE CANDIDATE | C:\Users\enrik\lib\oracle-cli\Lib\site-packages\services\managed_kafka\src\oci_cli_kafka_cluster__pycache__ -> G:\AI\E-zzio\runtime\cache__pycache__
2026-08-09 22:40:47.388 | MOVE CANDIDATE | C:\Users\enrik\lib\oracle-cli\Lib\site-packages\services\managed_kafka\src\oci_cli_kafka_cluster\generated__pycache__ -> G:\AI\E-zzio\runtime\cache__pycache__
2026-08-09 22:40:47.389 | MOVE CANDIDATE | C:\Users\enrik\lib\oracle-cli\Lib\site-packages\services\managed_kafka\tests__pycache__ -> G:\AI\E-zzio\runtime\cache__pycache__
2026-08-09 22:40:47.390 | MOVE CANDIDATE | C:\Users\enrik\lib\oracle-cli\Lib\site-packages\services\management_agent__pycache__ -> G:\AI\E-zzio\runtime\cache__pycache__
2026-08-09 22:40:47.392 | MOVE CANDIDATE | C:\Users\enrik\lib\oracle-cli\Lib\site-packages\services\management_agent\src__pycache__ -> G:\AI\E-zzio\runtime\cache__pycache__
2026-08-09 22:40:47.393 | MOVE CANDIDATE | C:\Users\enrik\lib\oracle-cli\Lib\site-packages\services\management_agent\src\oci_cli_management_agent__pycache__ -> G:\AI\E-zzio\runtime\cache__pycache__
2026-08-09 22:40:47.394 | MOVE CANDIDATE | C:\Users\enrik\lib\oracle-cli\Lib\site-packages\services\management_agent\src\oci_cli_management_agent\generated__pycache__ -> G:\AI\E-zzio\runtime\cache__pycache__
2026-08-09 22:40:47.395 | MOVE CANDIDATE | C:\Users\enrik\lib\oracle-cli\Lib\site-packages\services\management_agent\tests__pycache__ -> G:\AI\E-zzio\runtime\cache__pycache__
2026-08-09 22:40:47.396 | MOVE CANDIDATE | C:\Users\enrik\lib\oracle-cli\Lib\site-packages\services\management_dashboard__pycache__ -> G:\AI\E-zzio\runtime\cache__pycache__
2026-08-09 22:40:47.397 | MOVE CANDIDATE | C:\Users\enrik\lib\oracle-cli\Lib\site-packages\services\management_dashboard\src__pycache__ -> G:\AI\E-zzio\runtime\cache__pycache__
2026-08-09 22:40:47.399 | MOVE CANDIDATE | C:\Users\enrik\lib\oracle-cli\Lib\site-packages\services\management_dashboard\src\oci_cli_dashx_apis__pycache__ -> G:\AI\E-zzio\runtime\cache__pycache__
2026-08-09 22:40:47.400 | MOVE CANDIDATE | C:\Users\enrik\lib\oracle-cli\Lib\site-packages\services\management_dashboard\src\oci_cli_dashx_apis\generated__pycache__ -> G:\AI\E-zzio\runtime\cache__pycache__
2026-08-09 22:40:47.401 | MOVE CANDIDATE | C:\Users\enrik\lib\oracle-cli\Lib\site-packages\services\management_dashboard\tests__pycache__ -> G:\AI\E-zzio\runtime\cache__pycache__
2026-08-09 22:40:47.402 | MOVE CANDIDATE | C:\Users\enrik\lib\oracle-cli\Lib\site-packages\services\marketplace_private_offer__pycache__ -> G:\AI\E-zzio\runtime\cache__pycache__
2026-08-09 22:40:47.404 | MOVE CANDIDATE | C:\Users\enrik\lib\oracle-cli\Lib\site-packages\services\marketplace_private_offer\src__pycache__ -> G:\AI\E-zzio\runtime\cache__pycache__
2026-08-09 22:40:47.405 | MOVE CANDIDATE | C:\Users\enrik\lib\oracle-cli\Lib\site-packages\services\marketplace_private_offer\src\oci_cli_attachment__pycache__ -> G:\AI\E-zzio\runtime\cache__pycache__
2026-08-09 22:40:47.406 | MOVE CANDIDATE | C:\Users\enrik\lib\oracle-cli\Lib\site-packages\services\marketplace_private_offer\src\oci_cli_attachment\generated__pycache__ -> G:\AI\E-zzio\runtime\cache__pycache__
2026-08-09 22:40:47.407 | MOVE CANDIDATE | C:\Users\enrik\lib\oracle-cli\Lib\site-packages\services\marketplace_private_offer\src\oci_cli_marketplace_private_offer__pycache__ -> G:\AI\E-zzio\runtime\cache__pycache__
2026-08-09 22:40:47.408 | MOVE CANDIDATE | C:\Users\enrik\lib\oracle-cli\Lib\site-packages\services\marketplace_private_offer\src\oci_cli_marketplace_private_offer\generated__pycache__ -> G:\AI\E-zzio\runtime\cache__pycache__
2026-08-09 22:40:47.409 | MOVE CANDIDATE | C:\Users\enrik\lib\oracle-cli\Lib\site-packages\services\marketplace_private_offer\src\oci_cli_offer__pycache__ -> G:\AI\E-zzio\runtime\cache__pycache__
2026-08-09 22:40:47.411 | MOVE CANDIDATE | C:\Users\enrik\lib\oracle-cli\Lib\site-packages\services\marketplace_private_offer\src\oci_cli_offer\generated__pycache__ -> G:\AI\E-zzio\runtime\cache__pycache__
2026-08-09 22:40:47.412 | MOVE CANDIDATE | C:\Users\enrik\lib\oracle-cli\Lib\site-packages\services\marketplace_private_offer\tests__pycache__ -> G:\AI\E-zzio\runtime\cache__pycache__
2026-08-09 22:40:47.413 | MOVE CANDIDATE | C:\Users\enrik\lib\oracle-cli\Lib\site-packages\services\marketplace_publisher__pycache__ -> G:\AI\E-zzio\runtime\cache__pycache__
2026-08-09 22:40:47.414 | MOVE CANDIDATE | C:\Users\enrik\lib\oracle-cli\Lib\site-packages\services\marketplace_publisher\src__pycache__ -> G:\AI\E-zzio\runtime\cache__pycache__
2026-08-09 22:40:47.415 | MOVE CANDIDATE | C:\Users\enrik\lib\oracle-cli\Lib\site-packages\services\marketplace_publisher\src\oci_cli_marketplace_publisher__pycache__ -> G:\AI\E-zzio\runtime\cache__pycache__
2026-08-09 22:40:47.417 | MOVE CANDIDATE | C:\Users\enrik\lib\oracle-cli\Lib\site-packages\services\marketplace_publisher\src\oci_cli_marketplace_publisher\generated__pycache__ -> G:\AI\E-zzio\runtime\cache__pycache__
2026-08-09 22:40:47.418 | MOVE CANDIDATE | C:\Users\enrik\lib\oracle-cli\Lib\site-packages\services\marketplace_publisher\tests__pycache__ -> G:\AI\E-zzio\runtime\cache__pycache__
2026-08-09 22:40:47.419 | MOVE CANDIDATE | C:\Users\enrik\lib\oracle-cli\Lib\site-packages\services\marketplace__pycache__ -> G:\AI\E-zzio\runtime\cache__pycache__
2026-08-09 22:40:47.420 | MOVE CANDIDATE | C:\Users\enrik\lib\oracle-cli\Lib\site-packages\services\marketplace\src__pycache__ -> G:\AI\E-zzio\runtime\cache__pycache__
2026-08-09 22:40:47.421 | MOVE CANDIDATE | C:\Users\enrik\lib\oracle-cli\Lib\site-packages\services\marketplace\src\oci_cli_account__pycache__ -> G:\AI\E-zzio\runtime\cache__pycache__
2026-08-09 22:40:47.422 | MOVE CANDIDATE | C:\Users\enrik\lib\oracle-cli\Lib\site-packages\services\marketplace\src\oci_cli_account\generated__pycache__ -> G:\AI\E-zzio\runtime\cache__pycache__
2026-08-09 22:40:47.428 | MOVE CANDIDATE | C:\Users\enrik\lib\oracle-cli\Lib\site-packages\services\marketplace\src\oci_cli_marketplace__pycache__ -> G:\AI\E-zzio\runtime\cache__pycache__
2026-08-09 22:40:47.430 | MOVE CANDIDATE | C:\Users\enrik\lib\oracle-cli\Lib\site-packages\services\marketplace\src\oci_cli_marketplace\generated__pycache__ -> G:\AI\E-zzio\runtime\cache__pycache__
2026-08-09 22:40:47.431 | MOVE CANDIDATE | C:\Users\enrik\lib\oracle-cli\Lib\site-packages\services\marketplace\tests__pycache__ -> G:\AI\E-zzio\runtime\cache__pycache__
2026-08-09 22:40:47.432 | MOVE CANDIDATE | C:\Users\enrik\lib\oracle-cli\Lib\site-packages\services\media_services__pycache__ -> G:\AI\E-zzio\runtime\cache__pycache__
2026-08-09 22:40:47.433 | MOVE CANDIDATE | C:\Users\enrik\lib\oracle-cli\Lib\site-packages\services\media_services\src__pycache__ -> G:\AI\E-zzio\runtime\cache__pycache__
2026-08-09 22:40:47.434 | MOVE CANDIDATE | C:\Users\enrik\lib\oracle-cli\Lib\site-packages\services\media_services\src\oci_cli_media_services__pycache__ -> G:\AI\E-zzio\runtime\cache__pycache__
2026-08-09 22:40:47.436 | MOVE CANDIDATE | C:\Users\enrik\lib\oracle-cli\Lib\site-packages\services\media_services\src\oci_cli_media_services\generated__pycache__ -> G:\AI\E-zzio\runtime\cache__pycache__
2026-08-09 22:40:47.437 | MOVE CANDIDATE | C:\Users\enrik\lib\oracle-cli\Lib\site-packages\services\media_services\src\oci_cli_media_stream__pycache__ -> G:\AI\E-zzio\runtime\cache__pycache__
2026-08-09 22:40:47.438 | MOVE CANDIDATE | C:\Users\enrik\lib\oracle-cli\Lib\site-packages\services\media_services\src\oci_cli_media_stream\generated__pycache__ -> G:\AI\E-zzio\runtime\cache__pycache__
2026-08-09 22:40:47.439 | MOVE CANDIDATE | C:\Users\enrik\lib\oracle-cli\Lib\site-packages\services\media_services\tests__pycache__ -> G:\AI\E-zzio\runtime\cache__pycache__
2026-08-09 22:40:47.440 | MOVE CANDIDATE | C:\Users\enrik\lib\oracle-cli\Lib\site-packages\services\mngdmac__pycache__ -> G:\AI\E-zzio\runtime\cache__pycache__
2026-08-09 22:40:47.441 | MOVE CANDIDATE | C:\Users\enrik\lib\oracle-cli\Lib\site-packages\services\mngdmac\src__pycache__ -> G:\AI\E-zzio\runtime\cache__pycache__
2026-08-09 22:40:47.442 | MOVE CANDIDATE | C:\Users\enrik\lib\oracle-cli\Lib\site-packages\services\mngdmac\src\oci_cli_mac_device__pycache__ -> G:\AI\E-zzio\runtime\cache__pycache__
2026-08-09 22:40:47.443 | MOVE CANDIDATE | C:\Users\enrik\lib\oracle-cli\Lib\site-packages\services\mngdmac\src\oci_cli_mac_device\generated__pycache__ -> G:\AI\E-zzio\runtime\cache__pycache__
2026-08-09 22:40:47.445 | MOVE CANDIDATE | C:\Users\enrik\lib\oracle-cli\Lib\site-packages\services\mngdmac\src\oci_cli_mac_order__pycache__ -> G:\AI\E-zzio\runtime\cache__pycache__
2026-08-09 22:40:47.446 | MOVE CANDIDATE | C:\Users\enrik\lib\oracle-cli\Lib\site-packages\services\mngdmac\src\oci_cli_mac_order\generated__pycache__ -> G:\AI\E-zzio\runtime\cache__pycache__
2026-08-09 22:40:47.447 | MOVE CANDIDATE | C:\Users\enrik\lib\oracle-cli\Lib\site-packages\services\mngdmac\src\oci_cli_mngdmac__pycache__ -> G:\AI\E-zzio\runtime\cache__pycache__
2026-08-09 22:40:47.449 | MOVE CANDIDATE | C:\Users\enrik\lib\oracle-cli\Lib\site-packages\services\mngdmac\src\oci_cli_mngdmac\generated__pycache__ -> G:\AI\E-zzio\runtime\cache__pycache__
2026-08-09 22:40:47.450 | MOVE CANDIDATE | C:\Users\enrik\lib\oracle-cli\Lib\site-packages\services\mngdmac\tests__pycache__ -> G:\AI\E-zzio\runtime\cache__pycache__
2026-08-09 22:40:47.451 | MOVE CANDIDATE | C:\Users\enrik\lib\oracle-cli\Lib\site-packages\services\model_deployment__pycache__ -> G:\AI\E-zzio\runtime\cache__pycache__
2026-08-09 22:40:47.452 | MOVE CANDIDATE | C:\Users\enrik\lib\oracle-cli\Lib\site-packages\services\model_deployment\src__pycache__ -> G:\AI\E-zzio\runtime\cache__pycache__
2026-08-09 22:40:47.453 | MOVE CANDIDATE | C:\Users\enrik\lib\oracle-cli\Lib\site-packages\services\model_deployment\src\oci_cli_model_deployment__pycache__ -> G:\AI\E-zzio\runtime\cache__pycache__
2026-08-09 22:40:47.454 | MOVE CANDIDATE | C:\Users\enrik\lib\oracle-cli\Lib\site-packages\services\model_deployment\src\oci_cli_model_deployment\generated__pycache__ -> G:\AI\E-zzio\runtime\cache__pycache__
2026-08-09 22:40:47.456 | MOVE CANDIDATE | C:\Users\enrik\lib\oracle-cli\Lib\site-packages\services\model_deployment\tests__pycache__ -> G:\AI\E-zzio\runtime\cache__pycache__
2026-08-09 22:40:47.457 | MOVE CANDIDATE | C:\Users\enrik\lib\oracle-cli\Lib\site-packages\services\monitoring__pycache__ -> G:\AI\E-zzio\runtime\cache__pycache__
2026-08-09 22:40:47.458 | MOVE CANDIDATE | C:\Users\enrik\lib\oracle-cli\Lib\site-packages\services\monitoring\src__pycache__ -> G:\AI\E-zzio\runtime\cache__pycache__
2026-08-09 22:40:47.459 | MOVE CANDIDATE | C:\Users\enrik\lib\oracle-cli\Lib\site-packages\services\monitoring\src\oci_cli_monitoring__pycache__ -> G:\AI\E-zzio\runtime\cache__pycache__
2026-08-09 22:40:47.461 | MOVE CANDIDATE | C:\Users\enrik\lib\oracle-cli\Lib\site-packages\services\monitoring\src\oci_cli_monitoring\generated__pycache__ -> G:\AI\E-zzio\runtime\cache__pycache__
2026-08-09 22:40:47.462 | MOVE CANDIDATE | C:\Users\enrik\lib\oracle-cli\Lib\site-packages\services\monitoring\tests__pycache__ -> G:\AI\E-zzio\runtime\cache__pycache__
2026-08-09 22:40:47.463 | MOVE CANDIDATE | C:\Users\enrik\lib\oracle-cli\Lib\site-packages\services\multicloud__pycache__ -> G:\AI\E-zzio\runtime\cache__pycache__
2026-08-09 22:40:47.464 | MOVE CANDIDATE | C:\Users\enrik\lib\oracle-cli\Lib\site-packages\services\multicloud\src__pycache__ -> G:\AI\E-zzio\runtime\cache__pycache__
2026-08-09 22:40:47.466 | MOVE CANDIDATE | C:\Users\enrik\lib\oracle-cli\Lib\site-packages\services\multicloud\src\oci_cli_metadata__pycache__ -> G:\AI\E-zzio\runtime\cache__pycache__
2026-08-09 22:40:47.467 | MOVE CANDIDATE | C:\Users\enrik\lib\oracle-cli\Lib\site-packages\services\multicloud\src\oci_cli_metadata\generated__pycache__ -> G:\AI\E-zzio\runtime\cache__pycache__
2026-08-09 22:40:47.468 | MOVE CANDIDATE | C:\Users\enrik\lib\oracle-cli\Lib\site-packages\services\multicloud\src\oci_cli_multi_clouds_metadata__pycache__ -> G:\AI\E-zzio\runtime\cache__pycache__
2026-08-09 22:40:47.469 | MOVE CANDIDATE | C:\Users\enrik\lib\oracle-cli\Lib\site-packages\services\multicloud\src\oci_cli_multi_clouds_metadata\generated__pycache__ -> G:\AI\E-zzio\runtime\cache__pycache__
2026-08-09 22:40:47.470 | MOVE CANDIDATE | C:\Users\enrik\lib\oracle-cli\Lib\site-packages\services\multicloud\src\oci_cli_multicloud_alerts__pycache__ -> G:\AI\E-zzio\runtime\cache__pycache__
2026-08-09 22:40:47.471 | MOVE CANDIDATE | C:\Users\enrik\lib\oracle-cli\Lib\site-packages\services\multicloud\src\oci_cli_multicloud_alerts\generated__pycache__ -> G:\AI\E-zzio\runtime\cache__pycache__
2026-08-09 22:40:47.473 | MOVE CANDIDATE | C:\Users\enrik\lib\oracle-cli\Lib\site-packages\services\multicloud\src\oci_cli_multicloud_policies__pycache__ -> G:\AI\E-zzio\runtime\cache__pycache__
2026-08-09 22:40:47.474 | MOVE CANDIDATE | C:\Users\enrik\lib\oracle-cli\Lib\site-packages\services\multicloud\src\oci_cli_multicloud_policies\generated__pycache__ -> G:\AI\E-zzio\runtime\cache__pycache__
2026-08-09 22:40:47.475 | MOVE CANDIDATE | C:\Users\enrik\lib\oracle-cli\Lib\site-packages\services\multicloud\src\oci_cli_multicloud_resources__pycache__ -> G:\AI\E-zzio\runtime\cache__pycache__
2026-08-09 22:40:47.477 | MOVE CANDIDATE | C:\Users\enrik\lib\oracle-cli\Lib\site-packages\services\multicloud\src\oci_cli_multicloud_resources\generated__pycache__ -> G:\AI\E-zzio\runtime\cache__pycache__
2026-08-09 22:40:47.478 | MOVE CANDIDATE | C:\Users\enrik\lib\oracle-cli\Lib\site-packages\services\multicloud\src\oci_cli_multicloud__pycache__ -> G:\AI\E-zzio\runtime\cache__pycache__
2026-08-09 22:40:47.479 | MOVE CANDIDATE | C:\Users\enrik\lib\oracle-cli\Lib\site-packages\services\multicloud\src\oci_cli_multicloud\generated__pycache__ -> G:\AI\E-zzio\runtime\cache__pycache__
2026-08-09 22:40:47.480 | MOVE CANDIDATE | C:\Users\enrik\lib\oracle-cli\Lib\site-packages\services\multicloud\src\oci_cli_multicloudsubscriptions__pycache__ -> G:\AI\E-zzio\runtime\cache__pycache__
2026-08-09 22:40:47.482 | MOVE CANDIDATE | C:\Users\enrik\lib\oracle-cli\Lib\site-packages\services\multicloud\src\oci_cli_multicloudsubscriptions\generated__pycache__ -> G:\AI\E-zzio\runtime\cache__pycache__
2026-08-09 22:40:47.483 | MOVE CANDIDATE | C:\Users\enrik\lib\oracle-cli\Lib\site-packages\services\multicloud\src\oci_cli_omhub_network_anchor__pycache__ -> G:\AI\E-zzio\runtime\cache__pycache__
2026-08-09 22:40:47.484 | MOVE CANDIDATE | C:\Users\enrik\lib\oracle-cli\Lib\site-packages\services\multicloud\src\oci_cli_omhub_network_anchor\generated__pycache__ -> G:\AI\E-zzio\runtime\cache__pycache__
2026-08-09 22:40:47.485 | MOVE CANDIDATE | C:\Users\enrik\lib\oracle-cli\Lib\site-packages\services\multicloud\src\oci_cli_omhub_resource_anchor__pycache__ -> G:\AI\E-zzio\runtime\cache__pycache__
2026-08-09 22:40:47.486 | MOVE CANDIDATE | C:\Users\enrik\lib\oracle-cli\Lib\site-packages\services\multicloud\src\oci_cli_omhub_resource_anchor\generated__pycache__ -> G:\AI\E-zzio\runtime\cache__pycache__
2026-08-09 22:40:47.487 | MOVE CANDIDATE | C:\Users\enrik\lib\oracle-cli\Lib\site-packages\services\multicloud\tests__pycache__ -> G:\AI\E-zzio\runtime\cache__pycache__
2026-08-09 22:40:47.488 | MOVE CANDIDATE | C:\Users\enrik\lib\oracle-cli\Lib\site-packages\services\mysql__pycache__ -> G:\AI\E-zzio\runtime\cache__pycache__
2026-08-09 22:40:47.489 | MOVE CANDIDATE | C:\Users\enrik\lib\oracle-cli\Lib\site-packages\services\mysql\src__pycache__ -> G:\AI\E-zzio\runtime\cache__pycache__
2026-08-09 22:40:47.491 | MOVE CANDIDATE | C:\Users\enrik\lib\oracle-cli\Lib\site-packages\services\mysql\src\oci_cli_channels__pycache__ -> G:\AI\E-zzio\runtime\cache__pycache__
2026-08-09 22:40:47.493 | MOVE CANDIDATE | C:\Users\enrik\lib\oracle-cli\Lib\site-packages\services\mysql\src\oci_cli_channels\generated__pycache__ -> G:\AI\E-zzio\runtime\cache__pycache__
2026-08-09 22:40:47.494 | MOVE CANDIDATE | C:\Users\enrik\lib\oracle-cli\Lib\site-packages\services\mysql\src\oci_cli_db_backups__pycache__ -> G:\AI\E-zzio\runtime\cache__pycache__
2026-08-09 22:40:47.495 | MOVE CANDIDATE | C:\Users\enrik\lib\oracle-cli\Lib\site-packages\services\mysql\src\oci_cli_db_backups\generated__pycache__ -> G:\AI\E-zzio\runtime\cache__pycache__
2026-08-09 22:40:47.496 | MOVE CANDIDATE | C:\Users\enrik\lib\oracle-cli\Lib\site-packages\services\mysql\src\oci_cli_db_system__pycache__ -> G:\AI\E-zzio\runtime\cache__pycache__
2026-08-09 22:40:47.497 | MOVE CANDIDATE | C:\Users\enrik\lib\oracle-cli\Lib\site-packages\services\mysql\src\oci_cli_db_system\generated__pycache__ -> G:\AI\E-zzio\runtime\cache__pycache__
2026-08-09 22:40:47.499 | MOVE CANDIDATE | C:\Users\enrik\lib\oracle-cli\Lib\site-packages\services\mysql\src\oci_cli_mysql__pycache__ -> G:\AI\E-zzio\runtime\cache__pycache__
2026-08-09 22:40:47.500 | MOVE CANDIDATE | C:\Users\enrik\lib\oracle-cli\Lib\site-packages\services\mysql\src\oci_cli_mysql\generated__pycache__ -> G:\AI\E-zzio\runtime\cache__pycache__
2026-08-09 22:40:47.501 | MOVE CANDIDATE | C:\Users\enrik\lib\oracle-cli\Lib\site-packages\services\mysql\src\oci_cli_mysqlaas__pycache__ -> G:\AI\E-zzio\runtime\cache__pycache__
2026-08-09 22:40:47.502 | MOVE CANDIDATE | C:\Users\enrik\lib\oracle-cli\Lib\site-packages\services\mysql\src\oci_cli_mysqlaas\generated__pycache__ -> G:\AI\E-zzio\runtime\cache__pycache__
2026-08-09 22:40:47.503 | MOVE CANDIDATE | C:\Users\enrik\lib\oracle-cli\Lib\site-packages\services\mysql\src\oci_cli_replicas__pycache__ -> G:\AI\E-zzio\runtime\cache__pycache__
2026-08-09 22:40:47.504 | MOVE CANDIDATE | C:\Users\enrik\lib\oracle-cli\Lib\site-packages\services\mysql\src\oci_cli_replicas\generated__pycache__ -> G:\AI\E-zzio\runtime\cache__pycache__
2026-08-09 22:40:47.505 | MOVE CANDIDATE | C:\Users\enrik\lib\oracle-cli\Lib\site-packages\services\mysql\src\oci_cli_work_requests__pycache__ -> G:\AI\E-zzio\runtime\cache__pycache__
2026-08-09 22:40:47.506 | MOVE CANDIDATE | C:\Users\enrik\lib\oracle-cli\Lib\site-packages\services\mysql\src\oci_cli_work_requests\generated__pycache__ -> G:\AI\E-zzio\runtime\cache__pycache__
2026-08-09 22:40:47.508 | MOVE CANDIDATE | C:\Users\enrik\lib\oracle-cli\Lib\site-packages\services\mysql\tests__pycache__ -> G:\AI\E-zzio\runtime\cache__pycache__
2026-08-09 22:40:47.509 | MOVE CANDIDATE | C:\Users\enrik\lib\oracle-cli\Lib\site-packages\services\network_firewall__pycache__ -> G:\AI\E-zzio\runtime\cache__pycache__
2026-08-09 22:40:47.510 | MOVE CANDIDATE | C:\Users\enrik\lib\oracle-cli\Lib\site-packages\services\network_firewall\src__pycache__ -> G:\AI\E-zzio\runtime\cache__pycache__
2026-08-09 22:40:47.512 | MOVE CANDIDATE | C:\Users\enrik\lib\oracle-cli\Lib\site-packages\services\network_firewall\src\oci_cli_network_firewall__pycache__ -> G:\AI\E-zzio\runtime\cache__pycache__
2026-08-09 22:40:47.517 | MOVE CANDIDATE | C:\Users\enrik\lib\oracle-cli\Lib\site-packages\services\network_firewall\src\oci_cli_network_firewall\generated__pycache__ -> G:\AI\E-zzio\runtime\cache__pycache__
2026-08-09 22:40:47.519 | MOVE CANDIDATE | C:\Users\enrik\lib\oracle-cli\Lib\site-packages\services\network_firewall\tests__pycache__ -> G:\AI\E-zzio\runtime\cache__pycache__
2026-08-09 22:40:47.520 | MOVE CANDIDATE | C:\Users\enrik\lib\oracle-cli\Lib\site-packages\services\network_load_balancer__pycache__ -> G:\AI\E-zzio\runtime\cache__pycache__
2026-08-09 22:40:47.521 | MOVE CANDIDATE | C:\Users\enrik\lib\oracle-cli\Lib\site-packages\services\network_load_balancer\src__pycache__ -> G:\AI\E-zzio\runtime\cache__pycache__
2026-08-09 22:40:47.523 | MOVE CANDIDATE | C:\Users\enrik\lib\oracle-cli\Lib\site-packages\services\network_load_balancer\src\oci_cli_network_load_balancer__pycache__ -> G:\AI\E-zzio\runtime\cache__pycache__
2026-08-09 22:40:47.524 | MOVE CANDIDATE | C:\Users\enrik\lib\oracle-cli\Lib\site-packages\services\network_load_balancer\src\oci_cli_network_load_balancer\generated__pycache__ -> G:\AI\E-zzio\runtime\cache__pycache__
2026-08-09 22:40:47.525 | MOVE CANDIDATE | C:\Users\enrik\lib\oracle-cli\Lib\site-packages\services\network_load_balancer\tests__pycache__ -> G:\AI\E-zzio\runtime\cache__pycache__
2026-08-09 22:40:47.527 | MOVE CANDIDATE | C:\Users\enrik\lib\oracle-cli\Lib\site-packages\services\nosql__pycache__ -> G:\AI\E-zzio\runtime\cache__pycache__
2026-08-09 22:40:47.528 | MOVE CANDIDATE | C:\Users\enrik\lib\oracle-cli\Lib\site-packages\services\nosql\src__pycache__ -> G:\AI\E-zzio\runtime\cache__pycache__
2026-08-09 22:40:47.529 | MOVE CANDIDATE | C:\Users\enrik\lib\oracle-cli\Lib\site-packages\services\nosql\src\oci_cli_nosql__pycache__ -> G:\AI\E-zzio\runtime\cache__pycache__
2026-08-09 22:40:47.530 | MOVE CANDIDATE | C:\Users\enrik\lib\oracle-cli\Lib\site-packages\services\nosql\src\oci_cli_nosql\generated__pycache__ -> G:\AI\E-zzio\runtime\cache__pycache__
2026-08-09 22:40:47.531 | MOVE CANDIDATE | C:\Users\enrik\lib\oracle-cli\Lib\site-packages\services\nosql\tests__pycache__ -> G:\AI\E-zzio\runtime\cache__pycache__
2026-08-09 22:40:47.532 | MOVE CANDIDATE | C:\Users\enrik\lib\oracle-cli\Lib\site-packages\services\object_storage__pycache__ -> G:\AI\E-zzio\runtime\cache__pycache__
2026-08-09 22:40:47.533 | MOVE CANDIDATE | C:\Users\enrik\lib\oracle-cli\Lib\site-packages\services\object_storage\src__pycache__ -> G:\AI\E-zzio\runtime\cache__pycache__
2026-08-09 22:40:47.535 | MOVE CANDIDATE | C:\Users\enrik\lib\oracle-cli\Lib\site-packages\services\object_storage\src\oci_cli_object_storage__pycache__ -> G:\AI\E-zzio\runtime\cache__pycache__
2026-08-09 22:40:47.536 | MOVE CANDIDATE | C:\Users\enrik\lib\oracle-cli\Lib\site-packages\services\object_storage\src\oci_cli_object_storage\generated__pycache__ -> G:\AI\E-zzio\runtime\cache__pycache__
2026-08-09 22:40:47.537 | MOVE CANDIDATE | C:\Users\enrik\lib\oracle-cli\Lib\site-packages\services\object_storage\src\oci_cli_object_storage\object_storage_transfer_manager__pycache__ -> G:\AI\E-zzio\runtime\cache__pycache__
2026-08-09 22:40:47.539 | MOVE CANDIDATE | C:\Users\enrik\lib\oracle-cli\Lib\site-packages\services\object_storage\tests__pycache__ -> G:\AI\E-zzio\runtime\cache__pycache__
2026-08-09 22:40:47.540 | MOVE CANDIDATE | C:\Users\enrik\lib\oracle-cli\Lib\site-packages\services\object_storage\tests\common__pycache__ -> G:\AI\E-zzio\runtime\cache__pycache__
2026-08-09 22:40:47.541 | MOVE CANDIDATE | C:\Users\enrik\lib\oracle-cli\Lib\site-packages\services\oce__pycache__ -> G:\AI\E-zzio\runtime\cache__pycache__
2026-08-09 22:40:47.542 | MOVE CANDIDATE | C:\Users\enrik\lib\oracle-cli\Lib\site-packages\services\oce\src__pycache__ -> G:\AI\E-zzio\runtime\cache__pycache__
2026-08-09 22:40:47.543 | MOVE CANDIDATE | C:\Users\enrik\lib\oracle-cli\Lib\site-packages\services\oce\src\oci_cli_oce_instance__pycache__ -> G:\AI\E-zzio\runtime\cache__pycache__
2026-08-09 22:40:47.545 | MOVE CANDIDATE | C:\Users\enrik\lib\oracle-cli\Lib\site-packages\services\oce\src\oci_cli_oce_instance\generated__pycache__ -> G:\AI\E-zzio\runtime\cache__pycache__
2026-08-09 22:40:47.546 | MOVE CANDIDATE | C:\Users\enrik\lib\oracle-cli\Lib\site-packages\services\oce\tests__pycache__ -> G:\AI\E-zzio\runtime\cache__pycache__
2026-08-09 22:40:47.547 | MOVE CANDIDATE | C:\Users\enrik\lib\oracle-cli\Lib\site-packages\services\oci_control_center__pycache__ -> G:\AI\E-zzio\runtime\cache__pycache__
2026-08-09 22:40:47.548 | MOVE CANDIDATE | C:\Users\enrik\lib\oracle-cli\Lib\site-packages\services\oci_control_center\src__pycache__ -> G:\AI\E-zzio\runtime\cache__pycache__
2026-08-09 22:40:47.549 | MOVE CANDIDATE | C:\Users\enrik\lib\oracle-cli\Lib\site-packages\services\oci_control_center\src\oci_cli_occ_metrics__pycache__ -> G:\AI\E-zzio\runtime\cache__pycache__
2026-08-09 22:40:47.550 | MOVE CANDIDATE | C:\Users\enrik\lib\oracle-cli\Lib\site-packages\services\oci_control_center\src\oci_cli_occ_metrics\generated__pycache__ -> G:\AI\E-zzio\runtime\cache__pycache__
2026-08-09 22:40:47.551 | MOVE CANDIDATE | C:\Users\enrik\lib\oracle-cli\Lib\site-packages\services\oci_control_center\tests__pycache__ -> G:\AI\E-zzio\runtime\cache__pycache__
2026-08-09 22:40:47.552 | MOVE CANDIDATE | C:\Users\enrik\lib\oracle-cli\Lib\site-packages\services\ocvp__pycache__ -> G:\AI\E-zzio\runtime\cache__pycache__
2026-08-09 22:40:47.554 | MOVE CANDIDATE | C:\Users\enrik\lib\oracle-cli\Lib\site-packages\services\ocvp\src__pycache__ -> G:\AI\E-zzio\runtime\cache__pycache__
2026-08-09 22:40:47.555 | MOVE CANDIDATE | C:\Users\enrik\lib\oracle-cli\Lib\site-packages\services\ocvp\src\oci_cli_byol_allocation__pycache__ -> G:\AI\E-zzio\runtime\cache__pycache__
2026-08-09 22:40:47.556 | MOVE CANDIDATE | C:\Users\enrik\lib\oracle-cli\Lib\site-packages\services\ocvp\src\oci_cli_byol_allocation\generated__pycache__ -> G:\AI\E-zzio\runtime\cache__pycache__
2026-08-09 22:40:47.558 | MOVE CANDIDATE | C:\Users\enrik\lib\oracle-cli\Lib\site-packages\services\ocvp\src\oci_cli_byol__pycache__ -> G:\AI\E-zzio\runtime\cache__pycache__
2026-08-09 22:40:47.559 | MOVE CANDIDATE | C:\Users\enrik\lib\oracle-cli\Lib\site-packages\services\ocvp\src\oci_cli_byol\generated__pycache__ -> G:\AI\E-zzio\runtime\cache__pycache__
2026-08-09 22:40:47.560 | MOVE CANDIDATE | C:\Users\enrik\lib\oracle-cli\Lib\site-packages\services\ocvp\src\oci_cli_cluster__pycache__ -> G:\AI\E-zzio\runtime\cache__pycache__
2026-08-09 22:40:47.561 | MOVE CANDIDATE | C:\Users\enrik\lib\oracle-cli\Lib\site-packages\services\ocvp\src\oci_cli_cluster\generated__pycache__ -> G:\AI\E-zzio\runtime\cache__pycache__
2026-08-09 22:40:47.562 | MOVE CANDIDATE | C:\Users\enrik\lib\oracle-cli\Lib\site-packages\services\ocvp\src\oci_cli_datastore_cluster__pycache__ -> G:\AI\E-zzio\runtime\cache__pycache__
2026-08-09 22:40:47.563 | MOVE CANDIDATE | C:\Users\enrik\lib\oracle-cli\Lib\site-packages\services\ocvp\src\oci_cli_datastore_cluster\generated__pycache__ -> G:\AI\E-zzio\runtime\cache__pycache__
2026-08-09 22:40:47.565 | MOVE CANDIDATE | C:\Users\enrik\lib\oracle-cli\Lib\site-packages\services\ocvp\src\oci_cli_datastore__pycache__ -> G:\AI\E-zzio\runtime\cache__pycache__
2026-08-09 22:40:47.566 | MOVE CANDIDATE | C:\Users\enrik\lib\oracle-cli\Lib\site-packages\services\ocvp\src\oci_cli_datastore\generated__pycache__ -> G:\AI\E-zzio\runtime\cache__pycache__
2026-08-09 22:40:47.567 | MOVE CANDIDATE | C:\Users\enrik\lib\oracle-cli\Lib\site-packages\services\ocvp\src\oci_cli_esxi_host__pycache__ -> G:\AI\E-zzio\runtime\cache__pycache__
2026-08-09 22:40:47.568 | MOVE CANDIDATE | C:\Users\enrik\lib\oracle-cli\Lib\site-packages\services\ocvp\src\oci_cli_esxi_host\generated__pycache__ -> G:\AI\E-zzio\runtime\cache__pycache__
2026-08-09 22:40:47.570 | MOVE CANDIDATE | C:\Users\enrik\lib\oracle-cli\Lib\site-packages\services\ocvp\src\oci_cli_management_appliance__pycache__ -> G:\AI\E-zzio\runtime\cache__pycache__
2026-08-09 22:40:47.571 | MOVE CANDIDATE | C:\Users\enrik\lib\oracle-cli\Lib\site-packages\services\ocvp\src\oci_cli_management_appliance\generated__pycache__ -> G:\AI\E-zzio\runtime\cache__pycache__
2026-08-09 22:40:47.572 | MOVE CANDIDATE | C:\Users\enrik\lib\oracle-cli\Lib\site-packages\services\ocvp\src\oci_cli_ocvp__pycache__ -> G:\AI\E-zzio\runtime\cache__pycache__
2026-08-09 22:40:47.573 | MOVE CANDIDATE | C:\Users\enrik\lib\oracle-cli\Lib\site-packages\services\ocvp\src\oci_cli_ocvp\generated__pycache__ -> G:\AI\E-zzio\runtime\cache__pycache__
2026-08-09 22:40:47.574 | MOVE CANDIDATE | C:\Users\enrik\lib\oracle-cli\Lib\site-packages\services\ocvp\src\oci_cli_sddc__pycache__ -> G:\AI\E-zzio\runtime\cache__pycache__
2026-08-09 22:40:47.576 | MOVE CANDIDATE | C:\Users\enrik\lib\oracle-cli\Lib\site-packages\services\ocvp\src\oci_cli_sddc\generated__pycache__ -> G:\AI\E-zzio\runtime\cache__pycache__
2026-08-09 22:40:47.577 | MOVE CANDIDATE | C:\Users\enrik\lib\oracle-cli\Lib\site-packages\services\ocvp\src\oci_cli_work_request__pycache__ -> G:\AI\E-zzio\runtime\cache__pycache__
2026-08-09 22:40:47.578 | MOVE CANDIDATE | C:\Users\enrik\lib\oracle-cli\Lib\site-packages\services\ocvp\src\oci_cli_work_request\generated__pycache__ -> G:\AI\E-zzio\runtime\cache__pycache__
2026-08-09 22:40:47.579 | MOVE CANDIDATE | C:\Users\enrik\lib\oracle-cli\Lib\site-packages\services\ocvp\tests__pycache__ -> G:\AI\E-zzio\runtime\cache__pycache__
2026-08-09 22:40:47.580 | MOVE CANDIDATE | C:\Users\enrik\lib\oracle-cli\Lib\site-packages\services\oda__pycache__ -> G:\AI\E-zzio\runtime\cache__pycache__
2026-08-09 22:40:47.581 | MOVE CANDIDATE | C:\Users\enrik\lib\oracle-cli\Lib\site-packages\services\oda\src__pycache__ -> G:\AI\E-zzio\runtime\cache__pycache__
2026-08-09 22:40:47.582 | MOVE CANDIDATE | C:\Users\enrik\lib\oracle-cli\Lib\site-packages\services\oda\src\oci_cli_management__pycache__ -> G:\AI\E-zzio\runtime\cache__pycache__
2026-08-09 22:40:47.583 | MOVE CANDIDATE | C:\Users\enrik\lib\oracle-cli\Lib\site-packages\services\oda\src\oci_cli_management\generated__pycache__ -> G:\AI\E-zzio\runtime\cache__pycache__
2026-08-09 22:40:47.585 | MOVE CANDIDATE | C:\Users\enrik\lib\oracle-cli\Lib\site-packages\services\oda\src\oci_cli_oda__pycache__ -> G:\AI\E-zzio\runtime\cache__pycache__
2026-08-09 22:40:47.587 | MOVE CANDIDATE | C:\Users\enrik\lib\oracle-cli\Lib\site-packages\services\oda\src\oci_cli_oda\generated__pycache__ -> G:\AI\E-zzio\runtime\cache__pycache__
2026-08-09 22:40:47.588 | MOVE CANDIDATE | C:\Users\enrik\lib\oracle-cli\Lib\site-packages\services\oda\src\oci_cli_odapackage__pycache__ -> G:\AI\E-zzio\runtime\cache__pycache__
2026-08-09 22:40:47.589 | MOVE CANDIDATE | C:\Users\enrik\lib\oracle-cli\Lib\site-packages\services\oda\src\oci_cli_odapackage\generated__pycache__ -> G:\AI\E-zzio\runtime\cache__pycache__
2026-08-09 22:40:47.590 | MOVE CANDIDATE | C:\Users\enrik\lib\oracle-cli\Lib\site-packages\services\oda\tests__pycache__ -> G:\AI\E-zzio\runtime\cache__pycache__
2026-08-09 22:40:47.591 | MOVE CANDIDATE | C:\Users\enrik\lib\oracle-cli\Lib\site-packages\services\onesubscription__pycache__ -> G:\AI\E-zzio\runtime\cache__pycache__
2026-08-09 22:40:47.592 | MOVE CANDIDATE | C:\Users\enrik\lib\oracle-cli\Lib\site-packages\services\onesubscription\src__pycache__ -> G:\AI\E-zzio\runtime\cache__pycache__
2026-08-09 22:40:47.593 | MOVE CANDIDATE | C:\Users\enrik\lib\oracle-cli\Lib\site-packages\services\onesubscription\src\oci_cli_billing_schedule__pycache__ -> G:\AI\E-zzio\runtime\cache__pycache__
2026-08-09 22:40:47.594 | MOVE CANDIDATE | C:\Users\enrik\lib\oracle-cli\Lib\site-packages\services\onesubscription\src\oci_cli_billing_schedule\generated__pycache__ -> G:\AI\E-zzio\runtime\cache__pycache__
2026-08-09 22:40:47.596 | MOVE CANDIDATE | C:\Users\enrik\lib\oracle-cli\Lib\site-packages\services\onesubscription\src\oci_cli_commitment__pycache__ -> G:\AI\E-zzio\runtime\cache__pycache__
2026-08-09 22:40:47.597 | MOVE CANDIDATE | C:\Users\enrik\lib\oracle-cli\Lib\site-packages\services\onesubscription\src\oci_cli_commitment\generated__pycache__ -> G:\AI\E-zzio\runtime\cache__pycache__
2026-08-09 22:40:47.598 | MOVE CANDIDATE | C:\Users\enrik\lib\oracle-cli\Lib\site-packages\services\onesubscription\src\oci_cli_computed_usage__pycache__ -> G:\AI\E-zzio\runtime\cache__pycache__
2026-08-09 22:40:47.599 | MOVE CANDIDATE | C:\Users\enrik\lib\oracle-cli\Lib\site-packages\services\onesubscription\src\oci_cli_computed_usage\generated__pycache__ -> G:\AI\E-zzio\runtime\cache__pycache__
2026-08-09 22:40:47.601 | MOVE CANDIDATE | C:\Users\enrik\lib\oracle-cli\Lib\site-packages\services\onesubscription\src\oci_cli_invoice_summary__pycache__ -> G:\AI\E-zzio\runtime\cache__pycache__
2026-08-09 22:40:47.606 | MOVE CANDIDATE | C:\Users\enrik\lib\oracle-cli\Lib\site-packages\services\onesubscription\src\oci_cli_invoice_summary\generated__pycache__ -> G:\AI\E-zzio\runtime\cache__pycache__
2026-08-09 22:40:47.607 | MOVE CANDIDATE | C:\Users\enrik\lib\oracle-cli\Lib\site-packages\services\onesubscription\src\oci_cli_onesubscription__pycache__ -> G:\AI\E-zzio\runtime\cache__pycache__
2026-08-09 22:40:47.608 | MOVE CANDIDATE | C:\Users\enrik\lib\oracle-cli\Lib\site-packages\services\onesubscription\src\oci_cli_onesubscription\generated__pycache__ -> G:\AI\E-zzio\runtime\cache__pycache__
2026-08-09 22:40:47.609 | MOVE CANDIDATE | C:\Users\enrik\lib\oracle-cli\Lib\site-packages\services\onesubscription\src\oci_cli_organization_subscription__pycache__ -> G:\AI\E-zzio\runtime\cache__pycache__
2026-08-09 22:40:47.611 | MOVE CANDIDATE | C:\Users\enrik\lib\oracle-cli\Lib\site-packages\services\onesubscription\src\oci_cli_organization_subscription\generated__pycache__ -> G:\AI\E-zzio\runtime\cache__pycache__
2026-08-09 22:40:47.612 | MOVE CANDIDATE | C:\Users\enrik\lib\oracle-cli\Lib\site-packages\services\onesubscription\src\oci_cli_ratecard__pycache__ -> G:\AI\E-zzio\runtime\cache__pycache__
2026-08-09 22:40:47.613 | MOVE CANDIDATE | C:\Users\enrik\lib\oracle-cli\Lib\site-packages\services\onesubscription\src\oci_cli_ratecard\generated__pycache__ -> G:\AI\E-zzio\runtime\cache__pycache__
2026-08-09 22:40:47.614 | MOVE CANDIDATE | C:\Users\enrik\lib\oracle-cli\Lib\site-packages\services\onesubscription\src\oci_cli_subscribed_service__pycache__ -> G:\AI\E-zzio\runtime\cache__pycache__
2026-08-09 22:40:47.616 | MOVE CANDIDATE | C:\Users\enrik\lib\oracle-cli\Lib\site-packages\services\onesubscription\src\oci_cli_subscribed_service\generated__pycache__ -> G:\AI\E-zzio\runtime\cache__pycache__
2026-08-09 22:40:47.617 | MOVE CANDIDATE | C:\Users\enrik\lib\oracle-cli\Lib\site-packages\services\onesubscription\src\oci_cli_subscription__pycache__ -> G:\AI\E-zzio\runtime\cache__pycache__
2026-08-09 22:40:47.618 | MOVE CANDIDATE | C:\Users\enrik\lib\oracle-cli\Lib\site-packages\services\onesubscription\src\oci_cli_subscription\generated__pycache__ -> G:\AI\E-zzio\runtime\cache__pycache__
2026-08-09 22:40:47.619 | MOVE CANDIDATE | C:\Users\enrik\lib\oracle-cli\Lib\site-packages\services\onesubscription\tests__pycache__ -> G:\AI\E-zzio\runtime\cache__pycache__
2026-08-09 22:40:47.620 | MOVE CANDIDATE | C:\Users\enrik\lib\oracle-cli\Lib\site-packages\services\ons__pycache__ -> G:\AI\E-zzio\runtime\cache__pycache__
2026-08-09 22:40:47.621 | MOVE CANDIDATE | C:\Users\enrik\lib\oracle-cli\Lib\site-packages\services\ons\src__pycache__ -> G:\AI\E-zzio\runtime\cache__pycache__
2026-08-09 22:40:47.623 | MOVE CANDIDATE | C:\Users\enrik\lib\oracle-cli\Lib\site-packages\services\ons\src\oci_cli_notification_control_plane__pycache__ -> G:\AI\E-zzio\runtime\cache__pycache__
2026-08-09 22:40:47.624 | MOVE CANDIDATE | C:\Users\enrik\lib\oracle-cli\Lib\site-packages\services\ons\src\oci_cli_notification_control_plane\generated__pycache__ -> G:\AI\E-zzio\runtime\cache__pycache__
2026-08-09 22:40:47.626 | MOVE CANDIDATE | C:\Users\enrik\lib\oracle-cli\Lib\site-packages\services\ons\src\oci_cli_notification_data_plane__pycache__ -> G:\AI\E-zzio\runtime\cache__pycache__
2026-08-09 22:40:47.627 | MOVE CANDIDATE | C:\Users\enrik\lib\oracle-cli\Lib\site-packages\services\ons\src\oci_cli_notification_data_plane\generated__pycache__ -> G:\AI\E-zzio\runtime\cache__pycache__
2026-08-09 22:40:47.628 | MOVE CANDIDATE | C:\Users\enrik\lib\oracle-cli\Lib\site-packages\services\ons\src\oci_cli_ons__pycache__ -> G:\AI\E-zzio\runtime\cache__pycache__
2026-08-09 22:40:47.629 | MOVE CANDIDATE | C:\Users\enrik\lib\oracle-cli\Lib\site-packages\services\ons\src\oci_cli_ons\generated__pycache__ -> G:\AI\E-zzio\runtime\cache__pycache__
2026-08-09 22:40:47.631 | MOVE CANDIDATE | C:\Users\enrik\lib\oracle-cli\Lib\site-packages\services\ons\tests__pycache__ -> G:\AI\E-zzio\runtime\cache__pycache__
2026-08-09 22:40:47.632 | MOVE CANDIDATE | C:\Users\enrik\lib\oracle-cli\Lib\site-packages\services\opa__pycache__ -> G:\AI\E-zzio\runtime\cache__pycache__
2026-08-09 22:40:47.633 | MOVE CANDIDATE | C:\Users\enrik\lib\oracle-cli\Lib\site-packages\services\opa\src__pycache__ -> G:\AI\E-zzio\runtime\cache__pycache__
2026-08-09 22:40:47.634 | MOVE CANDIDATE | C:\Users\enrik\lib\oracle-cli\Lib\site-packages\services\opa\src\oci_cli_opa_instance__pycache__ -> G:\AI\E-zzio\runtime\cache__pycache__
2026-08-09 22:40:47.635 | MOVE CANDIDATE | C:\Users\enrik\lib\oracle-cli\Lib\site-packages\services\opa\src\oci_cli_opa_instance\generated__pycache__ -> G:\AI\E-zzio\runtime\cache__pycache__
2026-08-09 22:40:47.637 | MOVE CANDIDATE | C:\Users\enrik\lib\oracle-cli\Lib\site-packages\services\opa\tests__pycache__ -> G:\AI\E-zzio\runtime\cache__pycache__
2026-08-09 22:40:47.638 | MOVE CANDIDATE | C:\Users\enrik\lib\oracle-cli\Lib\site-packages\services\opensearch__pycache__ -> G:\AI\E-zzio\runtime\cache__pycache__
2026-08-09 22:40:47.639 | MOVE CANDIDATE | C:\Users\enrik\lib\oracle-cli\Lib\site-packages\services\opensearch\src__pycache__ -> G:\AI\E-zzio\runtime\cache__pycache__
2026-08-09 22:40:47.640 | MOVE CANDIDATE | C:\Users\enrik\lib\oracle-cli\Lib\site-packages\services\opensearch\src\oci_cli_opensearch_cluster_backup__pycache__ -> G:\AI\E-zzio\runtime\cache__pycache__
2026-08-09 22:40:47.641 | MOVE CANDIDATE | C:\Users\enrik\lib\oracle-cli\Lib\site-packages\services\opensearch\src\oci_cli_opensearch_cluster_backup\generated__pycache__ -> G:\AI\E-zzio\runtime\cache__pycache__
2026-08-09 22:40:47.642 | MOVE CANDIDATE | C:\Users\enrik\lib\oracle-cli\Lib\site-packages\services\opensearch\src\oci_cli_opensearch_cluster_pipeline__pycache__ -> G:\AI\E-zzio\runtime\cache__pycache__
2026-08-09 22:40:47.643 | MOVE CANDIDATE | C:\Users\enrik\lib\oracle-cli\Lib\site-packages\services\opensearch\src\oci_cli_opensearch_cluster_pipeline\generated__pycache__ -> G:\AI\E-zzio\runtime\cache__pycache__
2026-08-09 22:40:47.645 | MOVE CANDIDATE | C:\Users\enrik\lib\oracle-cli\Lib\site-packages\services\opensearch\src\oci_cli_opensearch_cluster__pycache__ -> G:\AI\E-zzio\runtime\cache__pycache__
2026-08-09 22:40:47.647 | MOVE CANDIDATE | C:\Users\enrik\lib\oracle-cli\Lib\site-packages\services\opensearch\src\oci_cli_opensearch_cluster\generated__pycache__ -> G:\AI\E-zzio\runtime\cache__pycache__
2026-08-09 22:40:47.648 | MOVE CANDIDATE | C:\Users\enrik\lib\oracle-cli\Lib\site-packages\services\opensearch\src\oci_cli_opensearch__pycache__ -> G:\AI\E-zzio\runtime\cache__pycache__
2026-08-09 22:40:47.649 | MOVE CANDIDATE | C:\Users\enrik\lib\oracle-cli\Lib\site-packages\services\opensearch\src\oci_cli_opensearch\generated__pycache__ -> G:\AI\E-zzio\runtime\cache__pycache__
2026-08-09 22:40:47.650 | MOVE CANDIDATE | C:\Users\enrik\lib\oracle-cli\Lib\site-packages\services\opensearch\tests__pycache__ -> G:\AI\E-zzio\runtime\cache__pycache__
2026-08-09 22:40:47.651 | MOVE CANDIDATE | C:\Users\enrik\lib\oracle-cli\Lib\site-packages\services\operator_access_control__pycache__ -> G:\AI\E-zzio\runtime\cache__pycache__
2026-08-09 22:40:47.652 | MOVE CANDIDATE | C:\Users\enrik\lib\oracle-cli\Lib\site-packages\services\operator_access_control\src__pycache__ -> G:\AI\E-zzio\runtime\cache__pycache__
2026-08-09 22:40:47.653 | MOVE CANDIDATE | C:\Users\enrik\lib\oracle-cli\Lib\site-packages\services\operator_access_control\src\oci_cli_access_requests__pycache__ -> G:\AI\E-zzio\runtime\cache__pycache__
2026-08-09 22:40:47.654 | MOVE CANDIDATE | C:\Users\enrik\lib\oracle-cli\Lib\site-packages\services\operator_access_control\src\oci_cli_access_requests\generated__pycache__ -> G:\AI\E-zzio\runtime\cache__pycache__
2026-08-09 22:40:47.655 | MOVE CANDIDATE | C:\Users\enrik\lib\oracle-cli\Lib\site-packages\services\operator_access_control\src\oci_cli_operator_access_control__pycache__ -> G:\AI\E-zzio\runtime\cache__pycache__
2026-08-09 22:40:47.657 | MOVE CANDIDATE | C:\Users\enrik\lib\oracle-cli\Lib\site-packages\services\operator_access_control\src\oci_cli_operator_access_control\generated__pycache__ -> G:\AI\E-zzio\runtime\cache__pycache__
2026-08-09 22:40:47.658 | MOVE CANDIDATE | C:\Users\enrik\lib\oracle-cli\Lib\site-packages\services\operator_access_control\src\oci_cli_operator_actions__pycache__ -> G:\AI\E-zzio\runtime\cache__pycache__
2026-08-09 22:40:47.659 | MOVE CANDIDATE | C:\Users\enrik\lib\oracle-cli\Lib\site-packages\services\operator_access_control\src\oci_cli_operator_actions\generated__pycache__ -> G:\AI\E-zzio\runtime\cache__pycache__
2026-08-09 22:40:47.660 | MOVE CANDIDATE | C:\Users\enrik\lib\oracle-cli\Lib\site-packages\services\operator_access_control\src\oci_cli_operator_control_assignment__pycache__ -> G:\AI\E-zzio\runtime\cache__pycache__
2026-08-09 22:40:47.661 | MOVE CANDIDATE | C:\Users\enrik\lib\oracle-cli\Lib\site-packages\services\operator_access_control\src\oci_cli_operator_control_assignment\generated__pycache__ -> G:\AI\E-zzio\runtime\cache__pycache__
2026-08-09 22:40:47.662 | MOVE CANDIDATE | C:\Users\enrik\lib\oracle-cli\Lib\site-packages\services\operator_access_control\src\oci_cli_operator_control__pycache__ -> G:\AI\E-zzio\runtime\cache__pycache__
2026-08-09 22:40:47.663 | MOVE CANDIDATE | C:\Users\enrik\lib\oracle-cli\Lib\site-packages\services\operator_access_control\src\oci_cli_operator_control\generated__pycache__ -> G:\AI\E-zzio\runtime\cache__pycache__
2026-08-09 22:40:47.664 | MOVE CANDIDATE | C:\Users\enrik\lib\oracle-cli\Lib\site-packages\services\operator_access_control\tests__pycache__ -> G:\AI\E-zzio\runtime\cache__pycache__
2026-08-09 22:40:47.665 | MOVE CANDIDATE | C:\Users\enrik\lib\oracle-cli\Lib\site-packages\services\opsi__pycache__ -> G:\AI\E-zzio\runtime\cache__pycache__
2026-08-09 22:40:47.666 | MOVE CANDIDATE | C:\Users\enrik\lib\oracle-cli\Lib\site-packages\services\opsi\src__pycache__ -> G:\AI\E-zzio\runtime\cache__pycache__
2026-08-09 22:40:47.668 | MOVE CANDIDATE | C:\Users\enrik\lib\oracle-cli\Lib\site-packages\services\opsi\src\oci_cli_operations_insights__pycache__ -> G:\AI\E-zzio\runtime\cache__pycache__
2026-08-09 22:40:47.669 | MOVE CANDIDATE | C:\Users\enrik\lib\oracle-cli\Lib\site-packages\services\opsi\src\oci_cli_operations_insights\generated__pycache__ -> G:\AI\E-zzio\runtime\cache__pycache__
2026-08-09 22:40:47.670 | MOVE CANDIDATE | C:\Users\enrik\lib\oracle-cli\Lib\site-packages\services\opsi\tests__pycache__ -> G:\AI\E-zzio\runtime\cache__pycache__
2026-08-09 22:40:47.671 | MOVE CANDIDATE | C:\Users\enrik\lib\oracle-cli\Lib\site-packages\services\optimizer__pycache__ -> G:\AI\E-zzio\runtime\cache__pycache__
2026-08-09 22:40:47.672 | MOVE CANDIDATE | C:\Users\enrik\lib\oracle-cli\Lib\site-packages\services\optimizer\src__pycache__ -> G:\AI\E-zzio\runtime\cache__pycache__
2026-08-09 22:40:47.673 | MOVE CANDIDATE | C:\Users\enrik\lib\oracle-cli\Lib\site-packages\services\optimizer\src\oci_cli_optimizer__pycache__ -> G:\AI\E-zzio\runtime\cache__pycache__
2026-08-09 22:40:47.674 | MOVE CANDIDATE | C:\Users\enrik\lib\oracle-cli\Lib\site-packages\services\optimizer\src\oci_cli_optimizer\generated__pycache__ -> G:\AI\E-zzio\runtime\cache__pycache__
2026-08-09 22:40:47.676 | MOVE CANDIDATE | C:\Users\enrik\lib\oracle-cli\Lib\site-packages\services\optimizer\tests__pycache__ -> G:\AI\E-zzio\runtime\cache__pycache__
2026-08-09 22:40:47.677 | MOVE CANDIDATE | C:\Users\enrik\lib\oracle-cli\Lib\site-packages\services\os_management_hub__pycache__ -> G:\AI\E-zzio\runtime\cache__pycache__
2026-08-09 22:40:47.678 | MOVE CANDIDATE | C:\Users\enrik\lib\oracle-cli\Lib\site-packages\services\os_management_hub\src__pycache__ -> G:\AI\E-zzio\runtime\cache__pycache__
2026-08-09 22:40:47.679 | MOVE CANDIDATE | C:\Users\enrik\lib\oracle-cli\Lib\site-packages\services\os_management_hub\src\oci_cli_dynamic_set__pycache__ -> G:\AI\E-zzio\runtime\cache__pycache__
2026-08-09 22:40:47.680 | MOVE CANDIDATE | C:\Users\enrik\lib\oracle-cli\Lib\site-packages\services\os_management_hub\src\oci_cli_dynamic_set\generated__pycache__ -> G:\AI\E-zzio\runtime\cache__pycache__
2026-08-09 22:40:47.681 | MOVE CANDIDATE | C:\Users\enrik\lib\oracle-cli\Lib\site-packages\services\os_management_hub\src\oci_cli_event__pycache__ -> G:\AI\E-zzio\runtime\cache__pycache__
2026-08-09 22:40:47.683 | MOVE CANDIDATE | C:\Users\enrik\lib\oracle-cli\Lib\site-packages\services\os_management_hub\src\oci_cli_event\generated__pycache__ -> G:\AI\E-zzio\runtime\cache__pycache__
2026-08-09 22:40:47.684 | MOVE CANDIDATE | C:\Users\enrik\lib\oracle-cli\Lib\site-packages\services\os_management_hub\src\oci_cli_lifecycle_environment__pycache__ -> G:\AI\E-zzio\runtime\cache__pycache__
2026-08-09 22:40:47.685 | MOVE CANDIDATE | C:\Users\enrik\lib\oracle-cli\Lib\site-packages\services\os_management_hub\src\oci_cli_lifecycle_environment\generated__pycache__ -> G:\AI\E-zzio\runtime\cache__pycache__
2026-08-09 22:40:47.686 | MOVE CANDIDATE | C:\Users\enrik\lib\oracle-cli\Lib\site-packages\services\os_management_hub\src\oci_cli_managed_instance_group__pycache__ -> G:\AI\E-zzio\runtime\cache__pycache__
2026-08-09 22:40:47.688 | MOVE CANDIDATE | C:\Users\enrik\lib\oracle-cli\Lib\site-packages\services\os_management_hub\src\oci_cli_managed_instance_group\generated__pycache__ -> G:\AI\E-zzio\runtime\cache__pycache__
2026-08-09 22:40:47.689 | MOVE CANDIDATE | C:\Users\enrik\lib\oracle-cli\Lib\site-packages\services\os_management_hub\src\oci_cli_managed_instance__pycache__ -> G:\AI\E-zzio\runtime\cache__pycache__
2026-08-09 22:40:47.695 | MOVE CANDIDATE | C:\Users\enrik\lib\oracle-cli\Lib\site-packages\services\os_management_hub\src\oci_cli_managed_instance\generated__pycache__ -> G:\AI\E-zzio\runtime\cache__pycache__
2026-08-09 22:40:47.696 | MOVE CANDIDATE | C:\Users\enrik\lib\oracle-cli\Lib\site-packages\services\os_management_hub\src\oci_cli_management_station__pycache__ -> G:\AI\E-zzio\runtime\cache__pycache__
2026-08-09 22:40:47.697 | MOVE CANDIDATE | C:\Users\enrik\lib\oracle-cli\Lib\site-packages\services\os_management_hub\src\oci_cli_management_station\generated__pycache__ -> G:\AI\E-zzio\runtime\cache__pycache__
2026-08-09 22:40:47.698 | MOVE CANDIDATE | C:\Users\enrik\lib\oracle-cli\Lib\site-packages\services\os_management_hub\src\oci_cli_onboarding__pycache__ -> G:\AI\E-zzio\runtime\cache__pycache__
2026-08-09 22:40:47.699 | MOVE CANDIDATE | C:\Users\enrik\lib\oracle-cli\Lib\site-packages\services\os_management_hub\src\oci_cli_onboarding\generated__pycache__ -> G:\AI\E-zzio\runtime\cache__pycache__
2026-08-09 22:40:47.700 | MOVE CANDIDATE | C:\Users\enrik\lib\oracle-cli\Lib\site-packages\services\os_management_hub\src\oci_cli_os_management_hub__pycache__ -> G:\AI\E-zzio\runtime\cache__pycache__
2026-08-09 22:40:47.702 | MOVE CANDIDATE | C:\Users\enrik\lib\oracle-cli\Lib\site-packages\services\os_management_hub\src\oci_cli_os_management_hub\generated__pycache__ -> G:\AI\E-zzio\runtime\cache__pycache__
2026-08-09 22:40:47.703 | MOVE CANDIDATE | C:\Users\enrik\lib\oracle-cli\Lib\site-packages\services\os_management_hub\src\oci_cli_reporting_managed_instance__pycache__ -> G:\AI\E-zzio\runtime\cache__pycache__
2026-08-09 22:40:47.704 | MOVE CANDIDATE | C:\Users\enrik\lib\oracle-cli\Lib\site-packages\services\os_management_hub\src\oci_cli_reporting_managed_instance\generated__pycache__ -> G:\AI\E-zzio\runtime\cache__pycache__
2026-08-09 22:40:47.705 | MOVE CANDIDATE | C:\Users\enrik\lib\oracle-cli\Lib\site-packages\services\os_management_hub\src\oci_cli_scheduled_job__pycache__ -> G:\AI\E-zzio\runtime\cache__pycache__
2026-08-09 22:40:47.707 | MOVE CANDIDATE | C:\Users\enrik\lib\oracle-cli\Lib\site-packages\services\os_management_hub\src\oci_cli_scheduled_job\generated__pycache__ -> G:\AI\E-zzio\runtime\cache__pycache__
2026-08-09 22:40:47.708 | MOVE CANDIDATE | C:\Users\enrik\lib\oracle-cli\Lib\site-packages\services\os_management_hub\src\oci_cli_software_source__pycache__ -> G:\AI\E-zzio\runtime\cache__pycache__
2026-08-09 22:40:47.709 | MOVE CANDIDATE | C:\Users\enrik\lib\oracle-cli\Lib\site-packages\services\os_management_hub\src\oci_cli_software_source\generated__pycache__ -> G:\AI\E-zzio\runtime\cache__pycache__
2026-08-09 22:40:47.711 | MOVE CANDIDATE | C:\Users\enrik\lib\oracle-cli\Lib\site-packages\services\os_management_hub\src\oci_cli_work_request__pycache__ -> G:\AI\E-zzio\runtime\cache__pycache__
2026-08-09 22:40:47.712 | MOVE CANDIDATE | C:\Users\enrik\lib\oracle-cli\Lib\site-packages\services\os_management_hub\src\oci_cli_work_request\generated__pycache__ -> G:\AI\E-zzio\runtime\cache__pycache__
2026-08-09 22:40:47.713 | MOVE CANDIDATE | C:\Users\enrik\lib\oracle-cli\Lib\site-packages\services\os_management_hub\tests__pycache__ -> G:\AI\E-zzio\runtime\cache__pycache__
2026-08-09 22:40:47.714 | MOVE CANDIDATE | C:\Users\enrik\lib\oracle-cli\Lib\site-packages\services\osp_gateway__pycache__ -> G:\AI\E-zzio\runtime\cache__pycache__
2026-08-09 22:40:47.715 | MOVE CANDIDATE | C:\Users\enrik\lib\oracle-cli\Lib\site-packages\services\osp_gateway\src__pycache__ -> G:\AI\E-zzio\runtime\cache__pycache__
2026-08-09 22:40:47.717 | MOVE CANDIDATE | C:\Users\enrik\lib\oracle-cli\Lib\site-packages\services\osp_gateway\src\oci_cli_address_rule_service__pycache__ -> G:\AI\E-zzio\runtime\cache__pycache__
2026-08-09 22:40:47.718 | MOVE CANDIDATE | C:\Users\enrik\lib\oracle-cli\Lib\site-packages\services\osp_gateway\src\oci_cli_address_rule_service\generated__pycache__ -> G:\AI\E-zzio\runtime\cache__pycache__
2026-08-09 22:40:47.719 | MOVE CANDIDATE | C:\Users\enrik\lib\oracle-cli\Lib\site-packages\services\osp_gateway\src\oci_cli_address_service__pycache__ -> G:\AI\E-zzio\runtime\cache__pycache__
2026-08-09 22:40:47.720 | MOVE CANDIDATE | C:\Users\enrik\lib\oracle-cli\Lib\site-packages\services\osp_gateway\src\oci_cli_address_service\generated__pycache__ -> G:\AI\E-zzio\runtime\cache__pycache__
2026-08-09 22:40:47.721 | MOVE CANDIDATE | C:\Users\enrik\lib\oracle-cli\Lib\site-packages\services\osp_gateway\src\oci_cli_invoice_service__pycache__ -> G:\AI\E-zzio\runtime\cache__pycache__
2026-08-09 22:40:47.722 | MOVE CANDIDATE | C:\Users\enrik\lib\oracle-cli\Lib\site-packages\services\osp_gateway\src\oci_cli_invoice_service\generated__pycache__ -> G:\AI\E-zzio\runtime\cache__pycache__
2026-08-09 22:40:47.723 | MOVE CANDIDATE | C:\Users\enrik\lib\oracle-cli\Lib\site-packages\services\osp_gateway\src\oci_cli_osp_gateway__pycache__ -> G:\AI\E-zzio\runtime\cache__pycache__
2026-08-09 22:40:47.724 | MOVE CANDIDATE | C:\Users\enrik\lib\oracle-cli\Lib\site-packages\services\osp_gateway\src\oci_cli_osp_gateway\generated__pycache__ -> G:\AI\E-zzio\runtime\cache__pycache__
2026-08-09 22:40:47.726 | MOVE CANDIDATE | C:\Users\enrik\lib\oracle-cli\Lib\site-packages\services\osp_gateway\src\oci_cli_subscription_service__pycache__ -> G:\AI\E-zzio\runtime\cache__pycache__
2026-08-09 22:40:47.727 | MOVE CANDIDATE | C:\Users\enrik\lib\oracle-cli\Lib\site-packages\services\osp_gateway\src\oci_cli_subscription_service\generated__pycache__ -> G:\AI\E-zzio\runtime\cache__pycache__
2026-08-09 22:40:47.728 | MOVE CANDIDATE | C:\Users\enrik\lib\oracle-cli\Lib\site-packages\services\osp_gateway\tests__pycache__ -> G:\AI\E-zzio\runtime\cache__pycache__
2026-08-09 22:40:47.729 | MOVE CANDIDATE | C:\Users\enrik\lib\oracle-cli\Lib\site-packages\services\osub_billing_schedule__pycache__ -> G:\AI\E-zzio\runtime\cache__pycache__
2026-08-09 22:40:47.730 | MOVE CANDIDATE | C:\Users\enrik\lib\oracle-cli\Lib\site-packages\services\osub_billing_schedule\src__pycache__ -> G:\AI\E-zzio\runtime\cache__pycache__
2026-08-09 22:40:47.732 | MOVE CANDIDATE | C:\Users\enrik\lib\oracle-cli\Lib\site-packages\services\osub_billing_schedule\src\oci_cli_billing_schedule__pycache__ -> G:\AI\E-zzio\runtime\cache__pycache__
2026-08-09 22:40:47.733 | MOVE CANDIDATE | C:\Users\enrik\lib\oracle-cli\Lib\site-packages\services\osub_billing_schedule\src\oci_cli_billing_schedule\generated__pycache__ -> G:\AI\E-zzio\runtime\cache__pycache__
2026-08-09 22:40:47.734 | MOVE CANDIDATE | C:\Users\enrik\lib\oracle-cli\Lib\site-packages\services\osub_billing_schedule\tests__pycache__ -> G:\AI\E-zzio\runtime\cache__pycache__
2026-08-09 22:40:47.735 | MOVE CANDIDATE | C:\Users\enrik\lib\oracle-cli\Lib\site-packages\services\osub_organization_subscription__pycache__ -> G:\AI\E-zzio\runtime\cache__pycache__
2026-08-09 22:40:47.736 | MOVE CANDIDATE | C:\Users\enrik\lib\oracle-cli\Lib\site-packages\services\osub_organization_subscription\src__pycache__ -> G:\AI\E-zzio\runtime\cache__pycache__
2026-08-09 22:40:47.737 | MOVE CANDIDATE | C:\Users\enrik\lib\oracle-cli\Lib\site-packages\services\osub_organization_subscription\src\oci_cli_organization_subscription__pycache__ -> G:\AI\E-zzio\runtime\cache__pycache__
2026-08-09 22:40:47.739 | MOVE CANDIDATE | C:\Users\enrik\lib\oracle-cli\Lib\site-packages\services\osub_organization_subscription\src\oci_cli_organization_subscription\generated__pycache__ -> G:\AI\E-zzio\runtime\cache__pycache__
2026-08-09 22:40:47.740 | MOVE CANDIDATE | C:\Users\enrik\lib\oracle-cli\Lib\site-packages\services\osub_organization_subscription\tests__pycache__ -> G:\AI\E-zzio\runtime\cache__pycache__
2026-08-09 22:40:47.741 | MOVE CANDIDATE | C:\Users\enrik\lib\oracle-cli\Lib\site-packages\services\osub_subscription__pycache__ -> G:\AI\E-zzio\runtime\cache__pycache__
2026-08-09 22:40:47.743 | MOVE CANDIDATE | C:\Users\enrik\lib\oracle-cli\Lib\site-packages\services\osub_subscription\src__pycache__ -> G:\AI\E-zzio\runtime\cache__pycache__
2026-08-09 22:40:47.744 | MOVE CANDIDATE | C:\Users\enrik\lib\oracle-cli\Lib\site-packages\services\osub_subscription\src\oci_cli_commitment__pycache__ -> G:\AI\E-zzio\runtime\cache__pycache__
2026-08-09 22:40:47.745 | MOVE CANDIDATE | C:\Users\enrik\lib\oracle-cli\Lib\site-packages\services\osub_subscription\src\oci_cli_commitment\generated__pycache__ -> G:\AI\E-zzio\runtime\cache__pycache__
2026-08-09 22:40:47.746 | MOVE CANDIDATE | C:\Users\enrik\lib\oracle-cli\Lib\site-packages\services\osub_subscription\src\oci_cli_osub_subscription__pycache__ -> G:\AI\E-zzio\runtime\cache__pycache__
2026-08-09 22:40:47.747 | MOVE CANDIDATE | C:\Users\enrik\lib\oracle-cli\Lib\site-packages\services\osub_subscription\src\oci_cli_osub_subscription\generated__pycache__ -> G:\AI\E-zzio\runtime\cache__pycache__
2026-08-09 22:40:47.749 | MOVE CANDIDATE | C:\Users\enrik\lib\oracle-cli\Lib\site-packages\services\osub_subscription\src\oci_cli_ratecard__pycache__ -> G:\AI\E-zzio\runtime\cache__pycache__
2026-08-09 22:40:47.750 | MOVE CANDIDATE | C:\Users\enrik\lib\oracle-cli\Lib\site-packages\services\osub_subscription\src\oci_cli_ratecard\generated__pycache__ -> G:\AI\E-zzio\runtime\cache__pycache__
2026-08-09 22:40:47.751 | MOVE CANDIDATE | C:\Users\enrik\lib\oracle-cli\Lib\site-packages\services\osub_subscription\src\oci_cli_subscription__pycache__ -> G:\AI\E-zzio\runtime\cache__pycache__
2026-08-09 22:40:47.752 | MOVE CANDIDATE | C:\Users\enrik\lib\oracle-cli\Lib\site-packages\services\osub_subscription\src\oci_cli_subscription\generated__pycache__ -> G:\AI\E-zzio\runtime\cache__pycache__
2026-08-09 22:40:47.753 | MOVE CANDIDATE | C:\Users\enrik\lib\oracle-cli\Lib\site-packages\services\osub_subscription\tests__pycache__ -> G:\AI\E-zzio\runtime\cache__pycache__
2026-08-09 22:40:47.754 | MOVE CANDIDATE | C:\Users\enrik\lib\oracle-cli\Lib\site-packages\services\osub_usage__pycache__ -> G:\AI\E-zzio\runtime\cache__pycache__
2026-08-09 22:40:47.755 | MOVE CANDIDATE | C:\Users\enrik\lib\oracle-cli\Lib\site-packages\services\osub_usage\src__pycache__ -> G:\AI\E-zzio\runtime\cache__pycache__
2026-08-09 22:40:47.757 | MOVE CANDIDATE | C:\Users\enrik\lib\oracle-cli\Lib\site-packages\services\osub_usage\src\oci_cli_computed_usage__pycache__ -> G:\AI\E-zzio\runtime\cache__pycache__
2026-08-09 22:40:47.758 | MOVE CANDIDATE | C:\Users\enrik\lib\oracle-cli\Lib\site-packages\services\osub_usage\src\oci_cli_computed_usage\generated__pycache__ -> G:\AI\E-zzio\runtime\cache__pycache__
2026-08-09 22:40:47.759 | MOVE CANDIDATE | C:\Users\enrik\lib\oracle-cli\Lib\site-packages\services\osub_usage\tests__pycache__ -> G:\AI\E-zzio\runtime\cache__pycache__
2026-08-09 22:40:47.760 | MOVE CANDIDATE | C:\Users\enrik\lib\oracle-cli\Lib\site-packages\services\psa__pycache__ -> G:\AI\E-zzio\runtime\cache__pycache__
2026-08-09 22:40:47.762 | MOVE CANDIDATE | C:\Users\enrik\lib\oracle-cli\Lib\site-packages\services\psa\src__pycache__ -> G:\AI\E-zzio\runtime\cache__pycache__
2026-08-09 22:40:47.763 | MOVE CANDIDATE | C:\Users\enrik\lib\oracle-cli\Lib\site-packages\services\psa\src\oci_cli_private_service_access__pycache__ -> G:\AI\E-zzio\runtime\cache__pycache__
2026-08-09 22:40:47.764 | MOVE CANDIDATE | C:\Users\enrik\lib\oracle-cli\Lib\site-packages\services\psa\src\oci_cli_private_service_access\generated__pycache__ -> G:\AI\E-zzio\runtime\cache__pycache__
2026-08-09 22:40:47.765 | MOVE CANDIDATE | C:\Users\enrik\lib\oracle-cli\Lib\site-packages\services\psa\tests__pycache__ -> G:\AI\E-zzio\runtime\cache__pycache__
2026-08-09 22:40:47.766 | MOVE CANDIDATE | C:\Users\enrik\lib\oracle-cli\Lib\site-packages\services\psql__pycache__ -> G:\AI\E-zzio\runtime\cache__pycache__
2026-08-09 22:40:47.767 | MOVE CANDIDATE | C:\Users\enrik\lib\oracle-cli\Lib\site-packages\services\psql\src__pycache__ -> G:\AI\E-zzio\runtime\cache__pycache__
2026-08-09 22:40:47.768 | MOVE CANDIDATE | C:\Users\enrik\lib\oracle-cli\Lib\site-packages\services\psql\src\oci_cli_postgresql__pycache__ -> G:\AI\E-zzio\runtime\cache__pycache__
2026-08-09 22:40:47.769 | MOVE CANDIDATE | C:\Users\enrik\lib\oracle-cli\Lib\site-packages\services\psql\src\oci_cli_postgresql\generated__pycache__ -> G:\AI\E-zzio\runtime\cache__pycache__
2026-08-09 22:40:47.771 | MOVE CANDIDATE | C:\Users\enrik\lib\oracle-cli\Lib\site-packages\services\psql\tests__pycache__ -> G:\AI\E-zzio\runtime\cache__pycache__
2026-08-09 22:40:47.773 | MOVE CANDIDATE | C:\Users\enrik\lib\oracle-cli\Lib\site-packages\services\queue__pycache__ -> G:\AI\E-zzio\runtime\cache__pycache__
2026-08-09 22:40:47.774 | MOVE CANDIDATE | C:\Users\enrik\lib\oracle-cli\Lib\site-packages\services\queue\src__pycache__ -> G:\AI\E-zzio\runtime\cache__pycache__
2026-08-09 22:40:47.775 | MOVE CANDIDATE | C:\Users\enrik\lib\oracle-cli\Lib\site-packages\services\queue\src\oci_cli_queue_admin__pycache__ -> G:\AI\E-zzio\runtime\cache__pycache__
2026-08-09 22:40:47.776 | MOVE CANDIDATE | C:\Users\enrik\lib\oracle-cli\Lib\site-packages\services\queue\src\oci_cli_queue_admin\generated__pycache__ -> G:\AI\E-zzio\runtime\cache__pycache__
2026-08-09 22:40:47.777 | MOVE CANDIDATE | C:\Users\enrik\lib\oracle-cli\Lib\site-packages\services\queue\src\oci_cli_queue__pycache__ -> G:\AI\E-zzio\runtime\cache__pycache__
2026-08-09 22:40:47.783 | MOVE CANDIDATE | C:\Users\enrik\lib\oracle-cli\Lib\site-packages\services\queue\src\oci_cli_queue\generated__pycache__ -> G:\AI\E-zzio\runtime\cache__pycache__
2026-08-09 22:40:47.784 | MOVE CANDIDATE | C:\Users\enrik\lib\oracle-cli\Lib\site-packages\services\queue\tests__pycache__ -> G:\AI\E-zzio\runtime\cache__pycache__
2026-08-09 22:40:47.786 | MOVE CANDIDATE | C:\Users\enrik\lib\oracle-cli\Lib\site-packages\services\recovery__pycache__ -> G:\AI\E-zzio\runtime\cache__pycache__
2026-08-09 22:40:47.788 | MOVE CANDIDATE | C:\Users\enrik\lib\oracle-cli\Lib\site-packages\services\recovery\src__pycache__ -> G:\AI\E-zzio\runtime\cache__pycache__
2026-08-09 22:40:47.790 | MOVE CANDIDATE | C:\Users\enrik\lib\oracle-cli\Lib\site-packages\services\recovery\src\oci_cli_database_recovery__pycache__ -> G:\AI\E-zzio\runtime\cache__pycache__
2026-08-09 22:40:47.791 | MOVE CANDIDATE | C:\Users\enrik\lib\oracle-cli\Lib\site-packages\services\recovery\src\oci_cli_database_recovery\generated__pycache__ -> G:\AI\E-zzio\runtime\cache__pycache__
2026-08-09 22:40:47.792 | MOVE CANDIDATE | C:\Users\enrik\lib\oracle-cli\Lib\site-packages\services\recovery\tests__pycache__ -> G:\AI\E-zzio\runtime\cache__pycache__
2026-08-09 22:40:47.793 | MOVE CANDIDATE | C:\Users\enrik\lib\oracle-cli\Lib\site-packages\services\redis__pycache__ -> G:\AI\E-zzio\runtime\cache__pycache__
2026-08-09 22:40:47.795 | MOVE CANDIDATE | C:\Users\enrik\lib\oracle-cli\Lib\site-packages\services\redis\src__pycache__ -> G:\AI\E-zzio\runtime\cache__pycache__
2026-08-09 22:40:47.796 | MOVE CANDIDATE | C:\Users\enrik\lib\oracle-cli\Lib\site-packages\services\redis\src\oci_cli_oci_cache_backup__pycache__ -> G:\AI\E-zzio\runtime\cache__pycache__
2026-08-09 22:40:47.797 | MOVE CANDIDATE | C:\Users\enrik\lib\oracle-cli\Lib\site-packages\services\redis\src\oci_cli_oci_cache_backup\generated__pycache__ -> G:\AI\E-zzio\runtime\cache__pycache__
2026-08-09 22:40:47.798 | MOVE CANDIDATE | C:\Users\enrik\lib\oracle-cli\Lib\site-packages\services\redis\src\oci_cli_oci_cache_config_set__pycache__ -> G:\AI\E-zzio\runtime\cache__pycache__
2026-08-09 22:40:47.800 | MOVE CANDIDATE | C:\Users\enrik\lib\oracle-cli\Lib\site-packages\services\redis\src\oci_cli_oci_cache_config_set\generated__pycache__ -> G:\AI\E-zzio\runtime\cache__pycache__
2026-08-09 22:40:47.801 | MOVE CANDIDATE | C:\Users\enrik\lib\oracle-cli\Lib\site-packages\services\redis\src\oci_cli_oci_cache_default_config_set__pycache__ -> G:\AI\E-zzio\runtime\cache__pycache__
2026-08-09 22:40:47.802 | MOVE CANDIDATE | C:\Users\enrik\lib\oracle-cli\Lib\site-packages\services\redis\src\oci_cli_oci_cache_default_config_set\generated__pycache__ -> G:\AI\E-zzio\runtime\cache__pycache__
2026-08-09 22:40:47.803 | MOVE CANDIDATE | C:\Users\enrik\lib\oracle-cli\Lib\site-packages\services\redis\src\oci_cli_oci_cache_engine_options__pycache__ -> G:\AI\E-zzio\runtime\cache__pycache__
2026-08-09 22:40:47.804 | MOVE CANDIDATE | C:\Users\enrik\lib\oracle-cli\Lib\site-packages\services\redis\src\oci_cli_oci_cache_engine_options\generated__pycache__ -> G:\AI\E-zzio\runtime\cache__pycache__
2026-08-09 22:40:47.806 | MOVE CANDIDATE | C:\Users\enrik\lib\oracle-cli\Lib\site-packages\services\redis\src\oci_cli_oci_cache_user__pycache__ -> G:\AI\E-zzio\runtime\cache__pycache__
2026-08-09 22:40:47.807 | MOVE CANDIDATE | C:\Users\enrik\lib\oracle-cli\Lib\site-packages\services\redis\src\oci_cli_oci_cache_user\generated__pycache__ -> G:\AI\E-zzio\runtime\cache__pycache__
2026-08-09 22:40:47.808 | MOVE CANDIDATE | C:\Users\enrik\lib\oracle-cli\Lib\site-packages\services\redis\src\oci_cli_redis_cluster__pycache__ -> G:\AI\E-zzio\runtime\cache__pycache__
2026-08-09 22:40:47.809 | MOVE CANDIDATE | C:\Users\enrik\lib\oracle-cli\Lib\site-packages\services\redis\src\oci_cli_redis_cluster\generated__pycache__ -> G:\AI\E-zzio\runtime\cache__pycache__
2026-08-09 22:40:47.810 | MOVE CANDIDATE | C:\Users\enrik\lib\oracle-cli\Lib\site-packages\services\redis\src\oci_cli_redis_identity__pycache__ -> G:\AI\E-zzio\runtime\cache__pycache__
2026-08-09 22:40:47.812 | MOVE CANDIDATE | C:\Users\enrik\lib\oracle-cli\Lib\site-packages\services\redis\src\oci_cli_redis_identity\generated__pycache__ -> G:\AI\E-zzio\runtime\cache__pycache__
2026-08-09 22:40:47.813 | MOVE CANDIDATE | C:\Users\enrik\lib\oracle-cli\Lib\site-packages\services\redis\src\oci_cli_redis__pycache__ -> G:\AI\E-zzio\runtime\cache__pycache__
2026-08-09 22:40:47.814 | MOVE CANDIDATE | C:\Users\enrik\lib\oracle-cli\Lib\site-packages\services\redis\src\oci_cli_redis\generated__pycache__ -> G:\AI\E-zzio\runtime\cache__pycache__
2026-08-09 22:40:47.815 | MOVE CANDIDATE | C:\Users\enrik\lib\oracle-cli\Lib\site-packages\services\redis\tests__pycache__ -> G:\AI\E-zzio\runtime\cache__pycache__
2026-08-09 22:40:47.816 | MOVE CANDIDATE | C:\Users\enrik\lib\oracle-cli\Lib\site-packages\services\resource_analytics__pycache__ -> G:\AI\E-zzio\runtime\cache__pycache__
2026-08-09 22:40:47.817 | MOVE CANDIDATE | C:\Users\enrik\lib\oracle-cli\Lib\site-packages\services\resource_analytics\src__pycache__ -> G:\AI\E-zzio\runtime\cache__pycache__
2026-08-09 22:40:47.818 | MOVE CANDIDATE | C:\Users\enrik\lib\oracle-cli\Lib\site-packages\services\resource_analytics\src\oci_cli_monitored_region__pycache__ -> G:\AI\E-zzio\runtime\cache__pycache__
2026-08-09 22:40:47.820 | MOVE CANDIDATE | C:\Users\enrik\lib\oracle-cli\Lib\site-packages\services\resource_analytics\src\oci_cli_monitored_region\generated__pycache__ -> G:\AI\E-zzio\runtime\cache__pycache__
2026-08-09 22:40:47.821 | MOVE CANDIDATE | C:\Users\enrik\lib\oracle-cli\Lib\site-packages\services\resource_analytics\src\oci_cli_resource_analytics_instance__pycache__ -> G:\AI\E-zzio\runtime\cache__pycache__
2026-08-09 22:40:47.822 | MOVE CANDIDATE | C:\Users\enrik\lib\oracle-cli\Lib\site-packages\services\resource_analytics\src\oci_cli_resource_analytics_instance\generated__pycache__ -> G:\AI\E-zzio\runtime\cache__pycache__
2026-08-09 22:40:47.824 | MOVE CANDIDATE | C:\Users\enrik\lib\oracle-cli\Lib\site-packages\services\resource_analytics\src\oci_cli_resource_analytics__pycache__ -> G:\AI\E-zzio\runtime\cache__pycache__
2026-08-09 22:40:47.825 | MOVE CANDIDATE | C:\Users\enrik\lib\oracle-cli\Lib\site-packages\services\resource_analytics\src\oci_cli_resource_analytics\generated__pycache__ -> G:\AI\E-zzio\runtime\cache__pycache__
2026-08-09 22:40:47.826 | MOVE CANDIDATE | C:\Users\enrik\lib\oracle-cli\Lib\site-packages\services\resource_analytics\src\oci_cli_tenancy_attachment__pycache__ -> G:\AI\E-zzio\runtime\cache__pycache__
2026-08-09 22:40:47.827 | MOVE CANDIDATE | C:\Users\enrik\lib\oracle-cli\Lib\site-packages\services\resource_analytics\src\oci_cli_tenancy_attachment\generated__pycache__ -> G:\AI\E-zzio\runtime\cache__pycache__
2026-08-09 22:40:47.829 | MOVE CANDIDATE | C:\Users\enrik\lib\oracle-cli\Lib\site-packages\services\resource_analytics\tests__pycache__ -> G:\AI\E-zzio\runtime\cache__pycache__
2026-08-09 22:40:47.830 | MOVE CANDIDATE | C:\Users\enrik\lib\oracle-cli\Lib\site-packages\services\resource_manager__pycache__ -> G:\AI\E-zzio\runtime\cache__pycache__
2026-08-09 22:40:47.831 | MOVE CANDIDATE | C:\Users\enrik\lib\oracle-cli\Lib\site-packages\services\resource_manager\src__pycache__ -> G:\AI\E-zzio\runtime\cache__pycache__
2026-08-09 22:40:47.832 | MOVE CANDIDATE | C:\Users\enrik\lib\oracle-cli\Lib\site-packages\services\resource_manager\src\oci_cli_resource_manager__pycache__ -> G:\AI\E-zzio\runtime\cache__pycache__
2026-08-09 22:40:47.833 | MOVE CANDIDATE | C:\Users\enrik\lib\oracle-cli\Lib\site-packages\services\resource_manager\src\oci_cli_resource_manager\generated__pycache__ -> G:\AI\E-zzio\runtime\cache__pycache__
2026-08-09 22:40:47.834 | MOVE CANDIDATE | C:\Users\enrik\lib\oracle-cli\Lib\site-packages\services\resource_manager\tests__pycache__ -> G:\AI\E-zzio\runtime\cache__pycache__
2026-08-09 22:40:47.836 | MOVE CANDIDATE | C:\Users\enrik\lib\oracle-cli\Lib\site-packages\services\resource_scheduler__pycache__ -> G:\AI\E-zzio\runtime\cache__pycache__
2026-08-09 22:40:47.837 | MOVE CANDIDATE | C:\Users\enrik\lib\oracle-cli\Lib\site-packages\services\resource_scheduler\src__pycache__ -> G:\AI\E-zzio\runtime\cache__pycache__
2026-08-09 22:40:47.838 | MOVE CANDIDATE | C:\Users\enrik\lib\oracle-cli\Lib\site-packages\services\resource_scheduler\src\oci_cli_schedule__pycache__ -> G:\AI\E-zzio\runtime\cache__pycache__
2026-08-09 22:40:47.840 | MOVE CANDIDATE | C:\Users\enrik\lib\oracle-cli\Lib\site-packages\services\resource_scheduler\src\oci_cli_schedule\generated__pycache__ -> G:\AI\E-zzio\runtime\cache__pycache__
2026-08-09 22:40:47.841 | MOVE CANDIDATE | C:\Users\enrik\lib\oracle-cli\Lib\site-packages\services\resource_scheduler\tests__pycache__ -> G:\AI\E-zzio\runtime\cache__pycache__
2026-08-09 22:40:47.842 | MOVE CANDIDATE | C:\Users\enrik\lib\oracle-cli\Lib\site-packages\services\resource_search__pycache__ -> G:\AI\E-zzio\runtime\cache__pycache__
2026-08-09 22:40:47.843 | MOVE CANDIDATE | C:\Users\enrik\lib\oracle-cli\Lib\site-packages\services\resource_search\src__pycache__ -> G:\AI\E-zzio\runtime\cache__pycache__
2026-08-09 22:40:47.844 | MOVE CANDIDATE | C:\Users\enrik\lib\oracle-cli\Lib\site-packages\services\resource_search\src\oci_cli_resource_search__pycache__ -> G:\AI\E-zzio\runtime\cache__pycache__
2026-08-09 22:40:47.846 | MOVE CANDIDATE | C:\Users\enrik\lib\oracle-cli\Lib\site-packages\services\resource_search\src\oci_cli_resource_search\generated__pycache__ -> G:\AI\E-zzio\runtime\cache__pycache__
2026-08-09 22:40:47.847 | MOVE CANDIDATE | C:\Users\enrik\lib\oracle-cli\Lib\site-packages\services\resource_search\tests__pycache__ -> G:\AI\E-zzio\runtime\cache__pycache__
2026-08-09 22:40:47.848 | MOVE CANDIDATE | C:\Users\enrik\lib\oracle-cli\Lib\site-packages\services\rover__pycache__ -> G:\AI\E-zzio\runtime\cache__pycache__
2026-08-09 22:40:47.849 | MOVE CANDIDATE | C:\Users\enrik\lib\oracle-cli\Lib\site-packages\services\rover\src__pycache__ -> G:\AI\E-zzio\runtime\cache__pycache__
2026-08-09 22:40:47.850 | MOVE CANDIDATE | C:\Users\enrik\lib\oracle-cli\Lib\site-packages\services\rover\src\oci_cli_rover_bundle__pycache__ -> G:\AI\E-zzio\runtime\cache__pycache__
2026-08-09 22:40:47.852 | MOVE CANDIDATE | C:\Users\enrik\lib\oracle-cli\Lib\site-packages\services\rover\src\oci_cli_rover_bundle\generated__pycache__ -> G:\AI\E-zzio\runtime\cache__pycache__
2026-08-09 22:40:47.853 | MOVE CANDIDATE | C:\Users\enrik\lib\oracle-cli\Lib\site-packages\services\rover\src\oci_cli_rover_cluster__pycache__ -> G:\AI\E-zzio\runtime\cache__pycache__
2026-08-09 22:40:47.854 | MOVE CANDIDATE | C:\Users\enrik\lib\oracle-cli\Lib\site-packages\services\rover\src\oci_cli_rover_cluster\generated__pycache__ -> G:\AI\E-zzio\runtime\cache__pycache__
2026-08-09 22:40:47.855 | MOVE CANDIDATE | C:\Users\enrik\lib\oracle-cli\Lib\site-packages\services\rover\src\oci_cli_rover_entitlement__pycache__ -> G:\AI\E-zzio\runtime\cache__pycache__
2026-08-09 22:40:47.857 | MOVE CANDIDATE | C:\Users\enrik\lib\oracle-cli\Lib\site-packages\services\rover\src\oci_cli_rover_entitlement\generated__pycache__ -> G:\AI\E-zzio\runtime\cache__pycache__
2026-08-09 22:40:47.858 | MOVE CANDIDATE | C:\Users\enrik\lib\oracle-cli\Lib\site-packages\services\rover\src\oci_cli_rover_node__pycache__ -> G:\AI\E-zzio\runtime\cache__pycache__
2026-08-09 22:40:47.859 | MOVE CANDIDATE | C:\Users\enrik\lib\oracle-cli\Lib\site-packages\services\rover\src\oci_cli_rover_node\generated__pycache__ -> G:\AI\E-zzio\runtime\cache__pycache__
2026-08-09 22:40:47.860 | MOVE CANDIDATE | C:\Users\enrik\lib\oracle-cli\Lib\site-packages\services\rover\src\oci_cli_rover__pycache__ -> G:\AI\E-zzio\runtime\cache__pycache__
2026-08-09 22:40:47.861 | MOVE CANDIDATE | C:\Users\enrik\lib\oracle-cli\Lib\site-packages\services\rover\src\oci_cli_rover\generated__pycache__ -> G:\AI\E-zzio\runtime\cache__pycache__
2026-08-09 22:40:47.863 | MOVE CANDIDATE | C:\Users\enrik\lib\oracle-cli\Lib\site-packages\services\rover\src\oci_cli_shape__pycache__ -> G:\AI\E-zzio\runtime\cache__pycache__
2026-08-09 22:40:47.864 | MOVE CANDIDATE | C:\Users\enrik\lib\oracle-cli\Lib\site-packages\services\rover\src\oci_cli_shape\generated__pycache__ -> G:\AI\E-zzio\runtime\cache__pycache__
2026-08-09 22:40:47.865 | MOVE CANDIDATE | C:\Users\enrik\lib\oracle-cli\Lib\site-packages\services\rover\src\oci_cli_work_requests__pycache__ -> G:\AI\E-zzio\runtime\cache__pycache__
2026-08-09 22:40:47.867 | MOVE CANDIDATE | C:\Users\enrik\lib\oracle-cli\Lib\site-packages\services\rover\src\oci_cli_work_requests\generated__pycache__ -> G:\AI\E-zzio\runtime\cache__pycache__
2026-08-09 22:40:47.868 | MOVE CANDIDATE | C:\Users\enrik\lib\oracle-cli\Lib\site-packages\services\rover\tests__pycache__ -> G:\AI\E-zzio\runtime\cache__pycache__
2026-08-09 22:40:47.869 | MOVE CANDIDATE | C:\Users\enrik\lib\oracle-cli\Lib\site-packages\services\sch__pycache__ -> G:\AI\E-zzio\runtime\cache__pycache__
2026-08-09 22:40:47.874 | MOVE CANDIDATE | C:\Users\enrik\lib\oracle-cli\Lib\site-packages\services\sch\src__pycache__ -> G:\AI\E-zzio\runtime\cache__pycache__
2026-08-09 22:40:47.876 | MOVE CANDIDATE | C:\Users\enrik\lib\oracle-cli\Lib\site-packages\services\sch\src\oci_cli_connector_plugins__pycache__ -> G:\AI\E-zzio\runtime\cache__pycache__
2026-08-09 22:40:47.877 | MOVE CANDIDATE | C:\Users\enrik\lib\oracle-cli\Lib\site-packages\services\sch\src\oci_cli_connector_plugins\generated__pycache__ -> G:\AI\E-zzio\runtime\cache__pycache__
2026-08-09 22:40:47.878 | MOVE CANDIDATE | C:\Users\enrik\lib\oracle-cli\Lib\site-packages\services\sch\src\oci_cli_sch__pycache__ -> G:\AI\E-zzio\runtime\cache__pycache__
2026-08-09 22:40:47.879 | MOVE CANDIDATE | C:\Users\enrik\lib\oracle-cli\Lib\site-packages\services\sch\src\oci_cli_sch\generated__pycache__ -> G:\AI\E-zzio\runtime\cache__pycache__
2026-08-09 22:40:47.880 | MOVE CANDIDATE | C:\Users\enrik\lib\oracle-cli\Lib\site-packages\services\sch\src\oci_cli_service_connector__pycache__ -> G:\AI\E-zzio\runtime\cache__pycache__
2026-08-09 22:40:47.881 | MOVE CANDIDATE | C:\Users\enrik\lib\oracle-cli\Lib\site-packages\services\sch\src\oci_cli_service_connector\generated__pycache__ -> G:\AI\E-zzio\runtime\cache__pycache__
2026-08-09 22:40:47.883 | MOVE CANDIDATE | C:\Users\enrik\lib\oracle-cli\Lib\site-packages\services\sch\tests__pycache__ -> G:\AI\E-zzio\runtime\cache__pycache__
2026-08-09 22:40:47.884 | MOVE CANDIDATE | C:\Users\enrik\lib\oracle-cli\Lib\site-packages\services\secrets__pycache__ -> G:\AI\E-zzio\runtime\cache__pycache__
2026-08-09 22:40:47.886 | MOVE CANDIDATE | C:\Users\enrik\lib\oracle-cli\Lib\site-packages\services\secrets\src__pycache__ -> G:\AI\E-zzio\runtime\cache__pycache__
2026-08-09 22:40:47.887 | MOVE CANDIDATE | C:\Users\enrik\lib\oracle-cli\Lib\site-packages\services\secrets\src\oci_cli_secrets__pycache__ -> G:\AI\E-zzio\runtime\cache__pycache__
2026-08-09 22:40:47.889 | MOVE CANDIDATE | C:\Users\enrik\lib\oracle-cli\Lib\site-packages\services\secrets\src\oci_cli_secrets\generated__pycache__ -> G:\AI\E-zzio\runtime\cache__pycache__
2026-08-09 22:40:47.890 | MOVE CANDIDATE | C:\Users\enrik\lib\oracle-cli\Lib\site-packages\services\secrets\tests__pycache__ -> G:\AI\E-zzio\runtime\cache__pycache__
2026-08-09 22:40:47.891 | MOVE CANDIDATE | C:\Users\enrik\lib\oracle-cli\Lib\site-packages\services\security_attribute__pycache__ -> G:\AI\E-zzio\runtime\cache__pycache__
2026-08-09 22:40:47.892 | MOVE CANDIDATE | C:\Users\enrik\lib\oracle-cli\Lib\site-packages\services\security_attribute\src__pycache__ -> G:\AI\E-zzio\runtime\cache__pycache__
2026-08-09 22:40:47.894 | MOVE CANDIDATE | C:\Users\enrik\lib\oracle-cli\Lib\site-packages\services\security_attribute\src\oci_cli_security_attribute__pycache__ -> G:\AI\E-zzio\runtime\cache__pycache__
2026-08-09 22:40:47.895 | MOVE CANDIDATE | C:\Users\enrik\lib\oracle-cli\Lib\site-packages\services\security_attribute\src\oci_cli_security_attribute\generated__pycache__ -> G:\AI\E-zzio\runtime\cache__pycache__
2026-08-09 22:40:47.897 | MOVE CANDIDATE | C:\Users\enrik\lib\oracle-cli\Lib\site-packages\services\security_attribute\tests__pycache__ -> G:\AI\E-zzio\runtime\cache__pycache__
2026-08-09 22:40:47.898 | MOVE CANDIDATE | C:\Users\enrik\lib\oracle-cli\Lib\site-packages\services\self__pycache__ -> G:\AI\E-zzio\runtime\cache__pycache__
2026-08-09 22:40:47.899 | MOVE CANDIDATE | C:\Users\enrik\lib\oracle-cli\Lib\site-packages\services\self\src__pycache__ -> G:\AI\E-zzio\runtime\cache__pycache__
2026-08-09 22:40:47.900 | MOVE CANDIDATE | C:\Users\enrik\lib\oracle-cli\Lib\site-packages\services\self\src\oci_cli_partner_integeration__pycache__ -> G:\AI\E-zzio\runtime\cache__pycache__
2026-08-09 22:40:47.901 | MOVE CANDIDATE | C:\Users\enrik\lib\oracle-cli\Lib\site-packages\services\self\src\oci_cli_partner_integeration\generated__pycache__ -> G:\AI\E-zzio\runtime\cache__pycache__
2026-08-09 22:40:47.903 | MOVE CANDIDATE | C:\Users\enrik\lib\oracle-cli\Lib\site-packages\services\self\src\oci_cli_self__pycache__ -> G:\AI\E-zzio\runtime\cache__pycache__
2026-08-09 22:40:47.904 | MOVE CANDIDATE | C:\Users\enrik\lib\oracle-cli\Lib\site-packages\services\self\src\oci_cli_self\generated__pycache__ -> G:\AI\E-zzio\runtime\cache__pycache__
2026-08-09 22:40:47.905 | MOVE CANDIDATE | C:\Users\enrik\lib\oracle-cli\Lib\site-packages\services\self\src\oci_cli_subscription__pycache__ -> G:\AI\E-zzio\runtime\cache__pycache__
2026-08-09 22:40:47.906 | MOVE CANDIDATE | C:\Users\enrik\lib\oracle-cli\Lib\site-packages\services\self\src\oci_cli_subscription\generated__pycache__ -> G:\AI\E-zzio\runtime\cache__pycache__
2026-08-09 22:40:47.907 | MOVE CANDIDATE | C:\Users\enrik\lib\oracle-cli\Lib\site-packages\services\self\tests__pycache__ -> G:\AI\E-zzio\runtime\cache__pycache__
2026-08-09 22:40:47.908 | MOVE CANDIDATE | C:\Users\enrik\lib\oracle-cli\Lib\site-packages\services\service_catalog__pycache__ -> G:\AI\E-zzio\runtime\cache__pycache__
2026-08-09 22:40:47.909 | MOVE CANDIDATE | C:\Users\enrik\lib\oracle-cli\Lib\site-packages\services\service_catalog\src__pycache__ -> G:\AI\E-zzio\runtime\cache__pycache__
2026-08-09 22:40:47.910 | MOVE CANDIDATE | C:\Users\enrik\lib\oracle-cli\Lib\site-packages\services\service_catalog\src\oci_cli_service_catalog__pycache__ -> G:\AI\E-zzio\runtime\cache__pycache__
2026-08-09 22:40:47.912 | MOVE CANDIDATE | C:\Users\enrik\lib\oracle-cli\Lib\site-packages\services\service_catalog\src\oci_cli_service_catalog\generated__pycache__ -> G:\AI\E-zzio\runtime\cache__pycache__
2026-08-09 22:40:47.913 | MOVE CANDIDATE | C:\Users\enrik\lib\oracle-cli\Lib\site-packages\services\service_catalog\tests__pycache__ -> G:\AI\E-zzio\runtime\cache__pycache__
2026-08-09 22:40:47.915 | MOVE CANDIDATE | C:\Users\enrik\lib\oracle-cli\Lib\site-packages\services\service_manager_proxy__pycache__ -> G:\AI\E-zzio\runtime\cache__pycache__
2026-08-09 22:40:47.916 | MOVE CANDIDATE | C:\Users\enrik\lib\oracle-cli\Lib\site-packages\services\service_manager_proxy\src__pycache__ -> G:\AI\E-zzio\runtime\cache__pycache__
2026-08-09 22:40:47.917 | MOVE CANDIDATE | C:\Users\enrik\lib\oracle-cli\Lib\site-packages\services\service_manager_proxy\src\oci_cli_service_manager_proxy__pycache__ -> G:\AI\E-zzio\runtime\cache__pycache__
2026-08-09 22:40:47.918 | MOVE CANDIDATE | C:\Users\enrik\lib\oracle-cli\Lib\site-packages\services\service_manager_proxy\src\oci_cli_service_manager_proxy\generated__pycache__ -> G:\AI\E-zzio\runtime\cache__pycache__
2026-08-09 22:40:47.919 | MOVE CANDIDATE | C:\Users\enrik\lib\oracle-cli\Lib\site-packages\services\service_manager_proxy\tests__pycache__ -> G:\AI\E-zzio\runtime\cache__pycache__
2026-08-09 22:40:47.920 | MOVE CANDIDATE | C:\Users\enrik\lib\oracle-cli\Lib\site-packages\services\stack_monitoring__pycache__ -> G:\AI\E-zzio\runtime\cache__pycache__
2026-08-09 22:40:47.922 | MOVE CANDIDATE | C:\Users\enrik\lib\oracle-cli\Lib\site-packages\services\stack_monitoring\src__pycache__ -> G:\AI\E-zzio\runtime\cache__pycache__
2026-08-09 22:40:47.923 | MOVE CANDIDATE | C:\Users\enrik\lib\oracle-cli\Lib\site-packages\services\stack_monitoring\src\oci_cli_stack_monitoring__pycache__ -> G:\AI\E-zzio\runtime\cache__pycache__
2026-08-09 22:40:47.924 | MOVE CANDIDATE | C:\Users\enrik\lib\oracle-cli\Lib\site-packages\services\stack_monitoring\src\oci_cli_stack_monitoring\generated__pycache__ -> G:\AI\E-zzio\runtime\cache__pycache__
2026-08-09 22:40:47.926 | MOVE CANDIDATE | C:\Users\enrik\lib\oracle-cli\Lib\site-packages\services\stack_monitoring\tests__pycache__ -> G:\AI\E-zzio\runtime\cache__pycache__
2026-08-09 22:40:47.927 | MOVE CANDIDATE | C:\Users\enrik\lib\oracle-cli\Lib\site-packages\services\streaming__pycache__ -> G:\AI\E-zzio\runtime\cache__pycache__
2026-08-09 22:40:47.928 | MOVE CANDIDATE | C:\Users\enrik\lib\oracle-cli\Lib\site-packages\services\streaming\src__pycache__ -> G:\AI\E-zzio\runtime\cache__pycache__
2026-08-09 22:40:47.930 | MOVE CANDIDATE | C:\Users\enrik\lib\oracle-cli\Lib\site-packages\services\streaming\src\oci_cli_stream_admin__pycache__ -> G:\AI\E-zzio\runtime\cache__pycache__
2026-08-09 22:40:47.931 | MOVE CANDIDATE | C:\Users\enrik\lib\oracle-cli\Lib\site-packages\services\streaming\src\oci_cli_stream_admin\generated__pycache__ -> G:\AI\E-zzio\runtime\cache__pycache__
2026-08-09 22:40:47.932 | MOVE CANDIDATE | C:\Users\enrik\lib\oracle-cli\Lib\site-packages\services\streaming\src\oci_cli_stream__pycache__ -> G:\AI\E-zzio\runtime\cache__pycache__
2026-08-09 22:40:47.933 | MOVE CANDIDATE | C:\Users\enrik\lib\oracle-cli\Lib\site-packages\services\streaming\src\oci_cli_stream\generated__pycache__ -> G:\AI\E-zzio\runtime\cache__pycache__
2026-08-09 22:40:47.935 | MOVE CANDIDATE | C:\Users\enrik\lib\oracle-cli\Lib\site-packages\services\streaming\src\oci_cli_streaming__pycache__ -> G:\AI\E-zzio\runtime\cache__pycache__
2026-08-09 22:40:47.936 | MOVE CANDIDATE | C:\Users\enrik\lib\oracle-cli\Lib\site-packages\services\streaming\src\oci_cli_streaming\generated__pycache__ -> G:\AI\E-zzio\runtime\cache__pycache__
2026-08-09 22:40:47.937 | MOVE CANDIDATE | C:\Users\enrik\lib\oracle-cli\Lib\site-packages\services\streaming\tests__pycache__ -> G:\AI\E-zzio\runtime\cache__pycache__
2026-08-09 22:40:47.938 | MOVE CANDIDATE | C:\Users\enrik\lib\oracle-cli\Lib\site-packages\services\tenant_manager_control_plane__pycache__ -> G:\AI\E-zzio\runtime\cache__pycache__
2026-08-09 22:40:47.939 | MOVE CANDIDATE | C:\Users\enrik\lib\oracle-cli\Lib\site-packages\services\tenant_manager_control_plane\src__pycache__ -> G:\AI\E-zzio\runtime\cache__pycache__
2026-08-09 22:40:47.940 | MOVE CANDIDATE | C:\Users\enrik\lib\oracle-cli\Lib\site-packages\services\tenant_manager_control_plane\src\oci_cli_domain_governance__pycache__ -> G:\AI\E-zzio\runtime\cache__pycache__
2026-08-09 22:40:47.941 | MOVE CANDIDATE | C:\Users\enrik\lib\oracle-cli\Lib\site-packages\services\tenant_manager_control_plane\src\oci_cli_domain_governance\generated__pycache__ -> G:\AI\E-zzio\runtime\cache__pycache__
2026-08-09 22:40:47.942 | MOVE CANDIDATE | C:\Users\enrik\lib\oracle-cli\Lib\site-packages\services\tenant_manager_control_plane\src\oci_cli_domain__pycache__ -> G:\AI\E-zzio\runtime\cache__pycache__
2026-08-09 22:40:47.943 | MOVE CANDIDATE | C:\Users\enrik\lib\oracle-cli\Lib\site-packages\services\tenant_manager_control_plane\src\oci_cli_domain\generated__pycache__ -> G:\AI\E-zzio\runtime\cache__pycache__
2026-08-09 22:40:47.946 | MOVE CANDIDATE | C:\Users\enrik\lib\oracle-cli\Lib\site-packages\services\tenant_manager_control_plane\src\oci_cli_governance__pycache__ -> G:\AI\E-zzio\runtime\cache__pycache__
2026-08-09 22:40:47.947 | MOVE CANDIDATE | C:\Users\enrik\lib\oracle-cli\Lib\site-packages\services\tenant_manager_control_plane\src\oci_cli_governance\generated__pycache__ -> G:\AI\E-zzio\runtime\cache__pycache__
2026-08-09 22:40:47.948 | MOVE CANDIDATE | C:\Users\enrik\lib\oracle-cli\Lib\site-packages\services\tenant_manager_control_plane\src\oci_cli_link_features__pycache__ -> G:\AI\E-zzio\runtime\cache__pycache__
2026-08-09 22:40:47.949 | MOVE CANDIDATE | C:\Users\enrik\lib\oracle-cli\Lib\site-packages\services\tenant_manager_control_plane\src\oci_cli_link_features\generated__pycache__ -> G:\AI\E-zzio\runtime\cache__pycache__
2026-08-09 22:40:47.950 | MOVE CANDIDATE | C:\Users\enrik\lib\oracle-cli\Lib\site-packages\services\tenant_manager_control_plane\src\oci_cli_link__pycache__ -> G:\AI\E-zzio\runtime\cache__pycache__
2026-08-09 22:40:47.951 | MOVE CANDIDATE | C:\Users\enrik\lib\oracle-cli\Lib\site-packages\services\tenant_manager_control_plane\src\oci_cli_link\generated__pycache__ -> G:\AI\E-zzio\runtime\cache__pycache__
2026-08-09 22:40:47.952 | MOVE CANDIDATE | C:\Users\enrik\lib\oracle-cli\Lib\site-packages\services\tenant_manager_control_plane\src\oci_cli_orders__pycache__ -> G:\AI\E-zzio\runtime\cache__pycache__
2026-08-09 22:40:47.954 | MOVE CANDIDATE | C:\Users\enrik\lib\oracle-cli\Lib\site-packages\services\tenant_manager_control_plane\src\oci_cli_orders\generated__pycache__ -> G:\AI\E-zzio\runtime\cache__pycache__
2026-08-09 22:40:47.955 | MOVE CANDIDATE | C:\Users\enrik\lib\oracle-cli\Lib\site-packages\services\tenant_manager_control_plane\src\oci_cli_organization__pycache__ -> G:\AI\E-zzio\runtime\cache__pycache__
2026-08-09 22:40:47.956 | MOVE CANDIDATE | C:\Users\enrik\lib\oracle-cli\Lib\site-packages\services\tenant_manager_control_plane\src\oci_cli_organization\generated__pycache__ -> G:\AI\E-zzio\runtime\cache__pycache__
2026-08-09 22:40:47.957 | MOVE CANDIDATE | C:\Users\enrik\lib\oracle-cli\Lib\site-packages\services\tenant_manager_control_plane\src\oci_cli_recipient_invitation__pycache__ -> G:\AI\E-zzio\runtime\cache__pycache__
2026-08-09 22:40:47.958 | MOVE CANDIDATE | C:\Users\enrik\lib\oracle-cli\Lib\site-packages\services\tenant_manager_control_plane\src\oci_cli_recipient_invitation\generated__pycache__ -> G:\AI\E-zzio\runtime\cache__pycache__
2026-08-09 22:40:47.959 | MOVE CANDIDATE | C:\Users\enrik\lib\oracle-cli\Lib\site-packages\services\tenant_manager_control_plane\src\oci_cli_sender_invitation__pycache__ -> G:\AI\E-zzio\runtime\cache__pycache__
2026-08-09 22:40:47.965 | MOVE CANDIDATE | C:\Users\enrik\lib\oracle-cli\Lib\site-packages\services\tenant_manager_control_plane\src\oci_cli_sender_invitation\generated__pycache__ -> G:\AI\E-zzio\runtime\cache__pycache__
2026-08-09 22:40:47.966 | MOVE CANDIDATE | C:\Users\enrik\lib\oracle-cli\Lib\site-packages\services\tenant_manager_control_plane\src\oci_cli_subscription__pycache__ -> G:\AI\E-zzio\runtime\cache__pycache__
2026-08-09 22:40:47.967 | MOVE CANDIDATE | C:\Users\enrik\lib\oracle-cli\Lib\site-packages\services\tenant_manager_control_plane\src\oci_cli_subscription\generated__pycache__ -> G:\AI\E-zzio\runtime\cache__pycache__
2026-08-09 22:40:47.968 | MOVE CANDIDATE | C:\Users\enrik\lib\oracle-cli\Lib\site-packages\services\tenant_manager_control_plane\src\oci_cli_tenant_manager_control_plane__pycache__ -> G:\AI\E-zzio\runtime\cache__pycache__
2026-08-09 22:40:47.969 | MOVE CANDIDATE | C:\Users\enrik\lib\oracle-cli\Lib\site-packages\services\tenant_manager_control_plane\src\oci_cli_tenant_manager_control_plane\generated__pycache__ -> G:\AI\E-zzio\runtime\cache__pycache__
2026-08-09 22:40:47.970 | MOVE CANDIDATE | C:\Users\enrik\lib\oracle-cli\Lib\site-packages\services\tenant_manager_control_plane\src\oci_cli_work_request__pycache__ -> G:\AI\E-zzio\runtime\cache__pycache__
2026-08-09 22:40:47.972 | MOVE CANDIDATE | C:\Users\enrik\lib\oracle-cli\Lib\site-packages\services\tenant_manager_control_plane\src\oci_cli_work_request\generated__pycache__ -> G:\AI\E-zzio\runtime\cache__pycache__
2026-08-09 22:40:47.973 | MOVE CANDIDATE | C:\Users\enrik\lib\oracle-cli\Lib\site-packages\services\tenant_manager_control_plane\tests__pycache__ -> G:\AI\E-zzio\runtime\cache__pycache__
2026-08-09 22:40:47.974 | MOVE CANDIDATE | C:\Users\enrik\lib\oracle-cli\Lib\site-packages\services\threat_intelligence__pycache__ -> G:\AI\E-zzio\runtime\cache__pycache__
2026-08-09 22:40:47.975 | MOVE CANDIDATE | C:\Users\enrik\lib\oracle-cli\Lib\site-packages\services\threat_intelligence\src__pycache__ -> G:\AI\E-zzio\runtime\cache__pycache__
2026-08-09 22:40:47.977 | MOVE CANDIDATE | C:\Users\enrik\lib\oracle-cli\Lib\site-packages\services\threat_intelligence\src\oci_cli_threatintel__pycache__ -> G:\AI\E-zzio\runtime\cache__pycache__
2026-08-09 22:40:47.978 | MOVE CANDIDATE | C:\Users\enrik\lib\oracle-cli\Lib\site-packages\services\threat_intelligence\src\oci_cli_threatintel\generated__pycache__ -> G:\AI\E-zzio\runtime\cache__pycache__
2026-08-09 22:40:47.979 | MOVE CANDIDATE | C:\Users\enrik\lib\oracle-cli\Lib\site-packages\services\threat_intelligence\tests__pycache__ -> G:\AI\E-zzio\runtime\cache__pycache__
2026-08-09 22:40:47.980 | MOVE CANDIDATE | C:\Users\enrik\lib\oracle-cli\Lib\site-packages\services\usage_api__pycache__ -> G:\AI\E-zzio\runtime\cache__pycache__
2026-08-09 22:40:47.981 | MOVE CANDIDATE | C:\Users\enrik\lib\oracle-cli\Lib\site-packages\services\usage_api\src__pycache__ -> G:\AI\E-zzio\runtime\cache__pycache__
2026-08-09 22:40:47.982 | MOVE CANDIDATE | C:\Users\enrik\lib\oracle-cli\Lib\site-packages\services\usage_api\src\oci_cli_usageapi__pycache__ -> G:\AI\E-zzio\runtime\cache__pycache__
2026-08-09 22:40:47.984 | MOVE CANDIDATE | C:\Users\enrik\lib\oracle-cli\Lib\site-packages\services\usage_api\src\oci_cli_usageapi\generated__pycache__ -> G:\AI\E-zzio\runtime\cache__pycache__
2026-08-09 22:40:47.985 | MOVE CANDIDATE | C:\Users\enrik\lib\oracle-cli\Lib\site-packages\services\usage_api\tests__pycache__ -> G:\AI\E-zzio\runtime\cache__pycache__
2026-08-09 22:40:47.986 | MOVE CANDIDATE | C:\Users\enrik\lib\oracle-cli\Lib\site-packages\services\usage__pycache__ -> G:\AI\E-zzio\runtime\cache__pycache__
2026-08-09 22:40:47.987 | MOVE CANDIDATE | C:\Users\enrik\lib\oracle-cli\Lib\site-packages\services\usage\src__pycache__ -> G:\AI\E-zzio\runtime\cache__pycache__
2026-08-09 22:40:47.988 | MOVE CANDIDATE | C:\Users\enrik\lib\oracle-cli\Lib\site-packages\services\usage\src\oci_cli_resources__pycache__ -> G:\AI\E-zzio\runtime\cache__pycache__
2026-08-09 22:40:47.990 | MOVE CANDIDATE | C:\Users\enrik\lib\oracle-cli\Lib\site-packages\services\usage\src\oci_cli_resources\generated__pycache__ -> G:\AI\E-zzio\runtime\cache__pycache__
2026-08-09 22:40:47.991 | MOVE CANDIDATE | C:\Users\enrik\lib\oracle-cli\Lib\site-packages\services\usage\src\oci_cli_rewards__pycache__ -> G:\AI\E-zzio\runtime\cache__pycache__
2026-08-09 22:40:47.992 | MOVE CANDIDATE | C:\Users\enrik\lib\oracle-cli\Lib\site-packages\services\usage\src\oci_cli_rewards\generated__pycache__ -> G:\AI\E-zzio\runtime\cache__pycache__
2026-08-09 22:40:47.993 | MOVE CANDIDATE | C:\Users\enrik\lib\oracle-cli\Lib\site-packages\services\usage\src\oci_cli_usage__pycache__ -> G:\AI\E-zzio\runtime\cache__pycache__
2026-08-09 22:40:47.994 | MOVE CANDIDATE | C:\Users\enrik\lib\oracle-cli\Lib\site-packages\services\usage\src\oci_cli_usage\generated__pycache__ -> G:\AI\E-zzio\runtime\cache__pycache__
2026-08-09 22:40:47.995 | MOVE CANDIDATE | C:\Users\enrik\lib\oracle-cli\Lib\site-packages\services\usage\src\oci_cli_usagelimits__pycache__ -> G:\AI\E-zzio\runtime\cache__pycache__
2026-08-09 22:40:47.996 | MOVE CANDIDATE | C:\Users\enrik\lib\oracle-cli\Lib\site-packages\services\usage\src\oci_cli_usagelimits\generated__pycache__ -> G:\AI\E-zzio\runtime\cache__pycache__
2026-08-09 22:40:47.997 | MOVE CANDIDATE | C:\Users\enrik\lib\oracle-cli\Lib\site-packages\services\usage\tests__pycache__ -> G:\AI\E-zzio\runtime\cache__pycache__
2026-08-09 22:40:47.998 | MOVE CANDIDATE | C:\Users\enrik\lib\oracle-cli\Lib\site-packages\services\vault__pycache__ -> G:\AI\E-zzio\runtime\cache__pycache__
2026-08-09 22:40:47.999 | MOVE CANDIDATE | C:\Users\enrik\lib\oracle-cli\Lib\site-packages\services\vault\src__pycache__ -> G:\AI\E-zzio\runtime\cache__pycache__
2026-08-09 22:40:48.000 | MOVE CANDIDATE | C:\Users\enrik\lib\oracle-cli\Lib\site-packages\services\vault\src\oci_cli_vaults__pycache__ -> G:\AI\E-zzio\runtime\cache__pycache__
2026-08-09 22:40:48.002 | MOVE CANDIDATE | C:\Users\enrik\lib\oracle-cli\Lib\site-packages\services\vault\src\oci_cli_vaults\generated__pycache__ -> G:\AI\E-zzio\runtime\cache__pycache__
2026-08-09 22:40:48.003 | MOVE CANDIDATE | C:\Users\enrik\lib\oracle-cli\Lib\site-packages\services\vault\tests__pycache__ -> G:\AI\E-zzio\runtime\cache__pycache__
2026-08-09 22:40:48.004 | MOVE CANDIDATE | C:\Users\enrik\lib\oracle-cli\Lib\site-packages\services\vbs_inst__pycache__ -> G:\AI\E-zzio\runtime\cache__pycache__
2026-08-09 22:40:48.006 | MOVE CANDIDATE | C:\Users\enrik\lib\oracle-cli\Lib\site-packages\services\vbs_inst\src__pycache__ -> G:\AI\E-zzio\runtime\cache__pycache__
2026-08-09 22:40:48.008 | MOVE CANDIDATE | C:\Users\enrik\lib\oracle-cli\Lib\site-packages\services\vbs_inst\src\oci_cli_vbs_instance__pycache__ -> G:\AI\E-zzio\runtime\cache__pycache__
2026-08-09 22:40:48.009 | MOVE CANDIDATE | C:\Users\enrik\lib\oracle-cli\Lib\site-packages\services\vbs_inst\src\oci_cli_vbs_instance\generated__pycache__ -> G:\AI\E-zzio\runtime\cache__pycache__
2026-08-09 22:40:48.010 | MOVE CANDIDATE | C:\Users\enrik\lib\oracle-cli\Lib\site-packages\services\vbs_inst\tests__pycache__ -> G:\AI\E-zzio\runtime\cache__pycache__
2026-08-09 22:40:48.011 | MOVE CANDIDATE | C:\Users\enrik\lib\oracle-cli\Lib\site-packages\services\visual_builder__pycache__ -> G:\AI\E-zzio\runtime\cache__pycache__
2026-08-09 22:40:48.012 | MOVE CANDIDATE | C:\Users\enrik\lib\oracle-cli\Lib\site-packages\services\visual_builder\src__pycache__ -> G:\AI\E-zzio\runtime\cache__pycache__
2026-08-09 22:40:48.013 | MOVE CANDIDATE | C:\Users\enrik\lib\oracle-cli\Lib\site-packages\services\visual_builder\src\oci_cli_vb_instance__pycache__ -> G:\AI\E-zzio\runtime\cache__pycache__
2026-08-09 22:40:48.014 | MOVE CANDIDATE | C:\Users\enrik\lib\oracle-cli\Lib\site-packages\services\visual_builder\src\oci_cli_vb_instance\generated__pycache__ -> G:\AI\E-zzio\runtime\cache__pycache__
2026-08-09 22:40:48.016 | MOVE CANDIDATE | C:\Users\enrik\lib\oracle-cli\Lib\site-packages\services\visual_builder\tests__pycache__ -> G:\AI\E-zzio\runtime\cache__pycache__
2026-08-09 22:40:48.017 | MOVE CANDIDATE | C:\Users\enrik\lib\oracle-cli\Lib\site-packages\services\vn_monitoring__pycache__ -> G:\AI\E-zzio\runtime\cache__pycache__
2026-08-09 22:40:48.018 | MOVE CANDIDATE | C:\Users\enrik\lib\oracle-cli\Lib\site-packages\services\vn_monitoring\src__pycache__ -> G:\AI\E-zzio\runtime\cache__pycache__
2026-08-09 22:40:48.019 | MOVE CANDIDATE | C:\Users\enrik\lib\oracle-cli\Lib\site-packages\services\vn_monitoring\src\oci_cli_vn_monitoring__pycache__ -> G:\AI\E-zzio\runtime\cache__pycache__
2026-08-09 22:40:48.020 | MOVE CANDIDATE | C:\Users\enrik\lib\oracle-cli\Lib\site-packages\services\vn_monitoring\src\oci_cli_vn_monitoring\generated__pycache__ -> G:\AI\E-zzio\runtime\cache__pycache__
2026-08-09 22:40:48.022 | MOVE CANDIDATE | C:\Users\enrik\lib\oracle-cli\Lib\site-packages\services\vn_monitoring\tests__pycache__ -> G:\AI\E-zzio\runtime\cache__pycache__
2026-08-09 22:40:48.023 | MOVE CANDIDATE | C:\Users\enrik\lib\oracle-cli\Lib\site-packages\services\vulnerability_scanning__pycache__ -> G:\AI\E-zzio\runtime\cache__pycache__
2026-08-09 22:40:48.024 | MOVE CANDIDATE | C:\Users\enrik\lib\oracle-cli\Lib\site-packages\services\vulnerability_scanning\src__pycache__ -> G:\AI\E-zzio\runtime\cache__pycache__
2026-08-09 22:40:48.026 | MOVE CANDIDATE | C:\Users\enrik\lib\oracle-cli\Lib\site-packages\services\vulnerability_scanning\src\oci_cli_vulnerability_scanning__pycache__ -> G:\AI\E-zzio\runtime\cache__pycache__
2026-08-09 22:40:48.027 | MOVE CANDIDATE | C:\Users\enrik\lib\oracle-cli\Lib\site-packages\services\vulnerability_scanning\src\oci_cli_vulnerability_scanning\generated__pycache__ -> G:\AI\E-zzio\runtime\cache__pycache__
2026-08-09 22:40:48.028 | MOVE CANDIDATE | C:\Users\enrik\lib\oracle-cli\Lib\site-packages\services\vulnerability_scanning\tests__pycache__ -> G:\AI\E-zzio\runtime\cache__pycache__
2026-08-09 22:40:48.029 | MOVE CANDIDATE | C:\Users\enrik\lib\oracle-cli\Lib\site-packages\services\waa__pycache__ -> G:\AI\E-zzio\runtime\cache__pycache__
2026-08-09 22:40:48.030 | MOVE CANDIDATE | C:\Users\enrik\lib\oracle-cli\Lib\site-packages\services\waa\src__pycache__ -> G:\AI\E-zzio\runtime\cache__pycache__
2026-08-09 22:40:48.031 | MOVE CANDIDATE | C:\Users\enrik\lib\oracle-cli\Lib\site-packages\services\waa\src\oci_cli_waa__pycache__ -> G:\AI\E-zzio\runtime\cache__pycache__
2026-08-09 22:40:48.032 | MOVE CANDIDATE | C:\Users\enrik\lib\oracle-cli\Lib\site-packages\services\waa\src\oci_cli_waa\generated__pycache__ -> G:\AI\E-zzio\runtime\cache__pycache__
2026-08-09 22:40:48.033 | MOVE CANDIDATE | C:\Users\enrik\lib\oracle-cli\Lib\site-packages\services\waa\src\oci_cli_work_request__pycache__ -> G:\AI\E-zzio\runtime\cache__pycache__
2026-08-09 22:40:48.034 | MOVE CANDIDATE | C:\Users\enrik\lib\oracle-cli\Lib\site-packages\services\waa\src\oci_cli_work_request\generated__pycache__ -> G:\AI\E-zzio\runtime\cache__pycache__
2026-08-09 22:40:48.036 | MOVE CANDIDATE | C:\Users\enrik\lib\oracle-cli\Lib\site-packages\services\waa\tests__pycache__ -> G:\AI\E-zzio\runtime\cache__pycache__
2026-08-09 22:40:48.038 | MOVE CANDIDATE | C:\Users\enrik\lib\oracle-cli\Lib\site-packages\services\waas__pycache__ -> G:\AI\E-zzio\runtime\cache__pycache__
2026-08-09 22:40:48.039 | MOVE CANDIDATE | C:\Users\enrik\lib\oracle-cli\Lib\site-packages\services\waas\src__pycache__ -> G:\AI\E-zzio\runtime\cache__pycache__
2026-08-09 22:40:48.040 | MOVE CANDIDATE | C:\Users\enrik\lib\oracle-cli\Lib\site-packages\services\waas\src\oci_cli_redirect__pycache__ -> G:\AI\E-zzio\runtime\cache__pycache__
2026-08-09 22:40:48.041 | MOVE CANDIDATE | C:\Users\enrik\lib\oracle-cli\Lib\site-packages\services\waas\src\oci_cli_redirect\generated__pycache__ -> G:\AI\E-zzio\runtime\cache__pycache__
2026-08-09 22:40:48.042 | MOVE CANDIDATE | C:\Users\enrik\lib\oracle-cli\Lib\site-packages\services\waas\src\oci_cli_waas__pycache__ -> G:\AI\E-zzio\runtime\cache__pycache__
2026-08-09 22:40:48.043 | MOVE CANDIDATE | C:\Users\enrik\lib\oracle-cli\Lib\site-packages\services\waas\src\oci_cli_waas\generated__pycache__ -> G:\AI\E-zzio\runtime\cache__pycache__
2026-08-09 22:40:48.044 | MOVE CANDIDATE | C:\Users\enrik\lib\oracle-cli\Lib\site-packages\services\waas\tests__pycache__ -> G:\AI\E-zzio\runtime\cache__pycache__
2026-08-09 22:40:48.046 | MOVE CANDIDATE | C:\Users\enrik\lib\oracle-cli\Lib\site-packages\services\waf__pycache__ -> G:\AI\E-zzio\runtime\cache__pycache__
2026-08-09 22:40:48.047 | MOVE CANDIDATE | C:\Users\enrik\lib\oracle-cli\Lib\site-packages\services\waf\src__pycache__ -> G:\AI\E-zzio\runtime\cache__pycache__
2026-08-09 22:40:48.052 | MOVE CANDIDATE | C:\Users\enrik\lib\oracle-cli\Lib\site-packages\services\waf\src\oci_cli_waf__pycache__ -> G:\AI\E-zzio\runtime\cache__pycache__
2026-08-09 22:40:48.053 | MOVE CANDIDATE | C:\Users\enrik\lib\oracle-cli\Lib\site-packages\services\waf\src\oci_cli_waf\generated__pycache__ -> G:\AI\E-zzio\runtime\cache__pycache__
2026-08-09 22:40:48.054 | MOVE CANDIDATE | C:\Users\enrik\lib\oracle-cli\Lib\site-packages\services\waf\tests__pycache__ -> G:\AI\E-zzio\runtime\cache__pycache__
2026-08-09 22:40:48.055 | MOVE CANDIDATE | C:\Users\enrik\lib\oracle-cli\Lib\site-packages\services\wlms__pycache__ -> G:\AI\E-zzio\runtime\cache__pycache__
2026-08-09 22:40:48.057 | MOVE CANDIDATE | C:\Users\enrik\lib\oracle-cli\Lib\site-packages\services\wlms\src__pycache__ -> G:\AI\E-zzio\runtime\cache__pycache__
2026-08-09 22:40:48.058 | MOVE CANDIDATE | C:\Users\enrik\lib\oracle-cli\Lib\site-packages\services\wlms\src\oci_cli_weblogic_management_service_configuration__pycache__ -> G:\AI\E-zzio\runtime\cache__pycache__
2026-08-09 22:40:48.059 | MOVE CANDIDATE | C:\Users\enrik\lib\oracle-cli\Lib\site-packages\services\wlms\src\oci_cli_weblogic_management_service_configuration\generated__pycache__ -> G:\AI\E-zzio\runtime\cache__pycache__
2026-08-09 22:40:48.060 | MOVE CANDIDATE | C:\Users\enrik\lib\oracle-cli\Lib\site-packages\services\wlms\src\oci_cli_weblogic_management_service__pycache__ -> G:\AI\E-zzio\runtime\cache__pycache__
2026-08-09 22:40:48.061 | MOVE CANDIDATE | C:\Users\enrik\lib\oracle-cli\Lib\site-packages\services\wlms\src\oci_cli_weblogic_management_service\generated__pycache__ -> G:\AI\E-zzio\runtime\cache__pycache__
2026-08-09 22:40:48.062 | MOVE CANDIDATE | C:\Users\enrik\lib\oracle-cli\Lib\site-packages\services\wlms\src\oci_cli_wlms__pycache__ -> G:\AI\E-zzio\runtime\cache__pycache__
2026-08-09 22:40:48.063 | MOVE CANDIDATE | C:\Users\enrik\lib\oracle-cli\Lib\site-packages\services\wlms\src\oci_cli_wlms\generated__pycache__ -> G:\AI\E-zzio\runtime\cache__pycache__
2026-08-09 22:40:48.065 | MOVE CANDIDATE | C:\Users\enrik\lib\oracle-cli\Lib\site-packages\services\wlms\tests__pycache__ -> G:\AI\E-zzio\runtime\cache__pycache__
2026-08-09 22:40:48.066 | MOVE CANDIDATE | C:\Users\enrik\lib\oracle-cli\Lib\site-packages\services\work_requests__pycache__ -> G:\AI\E-zzio\runtime\cache__pycache__
2026-08-09 22:40:48.068 | MOVE CANDIDATE | C:\Users\enrik\lib\oracle-cli\Lib\site-packages\services\work_requests\src__pycache__ -> G:\AI\E-zzio\runtime\cache__pycache__
2026-08-09 22:40:48.069 | MOVE CANDIDATE | C:\Users\enrik\lib\oracle-cli\Lib\site-packages\services\work_requests\src\oci_cli_work_request__pycache__ -> G:\AI\E-zzio\runtime\cache__pycache__
2026-08-09 22:40:48.070 | MOVE CANDIDATE | C:\Users\enrik\lib\oracle-cli\Lib\site-packages\services\work_requests\src\oci_cli_work_request\generated__pycache__ -> G:\AI\E-zzio\runtime\cache__pycache__
2026-08-09 22:40:48.071 | MOVE CANDIDATE | C:\Users\enrik\lib\oracle-cli\Lib\site-packages\services\work_requests\tests__pycache__ -> G:\AI\E-zzio\runtime\cache__pycache__
2026-08-09 22:40:48.073 | MOVE CANDIDATE | C:\Users\enrik\lib\oracle-cli\Lib\site-packages\services\zpr__pycache__ -> G:\AI\E-zzio\runtime\cache__pycache__
2026-08-09 22:40:48.074 | MOVE CANDIDATE | C:\Users\enrik\lib\oracle-cli\Lib\site-packages\services\zpr\src__pycache__ -> G:\AI\E-zzio\runtime\cache__pycache__
2026-08-09 22:40:48.075 | MOVE CANDIDATE | C:\Users\enrik\lib\oracle-cli\Lib\site-packages\services\zpr\src\oci_cli_zpr__pycache__ -> G:\AI\E-zzio\runtime\cache__pycache__
2026-08-09 22:40:48.076 | MOVE CANDIDATE | C:\Users\enrik\lib\oracle-cli\Lib\site-packages\services\zpr\src\oci_cli_zpr\generated__pycache__ -> G:\AI\E-zzio\runtime\cache__pycache__
2026-08-09 22:40:48.077 | MOVE CANDIDATE | C:\Users\enrik\lib\oracle-cli\Lib\site-packages\services\zpr\tests__pycache__ -> G:\AI\E-zzio\runtime\cache__pycache__
2026-08-09 22:40:48.078 | MOVE CANDIDATE | C:\Users\enrik\lib\oracle-cli\Lib\site-packages\setuptools__pycache__ -> G:\AI\E-zzio\runtime\cache__pycache__
2026-08-09 22:40:48.079 | MOVE CANDIDATE | C:\Users\enrik\lib\oracle-cli\Lib\site-packages\setuptools_distutils__pycache__ -> G:\AI\E-zzio\runtime\cache__pycache__
2026-08-09 22:40:48.080 | MOVE CANDIDATE | C:\Users\enrik\lib\oracle-cli\Lib\site-packages\setuptools_distutils\command__pycache__ -> G:\AI\E-zzio\runtime\cache__pycache__
2026-08-09 22:40:48.082 | MOVE CANDIDATE | C:\Users\enrik\lib\oracle-cli\Lib\site-packages\setuptools_distutils\compat__pycache__ -> G:\AI\E-zzio\runtime\cache__pycache__
2026-08-09 22:40:48.083 | MOVE CANDIDATE | C:\Users\enrik\lib\oracle-cli\Lib\site-packages\setuptools_distutils\compilers\C__pycache__ -> G:\AI\E-zzio\runtime\cache__pycache__
2026-08-09 22:40:48.084 | MOVE CANDIDATE | C:\Users\enrik\lib\oracle-cli\Lib\site-packages\setuptools_distutils\compilers\C\tests__pycache__ -> G:\AI\E-zzio\runtime\cache__pycache__
2026-08-09 22:40:48.086 | MOVE CANDIDATE | C:\Users\enrik\lib\oracle-cli\Lib\site-packages\setuptools_distutils\tests__pycache__ -> G:\AI\E-zzio\runtime\cache__pycache__
2026-08-09 22:40:48.087 | MOVE CANDIDATE | C:\Users\enrik\lib\oracle-cli\Lib\site-packages\setuptools_distutils\tests\compat__pycache__ -> G:\AI\E-zzio\runtime\cache__pycache__
2026-08-09 22:40:48.088 | MOVE CANDIDATE | C:\Users\enrik\lib\oracle-cli\Lib\site-packages\setuptools_vendor\autocommand__pycache__ -> G:\AI\E-zzio\runtime\cache__pycache__
2026-08-09 22:40:48.089 | MOVE CANDIDATE | C:\Users\enrik\lib\oracle-cli\Lib\site-packages\setuptools_vendor\backports__pycache__ -> G:\AI\E-zzio\runtime\cache__pycache__
2026-08-09 22:40:48.091 | MOVE CANDIDATE | C:\Users\enrik\lib\oracle-cli\Lib\site-packages\setuptools_vendor\backports\tarfile__pycache__ -> G:\AI\E-zzio\runtime\cache__pycache__
2026-08-09 22:40:48.092 | MOVE CANDIDATE | C:\Users\enrik\lib\oracle-cli\Lib\site-packages\setuptools_vendor\backports\tarfile\compat__pycache__ -> G:\AI\E-zzio\runtime\cache__pycache__
2026-08-09 22:40:48.093 | MOVE CANDIDATE | C:\Users\enrik\lib\oracle-cli\Lib\site-packages\setuptools_vendor\importlib_metadata__pycache__ -> G:\AI\E-zzio\runtime\cache__pycache__
2026-08-09 22:40:48.094 | MOVE CANDIDATE | C:\Users\enrik\lib\oracle-cli\Lib\site-packages\setuptools_vendor\importlib_metadata\compat__pycache__ -> G:\AI\E-zzio\runtime\cache__pycache__
2026-08-09 22:40:48.095 | MOVE CANDIDATE | C:\Users\enrik\lib\oracle-cli\Lib\site-packages\setuptools_vendor\jaraco\context__pycache__ -> G:\AI\E-zzio\runtime\cache__pycache__
2026-08-09 22:40:48.097 | MOVE CANDIDATE | C:\Users\enrik\lib\oracle-cli\Lib\site-packages\setuptools_vendor\jaraco\functools__pycache__ -> G:\AI\E-zzio\runtime\cache__pycache__
2026-08-09 22:40:48.098 | MOVE CANDIDATE | C:\Users\enrik\lib\oracle-cli\Lib\site-packages\setuptools_vendor\jaraco\text__pycache__ -> G:\AI\E-zzio\runtime\cache__pycache__
2026-08-09 22:40:48.100 | MOVE CANDIDATE | C:\Users\enrik\lib\oracle-cli\Lib\site-packages\setuptools_vendor\more_itertools__pycache__ -> G:\AI\E-zzio\runtime\cache__pycache__
2026-08-09 22:40:48.101 | MOVE CANDIDATE | C:\Users\enrik\lib\oracle-cli\Lib\site-packages\setuptools_vendor\packaging__pycache__ -> G:\AI\E-zzio\runtime\cache__pycache__
2026-08-09 22:40:48.102 | MOVE CANDIDATE | C:\Users\enrik\lib\oracle-cli\Lib\site-packages\setuptools_vendor\packaging\licenses__pycache__ -> G:\AI\E-zzio\runtime\cache__pycache__
2026-08-09 22:40:48.104 | MOVE CANDIDATE | C:\Users\enrik\lib\oracle-cli\Lib\site-packages\setuptools_vendor\platformdirs__pycache__ -> G:\AI\E-zzio\runtime\cache__pycache__
2026-08-09 22:40:48.105 | MOVE CANDIDATE | C:\Users\enrik\lib\oracle-cli\Lib\site-packages\setuptools_vendor\tomli__pycache__ -> G:\AI\E-zzio\runtime\cache__pycache__
2026-08-09 22:40:48.106 | MOVE CANDIDATE | C:\Users\enrik\lib\oracle-cli\Lib\site-packages\setuptools_vendor\wheel__pycache__ -> G:\AI\E-zzio\runtime\cache__pycache__
2026-08-09 22:40:48.108 | MOVE CANDIDATE | C:\Users\enrik\lib\oracle-cli\Lib\site-packages\setuptools_vendor\wheel_commands__pycache__ -> G:\AI\E-zzio\runtime\cache__pycache__
2026-08-09 22:40:48.109 | MOVE CANDIDATE | C:\Users\enrik\lib\oracle-cli\Lib\site-packages\setuptools_vendor\zipp__pycache__ -> G:\AI\E-zzio\runtime\cache__pycache__
2026-08-09 22:40:48.110 | MOVE CANDIDATE | C:\Users\enrik\lib\oracle-cli\Lib\site-packages\setuptools_vendor\zipp\compat__pycache__ -> G:\AI\E-zzio\runtime\cache__pycache__
2026-08-09 22:40:48.111 | MOVE CANDIDATE | C:\Users\enrik\lib\oracle-cli\Lib\site-packages\setuptools\command__pycache__ -> G:\AI\E-zzio\runtime\cache__pycache__
2026-08-09 22:40:48.112 | MOVE CANDIDATE | C:\Users\enrik\lib\oracle-cli\Lib\site-packages\setuptools\compat__pycache__ -> G:\AI\E-zzio\runtime\cache__pycache__
2026-08-09 22:40:48.114 | MOVE CANDIDATE | C:\Users\enrik\lib\oracle-cli\Lib\site-packages\setuptools\config__pycache__ -> G:\AI\E-zzio\runtime\cache__pycache__
2026-08-09 22:40:48.116 | MOVE CANDIDATE | C:\Users\enrik\lib\oracle-cli\Lib\site-packages\setuptools\config_validate_pyproject__pycache__ -> G:\AI\E-zzio\runtime\cache__pycache__
2026-08-09 22:40:48.117 | MOVE CANDIDATE | C:\Users\enrik\lib\oracle-cli\Lib\site-packages\setuptools\tests__pycache__ -> G:\AI\E-zzio\runtime\cache__pycache__
2026-08-09 22:40:48.118 | MOVE CANDIDATE | C:\Users\enrik\lib\oracle-cli\Lib\site-packages\setuptools\tests\compat__pycache__ -> G:\AI\E-zzio\runtime\cache__pycache__
2026-08-09 22:40:48.119 | MOVE CANDIDATE | C:\Users\enrik\lib\oracle-cli\Lib\site-packages\setuptools\tests\config__pycache__ -> G:\AI\E-zzio\runtime\cache__pycache__
2026-08-09 22:40:48.120 | MOVE CANDIDATE | C:\Users\enrik\lib\oracle-cli\Lib\site-packages\setuptools\tests\config\downloads__pycache__ -> G:\AI\E-zzio\runtime\cache__pycache__
2026-08-09 22:40:48.121 | MOVE CANDIDATE | C:\Users\enrik\lib\oracle-cli\Lib\site-packages\setuptools\tests\integration__pycache__ -> G:\AI\E-zzio\runtime\cache__pycache__
2026-08-09 22:40:48.122 | MOVE CANDIDATE | C:\Users\enrik\lib\oracle-cli\Lib\site-packages\terminaltables__pycache__ -> G:\AI\E-zzio\runtime\cache__pycache__
2026-08-09 22:40:48.124 | MOVE CANDIDATE | C:\Users\enrik\lib\oracle-cli\Lib\site-packages\tzdata__pycache__ -> G:\AI\E-zzio\runtime\cache__pycache__
2026-08-09 22:40:48.125 | MOVE CANDIDATE | C:\Users\enrik\lib\oracle-cli\Lib\site-packages\tzdata\zoneinfo__pycache__ -> G:\AI\E-zzio\runtime\cache__pycache__
2026-08-09 22:40:48.126 | MOVE CANDIDATE | C:\Users\enrik\lib\oracle-cli\Lib\site-packages\tzdata\zoneinfo\Africa__pycache__ -> G:\AI\E-zzio\runtime\cache__pycache__
2026-08-09 22:40:48.127 | MOVE CANDIDATE | C:\Users\enrik\lib\oracle-cli\Lib\site-packages\tzdata\zoneinfo\America__pycache__ -> G:\AI\E-zzio\runtime\cache__pycache__
2026-08-09 22:40:48.128 | MOVE CANDIDATE | C:\Users\enrik\lib\oracle-cli\Lib\site-packages\tzdata\zoneinfo\America\Argentina__pycache__ -> G:\AI\E-zzio\runtime\cache__pycache__
2026-08-09 22:40:48.129 | MOVE CANDIDATE | C:\Users\enrik\lib\oracle-cli\Lib\site-packages\tzdata\zoneinfo\America\Indiana__pycache__ -> G:\AI\E-zzio\runtime\cache__pycache__
2026-08-09 22:40:48.131 | MOVE CANDIDATE | C:\Users\enrik\lib\oracle-cli\Lib\site-packages\tzdata\zoneinfo\America\Kentucky__pycache__ -> G:\AI\E-zzio\runtime\cache__pycache__
2026-08-09 22:40:48.132 | MOVE CANDIDATE | C:\Users\enrik\lib\oracle-cli\Lib\site-packages\tzdata\zoneinfo\America\North_Dakota__pycache__ -> G:\AI\E-zzio\runtime\cache__pycache__
2026-08-09 22:40:48.133 | MOVE CANDIDATE | C:\Users\enrik\lib\oracle-cli\Lib\site-packages\tzdata\zoneinfo\Antarctica__pycache__ -> G:\AI\E-zzio\runtime\cache__pycache__
2026-08-09 22:40:48.134 | MOVE CANDIDATE | C:\Users\enrik\lib\oracle-cli\Lib\site-packages\tzdata\zoneinfo\Arctic__pycache__ -> G:\AI\E-zzio\runtime\cache__pycache__
2026-08-09 22:40:48.135 | MOVE CANDIDATE | C:\Users\enrik\lib\oracle-cli\Lib\site-packages\tzdata\zoneinfo\Asia__pycache__ -> G:\AI\E-zzio\runtime\cache__pycache__
2026-08-09 22:40:48.136 | MOVE CANDIDATE | C:\Users\enrik\lib\oracle-cli\Lib\site-packages\tzdata\zoneinfo\Atlantic__pycache__ -> G:\AI\E-zzio\runtime\cache__pycache__
2026-08-09 22:40:48.137 | MOVE CANDIDATE | C:\Users\enrik\lib\oracle-cli\Lib\site-packages\tzdata\zoneinfo\Australia__pycache__ -> G:\AI\E-zzio\runtime\cache__pycache__
2026-08-09 22:40:48.142 | MOVE CANDIDATE | C:\Users\enrik\lib\oracle-cli\Lib\site-packages\tzdata\zoneinfo\Brazil__pycache__ -> G:\AI\E-zzio\runtime\cache__pycache__
2026-08-09 22:40:48.144 | MOVE CANDIDATE | C:\Users\enrik\lib\oracle-cli\Lib\site-packages\tzdata\zoneinfo\Canada__pycache__ -> G:\AI\E-zzio\runtime\cache__pycache__
2026-08-09 22:40:48.145 | MOVE CANDIDATE | C:\Users\enrik\lib\oracle-cli\Lib\site-packages\tzdata\zoneinfo\Chile__pycache__ -> G:\AI\E-zzio\runtime\cache__pycache__
2026-08-09 22:40:48.147 | MOVE CANDIDATE | C:\Users\enrik\lib\oracle-cli\Lib\site-packages\tzdata\zoneinfo\Etc__pycache__ -> G:\AI\E-zzio\runtime\cache__pycache__
2026-08-09 22:40:48.148 | MOVE CANDIDATE | C:\Users\enrik\lib\oracle-cli\Lib\site-packages\tzdata\zoneinfo\Europe__pycache__ -> G:\AI\E-zzio\runtime\cache__pycache__
2026-08-09 22:40:48.149 | MOVE CANDIDATE | C:\Users\enrik\lib\oracle-cli\Lib\site-packages\tzdata\zoneinfo\Indian__pycache__ -> G:\AI\E-zzio\runtime\cache__pycache__
2026-08-09 22:40:48.150 | MOVE CANDIDATE | C:\Users\enrik\lib\oracle-cli\Lib\site-packages\tzdata\zoneinfo\Mexico__pycache__ -> G:\AI\E-zzio\runtime\cache__pycache__
2026-08-09 22:40:48.151 | MOVE CANDIDATE | C:\Users\enrik\lib\oracle-cli\Lib\site-packages\tzdata\zoneinfo\Pacific__pycache__ -> G:\AI\E-zzio\runtime\cache__pycache__
2026-08-09 22:40:48.152 | MOVE CANDIDATE | C:\Users\enrik\lib\oracle-cli\Lib\site-packages\tzdata\zoneinfo\US__pycache__ -> G:\AI\E-zzio\runtime\cache__pycache__
2026-08-09 22:40:48.153 | MOVE CANDIDATE | C:\Users\enrik\lib\oracle-cli\Lib\site-packages\urllib3__pycache__ -> G:\AI\E-zzio\runtime\cache__pycache__
2026-08-09 22:40:48.154 | MOVE CANDIDATE | C:\Users\enrik\lib\oracle-cli\Lib\site-packages\urllib3\contrib__pycache__ -> G:\AI\E-zzio\runtime\cache__pycache__
2026-08-09 22:40:48.155 | MOVE CANDIDATE | C:\Users\enrik\lib\oracle-cli\Lib\site-packages\urllib3\contrib\emscripten__pycache__ -> G:\AI\E-zzio\runtime\cache__pycache__
2026-08-09 22:40:48.157 | MOVE CANDIDATE | C:\Users\enrik\lib\oracle-cli\Lib\site-packages\urllib3\http2__pycache__ -> G:\AI\E-zzio\runtime\cache__pycache__
2026-08-09 22:40:48.158 | MOVE CANDIDATE | C:\Users\enrik\lib\oracle-cli\Lib\site-packages\urllib3\util__pycache__ -> G:\AI\E-zzio\runtime\cache__pycache__
2026-08-09 22:40:48.159 | MOVE CANDIDATE | C:\Users\enrik\lib\oracle-cli\Lib\site-packages\wcwidth__pycache__ -> G:\AI\E-zzio\runtime\cache__pycache__
2026-08-09 22:40:48.160 | MOVE CANDIDATE | C:\Users\enrik\lib\oracle-cli\Lib\site-packages\wcwidth\table_grapheme_overrides__pycache__ -> G:\AI\E-zzio\runtime\cache__pycache__
2026-08-09 22:40:48.162 | MOVE CANDIDATE | C:\Users\enrik\lib\oracle-cli\Lib\site-packages\wheel__pycache__ -> G:\AI\E-zzio\runtime\cache__pycache__
2026-08-09 22:40:48.163 | MOVE CANDIDATE | C:\Users\enrik\lib\oracle-cli\Lib\site-packages\wheel_commands__pycache__ -> G:\AI\E-zzio\runtime\cache__pycache__
2026-08-09 22:40:48.164 | MOVE CANDIDATE | C:\Users\enrik\lib\oracle-cli\Lib\site-packages\yaml__pycache__ -> G:\AI\E-zzio\runtime\cache__pycache__
2026-08-09 22:40:48.166 | MOVE CANDIDATE | C:\Users\enrik\lib\oracle-cli\Scripts__pycache__ -> G:\AI\E-zzio\runtime\cache__pycache__
2026-08-09 22:41:08.607 | MOVED=4 FAILED=0 SKIPPED=1767 RESIDUAL=0
